1.85	0.0660	Ziggurat District © | 7:29 AN
1.85	0.4691	Normal
1.85	0.5448	Kurast Undercity f'ì
1.85	0.9183	District Run Py
2.88	0.0659	Ziggurat District © | 7:29 AN
2.88	0.1160	FLOOR
2.88	0.1546	1/3
2.88	0.2723	150
2.88	0.4691	Normal
2.88	0.5430	Kurast Undercity
2.88	0.5911	III IV
2.88	0.6856	Reward Upgrades (0/4)
2.88	0.7448	Attunement: Ignite Beacons, Slay
2.88	0.7814	Monsters
2.88	0.8256	Time Bonus: Slay Afflicted Monsters
2.88	0.8651	Reach District Boss before time expires
2.88	0.9192	District Run
4.05	0.0670	Ziggurat District © | 7:29 AM
4.05	0.1160	FLOOR
4.05	0.1538	1/3
4.05	0.2723	150
4.05	0.4699	Normal
4.05	0.5438	Kurast Undercity
4.05	0.5911	III IV
4.05	0.6856	Reward Upgrades (0/4) •
4.05	0.7440	Attunement: Ignite Beacons, Slay
4.05	0.7807	Monsters
4.05	0.8263	Time Bonus: Slay Afflicted Monsters
4.05	0.8668	Reach District Boss before time expires •
4.05	0.9192	District Run
5.12	0.0670	Ziggurat District © | 7:29 AM
5.12	0.1160	FLOOR
5.12	0.1546	1/3
5.12	0.2723	150
5.12	0.4699	Normal
5.12	0.5438	Kurast Undercity
5.12	0.5911	III IV
5.12	0.6856	Reward Upgrades (0/4) •
5.12	0.7440	Attunement: Ignite Beacons, Slay
5.12	0.7807	Monsters
5.12	0.8263	Time Bonus: Slay Afflicted Monsters
5.12	0.8667	Reach District Boss before time expires •
5.12	0.9192	District Run
6.18	0.0659	Ziggurat District © | 7:29 AN
6.18	0.1164	FLOOR
6.18	0.1538	1/3
6.18	0.2723	150
6.18	0.4699	Normal
6.18	0.5438	Kurast Undercity
6.18	0.5911	-IV
6.18	0.6856	Reward Upgrades (0/4)
6.18	0.7399	& Attunement: Ignite Beacons, Slay
6.18	0.7807	Monsters
6.18	0.8222	Z Time Bonus: Slay Afflicted Monsters *
6.18	0.8651	Reach District Boss before time expires
6.18	0.9192	District Run
7.21	0.0670	Ziggurat District © | 7:29 AM
7.21	0.1160	FLOOR
7.21	0.1546	1/3
7.21	0.2732	149
7.21	0.4691	Normal
7.21	0.5438	Kurast Undercity
7.21	0.5911	IV
7.21	0.6856	Reward Upgrades (0/4) •
7.21	0.7440	Attunement: Ignite Beacons, Slay
7.21	0.7807	Monsters
7.21	0.8209	- Time Bonus: Slay Afflicted Monsters
7.21	0.8667	Reach District Boss before time expires •
7.21	0.9192	District Run
8.23	0.0658	Ziggurat District © | 7:29 AN
8.23	0.1160	FLOOR
8.23	0.1546	1/3
8.23	0.2732	148
8.23	0.4691	Normal
8.23	0.5438	Kurast Undercity
8.23	0.5911	IV
8.23	0.6856	Reward Upgrades (0/4) •
8.23	0.7440	Attunement: Ignite Beacons, Slay
8.23	0.7823	Monsters
8.23	0.8251	- Time Bonus: Slay Afflicted Monsters
8.23	0.8667	Reach District Boss before time expires •
8.23	0.9192	District Run
9.28	0.0658	Ziggurat District © | 7:29 AN
9.28	0.1160	FLOOR
9.28	0.1538	1/3
9.28	0.2732	147
9.28	0.4691	Normal
9.28	0.5438	Kurast Undercity
9.28	0.5919	IV
9.28	0.6856	Reward Upgrades (0/4) •
9.28	0.7440	Attunement: Ignite Beacons, Slay
9.28	0.7823	Monsters
9.28	0.8187	- Time Bonus: Slay Afflicted Monsters
9.28	0.8660	Reach District Boss before time expires •
9.28	0.9192	District Run
10.31	0.0659	Ziggurat District © | 7:29 AN
10.31	0.1160	FLOOR
10.31	0.1546	1/3
10.31	0.2732	146
10.31	0.4699	Normal
10.31	0.5438	Kurast Undercity
10.31	0.5919	IV
10.31	0.6856	Reward Upgrades (0/4) •
10.31	0.7440	Attunement: Ignite Beacons, Slay
10.31	0.7807	Monsters
10.31	0.8218	Z Time Bonus: Slay Afflicted Monsters •
10.31	0.8667	Reach District Boss before time expires •
10.31	0.9192	District Run
12.61	0.0658	Ziggurat District © | 7:29 AN
12.61	0.1164	FLOOR
12.61	0.1538	1/3
12.61	0.2732	144
12.61	0.4691	Normal
12.61	0.5438	Kurast Undercity
12.61	0.5919	IV
12.61	0.6856	Reward Upgrades (0/4)
12.61	0.7410	& Attunement: Ignite Beacons, Slay
12.61	0.7815	Monsters
12.61	0.8229	Time Bonus: Slay Afflicted Monsters *
12.61	0.8667	Reach District Boss before time expires •
12.61	0.9192	District Run
13.63	0.0648	Ziggurat District © | 7:29 AN
13.63	0.1160	FLOOR
13.63	0.1538	1/3
13.63	0.2732	143
13.63	0.4699	Normal
13.63	0.5455	Kurast Undercity fa
13.63	0.5928	I HI IV
13.63	0.6856	Reward Upgrades (0/4) •
13.63	0.7399	& Attunement: Ignite Beacons, Slay
13.63	0.7807	Monsters
13.63	0.8239	• Time Bonus: Slay Afflicted Monsters
13.63	0.8649	Reach District Boss before time expires
13.63	0.9189	District Run fel
14.68	0.0646	Ziggurat District © | 7:29 AN
14.68	0.1160	FLOOR
14.68	0.1538	1/3
14.68	0.2741	142
14.68	0.4699	Normal
14.68	0.5463	Kurast Undercity fa
14.68	0.5911	IV
14.68	0.6856	Reward Upgrades (0/4) •
14.68	0.7410	& Attunement: Ignite Beacons, Slay
14.68	0.7814	Monsters
14.68	0.8242	Z Time Bonus: Slay Afflicted Monsters
14.68	0.8668	Reach District Boss before time expires •
14.68	0.9192	District Run
15.70	0.0647	Ziggurat District © | 7:29 AN
15.70	0.1160	FLOOR
15.70	0.1538	1/3
15.70	0.2732	140
15.70	0.4691	Normal
15.70	0.5455	Kurast Undercity fa
15.70	0.5911	AIV
15.70	0.6856	Reward Upgrades (0/4) •
15.70	0.7393	& Attunement: Ignite Beacons, Slay •
15.70	0.7814	Monsters
15.70	0.8242	• Time Bonus: Slay Afflicted Monsters
15.70	0.8668	Reach District Boss before time expires •
15.70	0.9192	District Run
16.74	0.0647	Ziggurat District © | 7:29 AN
16.74	0.1160	FLOOR
16.74	0.1538	1/3
16.74	0.2741	139
16.74	0.4691	Normal
16.74	0.5463	Kurast Undercity fa
16.74	0.5919	JIV
16.74	0.6856	Reward Upgrades (0/4) •
16.74	0.7411	& Attunement: Ignite Beacons, Slay
16.74	0.7814	Monsters
16.74	0.8229	Time Bonus: Slay Afflicted Monsters •
16.74	0.8651	Reach District Boss before time expires
16.74	0.9192	District Run
17.83	0.0646	Ziggurat District © 7:29 AM
17.83	0.1160	FLOOR
17.83	0.1546	1/3
17.83	0.2732	138
17.83	0.4699	Normal
17.83	0.5438	Kurast Undercity
17.83	0.5911	IV
17.83	0.6856	Reward Upgrades (0/4) •
17.83	0.7440	Attunement: Ignite Beacons, Slay
17.83	0.7814	Monsters
17.83	0.8263	Time Bonus: Slay Afflicted Monsters
17.83	0.8667	Reach District Boss before time expires •
17.83	0.9192	District Run
18.92	0.0658	Ziggurat District ©1 7:29 AN
18.92	0.1160	FLOOR
18.92	0.1538	1/3
18.92	0.2732	137
18.92	0.4699	Normal
18.92	0.5438	Kurast Undercity
18.92	0.5911	IV
18.92	0.6856	Reward Upgrades (0/4) •
18.92	0.7440	Attunement: Ignite Beacons, Slay
18.92	0.7814	Monsters
18.92	0.8222	& Time Bonus: Slay Afflicted Monsters •
18.92	0.8660	Reach District Boss before time expires •
18.92	0.9192	District Run
19.95	0.0659	Ziggurat District © | 7:29 AN
19.95	0.1160	FLOOR
19.95	0.1546	1/3
19.95	0.2732	136
19.95	0.4691	Normal
19.95	0.5430	Kurast Undercity
19.95	0.5919	IV
19.95	0.6856	Reward Upgrades (0/4) •
19.95	0.7102	Heathen's Wheel
19.95	0.7428	& Attunement Ignite Beacons, Slay
19.95	0.7814	Monsters
19.95	0.8243	- Time Bonus: Slay Afflicted Monsters
19.95	0.8667	Reach District Boss before time expires •
19.95	0.9192	District Run
20.98	0.0670	Ziggurat District © | 7:30 AM
20.98	0.1135	FLOOR
20.98	0.1546	1/3
20.98	0.2732	135
20.98	0.4212	Heathen's Wneel
20.98	0.4562	Afflicted
20.98	0.4691	Normal
20.98	0.5438	Kurast Undercity
20.98	0.5919	IV
20.98	0.6856	Reward Upgrades (0/4) •
20.98	0.7399	& Attunement: Ignite Beacons, Slay
20.98	0.7807	Monsters
20.98	0.8233	& Time Bonus: Slay Afflicted Monsters
20.98	0.8648	Reach District Boss before time expires
20.98	0.9179	District Run fY
22.04	0.0659	Ziggurat District © | 7:30 AN
22.04	0.1160	FLOOR
22.04	0.1538	1/3
22.04	0.2732	134
22.04	0.4699	Normal
22.04	0.5438	Kurast Undercity
22.04	0.5919	IV
22.04	0.6853	Reward Upgrades (0/4) •
22.04	0.7416	& Attunement:Ignite Beacons|Slay
22.04	0.7809	AfflictedMonsters
22.04	0.8250	Time Bonus: Slay Afflicted Monsters
22.04	0.8667	Reach District Boss before time expires •
22.04	0.9181	District Run f
23.09	0.0658	Ziggurat District © | 7:30 AN
23.09	0.1160	FLOOR
23.09	0.1538	1/3
23.09	0.2732	133
23.09	0.4691	Normal
23.09	0.5430	Kurast Undercity
23.09	0.5911	III IV
23.09	0.6615	Heathen's Wheel
23.09	0.6881	teward upgrades (0/4)
23.09	0.7401	& Attunement: Ignite Beacons, Slay
23.09	0.7792	Monsters
23.09	0.8187	& Time Bonus: Slay Afflicted Monsters
23.09	0.8651	Reach District Boss before time expires
23.09	0.9192	District Run
24.17	0.0670	Ziggurat District © | 7:30 AM
24.17	0.1160	FLOOR
24.17	0.1546	1/3
24.17	0.2732	132
24.17	0.3746	Heath
24.17	0.3746	a's Wheel
24.17	0.4141	Aimercu
24.17	0.4691	Normal
24.17	0.5438	Kurast Undercity
24.17	0.5911	IV
24.17	0.6856	Reward Upgrades (0/4) •
24.17	0.7410	& Attunement: Ignite Beacons, Slay
24.17	0.7807	Monsters
24.17	0.8231	- Time Bonus: Slay Afflicted Monsters
24.17	0.8647	Reach District Boss before time expires
24.17	0.9192	District Run
25.26	0.0670	Ziggurat District © | 7:30 AM
25.26	0.1160	FLOOR
25.26	0.1546	1/3
25.26	0.2736	131
25.26	0.4691	Normal
25.26	0.5438	Kurast Undercity
25.26	0.5919	IV
25.26	0.6856	Reward Upgrades (0/4) •
25.26	0.7411	& Attunement: Ignite Beacons, Slay
25.26	0.7807	Monsters
25.26	0.8235	- Time Bonus: Slay Afflicted Monsters •
25.26	0.8660	Reach District Boss before time expires •
25.26	0.9202	District Run
26.30	0.0653	| 7:30 AM
26.30	0.0670	Ziggurat District ©
26.30	0.1160	FLOOR
26.30	0.1546	1/3
26.30	0.2732	130
26.30	0.4699	Normal
26.30	0.5430	Kurast Undercity
26.30	0.5926	IV
26.30	0.6856	Reward Upgrades (0/4)
26.30	0.7401	& Attunement: Ignite Beacons, Slay
26.30	0.7807	Monsters
26.30	0.8240	- Time Bonus: Slay Afflicted Monsters
26.30	0.8660	Reach District Boss before time expires •
26.30	0.9192	District Run
27.35	0.0658	Ziggurat District © | 7:30 AN
27.35	0.1160	FLOOR
27.35	0.1538	1/3
27.35	0.2732	129
27.35	0.4699	Normal
27.35	0.5438	Kurast Undercity
27.35	0.5911	IV
27.35	0.6856	Reward Upgrades (0/4) •
27.35	0.7412	& Attunement: Ignite Beacons, Slay
27.35	0.7816	Monsters
27.35	0.8263	Time Bonus: Slay Afflicted Monsters
27.35	0.8667	Reach District Boss before time expires •
27.35	0.9192	District Run
28.40	0.0533	Heathen's Wheel
28.40	0.0646	Ziggurat District © | 7:30 AM
28.40	0.0902	Afflicted
28.40	0.1168	FLOOR
28.40	0.1546	1/3
28.40	0.2732	128
28.40	0.4691	Normal
28.40	0.5430	Kurast Undercity
28.40	0.5911	IV
28.40	0.6856	Reward Upgrades (0/4) •
28.40	0.7440	Attunement: Ignite Beacons, Slay
28.40	0.7807	Monsters
28.40	0.8242	Z Time Bonus: Slay Afflicted Monsters
28.40	0.8667	Reach District Boss before time expires •
28.40	0.9192	District Run
29.46	0.0627	Heathenziggufat District © | 7:30 AN
29.46	0.0919	Afflize
29.46	0.1160	FLOOR
29.46	0.1546	1/3
29.46	0.2732	127
29.46	0.3265	Z
29.46	0.4699	Normal
29.46	0.5438	Kurast Undercity
29.46	0.5911	IV
29.46	0.6856	Reward Upgrades (0/4) •
29.46	0.7431	Attunement: Ignite Beacons, Slay •
29.46	0.7807	Monsters
29.46	0.8222	& Time Bonus: Slay Afflicted Monsters *
29.46	0.8660	Reach District Boss before time expires •
29.46	0.9192	District Run
30.48	0.0627	Heathenziggufat District © | 7:30 AN
30.48	0.0906	Afflize
30.48	0.1168	FLOOR
30.48	0.1546	1/3
30.48	0.2732	126
30.48	0.4699	Normal
30.48	0.5438	Kurast Undercity
30.48	0.5911	III IV
30.48	0.6856	Reward Upgrades (0/4) •
30.48	0.7431	Attunement: Ignite Beacons, Slay •
30.48	0.7807	Monsters
30.48	0.8222	& Time Bonus: Slay Afflicted Monsters *
30.48	0.8667	Reach District Boss before time expires •
30.48	0.9192	District Run
31.77	0.0631	Ziggurat District © | 7.30 AN
31.77	0.0919	AffI
31.77	0.1160	FLOOR
31.77	0.1546	1/3
31.77	0.2741	124
31.77	0.4699	Normal
31.77	0.5427	Kurast Undercity
31.77	0.6856	Reward Upgrades (0/4) •
31.77	0.7409	& Attunement: Ignite Beacons, Slay
31.77	0.7807	Monsters
31.77	0.8226	- Time Bonus: Slay Afflicted Monsters •
31.77	0.8659	Reach District Boss before time expires •
31.77	0.9192	District Run
32.86	0.0658	Ziggurat District © | 7:30 AN
32.86	0.1168	FLOOR
32.86	0.1546	1/3
32.86	0.2732	123
32.86	0.4699	Normal
32.86	0.5455	Kurast Undercity fa
32.86	0.5919	100L
32.86	0.5928	IV
32.86	0.6856	Reward Upgrades (0/4) •
32.86	0.7410	& Attunement: Ignite Beacons, Slay
32.86	0.7813	Monsters
32.86	0.8239	Time Bonus: Slay Afflicted Monsters
32.86	0.8649	Reach District Boss before time expires
32.86	0.9179	District Run f
33.89	0.0659	Ziggurat District © | 7:30 AM
33.89	0.1168	FLOOR
33.89	0.1546	1/3
33.89	0.2741	122
33.89	0.4699	Normal
33.89	0.5438	Kurast Undercity
33.89	0.5911	IV
33.89	0.6856	Reward Upgrades (0/4) •
33.89	0.7440	Attunement: Ignite Beacons, Slay
33.89	0.7807	Monsters
33.89	0.8263	Time Bonus: Slay Afflicted Monsters
33.89	0.8660	Reach District Boss before time expires •
33.89	0.9192	District Run
34.94	0.0670	Ziggurat District © | 7:30 AM
34.94	0.1168	FLOOR
34.94	0.1546	1/3
34.94	0.2732	121
34.94	0.4691	Normal
34.94	0.5430	Kurast Undercity
34.94	0.5911	III IV
34.94	0.6856	Reward Upgrades (0/4) •
34.94	0.7412	& Attunement: Ignite Beacons, Slay
34.94	0.7807	Monsters
34.94	0.8263	Time Bonus: Slay Afflicted Monsters
34.94	0.8667	Reach District Boss before time expires •
34.94	0.9192	District Run
36.00	0.0670	Ziggurat District © | 7:30 AM
36.00	0.1168	FLOOR
36.00	0.1546	1/3
36.00	0.2741	120
36.00	0.4691	Normal
36.00	0.5438	Kurast Undercity
36.00	0.5911	IV
36.00	0.6856	Reward Upgrades (0/4) •
36.00	0.7410	& Attunement: Ignite Beacons, Slay
36.00	0.7807	Monsters
36.00	0.8263	Time Bonus: Slay Afflicted Monsters
36.00	0.8647	Reach District Boss before time expires
36.00	0.9192	District Run
37.03	0.0670	Ziggurat District © | 7:30 AM
37.03	0.1168	FLOOR
37.03	0.1546	1/3
37.03	0.2732	119
37.03	0.4699	Normal
37.03	0.5438	Kurast Undercity
37.03	0.5911	IV
37.03	0.6856	Reward Upgrades (0/4) •
37.03	0.7440	Attunement: Ignite Beacons, Slay
37.03	0.7814	Monsters
37.03	0.8277	Time Bonus: Slay Afflicted Monsters
37.03	0.8660	Reach District Boss before time expires •
37.03	0.9192	District Run
38.07	0.0670	Ziggurat District © | 7:30 AM
38.07	0.1160	FLOOR
38.07	0.1546	1/3
38.07	0.2741	118
38.07	0.4699	Normal
38.07	0.5438	Kurast Undercity
38.07	0.5919	III IV
38.07	0.6856	Reward Upgrades (0/4) •
38.07	0.7440	Attunement: Ignite Beacons, Slay
38.07	0.7807	Monsters
38.07	0.8250	Time Bonus: Slay Afflicted Monsters
38.07	0.8667	Reach District Boss before time expires •
38.07	0.9192	District Run
39.11	0.0670	Ziggurat District © | 7:30 AM
39.11	0.1168	FLOOR
39.11	0.1546	1/3
39.11	0.2732	117
39.11	0.4699	Normal
39.11	0.5438	Kurast Undercity
39.11	0.5911	IV
39.11	0.6856	Reward Upgrades (0/4) •
39.11	0.7440	Attunement: Ignite Beacons, Slay
39.11	0.7814	Monsters
39.11	0.8252	Time Bonus: Slay Afflicted Monsters
39.11	0.8667	Reach District Boss before time expires •
39.11	0.9192	District Run
40.13	0.0644	0 | 7:30 AM
40.13	0.0670	Ziggurat District ©
40.13	0.1160	FLOOR
40.13	0.1546	1/3
40.13	0.2741	116
40.13	0.4699	Normal
40.13	0.5438	Kurast Undercity
40.13	0.5911	IV
40.13	0.6856	Reward Upgrades (0/4) •
40.13	0.7397	& Attunement: Ignite Beacons, Slay
40.13	0.7814	Monsters
40.13	0.8250	- Time Bonus: Slay Afflicted Monsters
40.13	0.8667	Reach District Boss before time expires •
40.13	0.9192	District Run
41.17	0.0670	Ziggurat District © | 7:30 AM
41.17	0.1168	FLOOR
41.17	0.1546	1/3
41.17	0.2741	115
41.17	0.4691	Normal
41.17	0.5438	Kurast Undercity
41.17	0.5919	IV
41.17	0.6856	Reward Upgrades (0/4) •
41.17	0.7440	Attunement: Ignite Beacons, Slay
41.17	0.7816	Monsters
41.17	0.8187	& Time Bonus: Slay Afflicted Monsters
41.17	0.8667	Reach District Boss before time expires •
41.17	0.9192	District Run
42.22	0.0670	Ziggurat District © | 7:30 AM
42.22	0.1168	FLOOR
42.22	0.1546	1/3
42.22	0.2732	114
42.22	0.4699	Normal
42.22	0.5438	Kurast Undercity
42.22	0.5911	IV
42.22	0.6856	Reward Upgrades (0/4) •
42.22	0.7440	Attunement: Ignite Beacons, Slay
42.22	0.7815	Monsters
42.22	0.8250	• Time Bonus: Slay Afflicted Monsters
42.22	0.8668	Reach District Boss before time expires •
42.22	0.9184	District Run
43.24	0.0670	Ziggurat District © | 7:30 AM
43.24	0.1168	FLOOR
43.24	0.1546	1/3
43.24	0.2732	113
43.24	0.4699	Normal
43.24	0.5438	Kurast Undercity
43.24	0.5919	IV
43.24	0.6856	Reward Upgrades (0/4) •
43.24	0.7440	Attunement: Ignite Beacons, Slay
43.24	0.7807	Monsters
43.24	0.8249	• Time Bonus: Slay Afflicted Monsters
43.24	0.8645	Reach District Boss before time expires
43.24	0.9176	District Run fA
44.28	0.0670	Ziggurat District © | 7:30 AM
44.28	0.1166	FLOOR
44.28	0.1546	1/3
44.28	0.2732	112
44.28	0.4699	Normal
44.28	0.5430	Kurast Undercity
44.28	0.5911	IV
44.28	0.6856	Reward Upgrades (0/4)
44.28	0.7440	Attunement: Ignite Beacons, Slay
44.28	0.7823	Monsters
44.28	0.8250	• Time Bonus: Slay Afflicted Monsters
44.28	0.8686	Reach District Boss before time expires
44.28	0.9192	District Run
45.33	0.0658	Ziggurat District © | 7:30 AN
45.33	0.1160	FLOOR
45.33	0.1546	1/3
45.33	0.2732	111
45.33	0.4699	Normal
45.33	0.5438	Kurast Undercity
45.33	0.5911	IV
45.33	0.6856	Reward Upgrades (0/4) •
45.33	0.7440	Attunement: Ignite Beacons, Slay
45.33	0.7823	Monsters
45.33	0.8250	Time Bonus: Slay Afflicted Monsters
45.33	0.8667	Reach District Boss before time expires •
45.33	0.9192	District Run
46.40	0.0644	† 7:30 AM
46.40	0.0667	4ıggurat District C
46.40	0.1160	FLOOR
46.40	0.1546	1/3
46.40	0.2741	110
46.40	0.4699	Normal
46.40	0.5438	Kurast Undercity
46.40	0.5911	• IV
46.40	0.6856	Reward Upgrades (0/4) •
46.40	0.7425	& Attunement: Ignite Beacons, Slay
46.40	0.7823	Monsters
46.40	0.8263	• Time Bonus: Slay Afflicted Monsters
46.40	0.8660	Reach District Boss before time expires •
46.40	0.9192	District Run
47.42	0.0658	Ziggurat District © | 7:30 AN
47.42	0.1160	FLOOR
47.42	0.1546	1/3
47.42	0.2723	109
47.42	0.4699	Normal
47.42	0.5438	Kurast Undercity
47.42	0.5919	IV
47.42	0.6856	Reward Upgrades (0/4) •
47.42	0.7410	& Attunement: Ignite Beacons, Slay
47.42	0.7814	Monsters
47.42	0.8263	Time Bonus: Slay Afflicted Monsters
47.42	0.8667	Reach District Boss before time expires •
47.42	0.9192	District Run
48.45	0.0670	Ziggurat District © | 7:30 AM
48.45	0.1168	FLOOR
48.45	0.1546	1/3
48.45	0.2732	108
48.45	0.4699	Normal
48.45	0.5438	Kurast Undercity
48.45	0.5911	IV
48.45	0.6856	Reward Upgrades (0/4) •
48.45	0.7440	Attunement: Ignite Beacons, Slay
48.45	0.7814	Monsters
48.45	0.8229	Time Bonus: Slay Afflicted Monsters •
48.45	0.8667	Reach District Boss before time expires •
48.45	0.9192	District Run
49.47	0.0658	Ziggurat District © | 7:30 AN
49.47	0.1160	FLOOR
49.47	0.1538	1/3
49.47	0.2723	107
49.47	0.4699	Normal
49.47	0.5438	Kurast Undercity
49.47	0.5919	IV
49.47	0.6856	Reward Upgrades (0/4) •
49.47	0.7440	Attunement: Ignite Beacons, Slay
49.47	0.7814	Monsters
49.47	0.8250	- Time Bonus: Slay Afflicted Monsters
49.47	0.8667	Reach District Boss before time expires •
49.47	0.9192	District Run
50.50	0.0670	Ziggurat District © | 7:30 AM
50.50	0.1160	FLOOR
50.50	0.1546	1/3
50.50	0.2732	106
50.50	0.4691	Normal
50.50	0.5438	Kurast Undercity
50.50	0.5919	IV
50.50	0.6856	Reward Upgrades (0/4) •
50.50	0.7440	Attunement: Ignite Beacons, Slay
50.50	0.7814	Monsters
50.50	0.8263	Time Bonus: Slay Afflicted Monsters
50.50	0.8667	Reach District Boss before time expires •
50.50	0.9192	District Run
51.55	0.0658	Ziggurat District © | 7:30 AN
51.55	0.1160	FLOOR
51.55	0.1538	1/3
51.55	0.2727	105
51.55	0.4699	Normal
51.55	0.5438	Kurast Undercity
51.55	0.5919	IV
51.55	0.6856	Reward Upgrades (0/4) •
51.55	0.7409	& Attunement: Ignite Beacons, Slay
51.55	0.7814	Monsters
51.55	0.8250	- Time Bonus: Slay Afflicted Monsters
51.55	0.8660	Reach District Boss before time expires •
51.55	0.9192	District Run
52.59	0.0646	Ziggurat District © | 7:30 AM
52.59	0.1160	FLOOR
52.59	0.1546	1/3
52.59	0.2732	104
52.59	0.4699	Normal
52.59	0.5438	Kurast Undercity
52.59	0.5911	IV
52.59	0.6856	Reward Upgrades (0/4) •
52.59	0.7418	& Attunement: Ignite Beacons, Slay
52.59	0.7814	Monsters
52.59	0.8222	2 Time Bonus: Slay Afflicted Monsters •
52.59	0.8660	Reach District Boss before time expires •
52.59	0.9192	District Run
53.63	0.0646	Ziggurat District © | 7:30 AM
53.63	0.1160	FLOOR
53.63	0.1546	1/3
53.63	0.2723	103
53.63	0.4699	Normal
53.63	0.5438	Kurast Undercity
53.63	0.5911	IV
53.63	0.6856	Reward Upgrades (0/4) •
53.63	0.7409	& Attunement: Ignite Beacons, Slay
53.63	0.7807	Monsters
53.63	0.8252	& Time Bonus: Slay Afflicted Monsters
53.63	0.8647	Reach District Boss before time expires
53.63	0.9192	District Run
54.66	0.0646	Ziggurat District © | 7:30 AM
54.66	0.1160	FLOOR
54.66	0.1546	1/3
54.66	0.2723	102
54.66	0.4699	Normal
54.66	0.5438	Kurast Undercity
54.66	0.5911	IV
54.66	0.6856	Reward Upgrades (0/4) •
54.66	0.7417	& Attunement: Ignite Beacons, Slay
54.66	0.7815	Monsters
54.66	0.8254	• Time Bonus: Slay Afflicted Monsters
54.66	0.8668	Reach District Boss before time expires •
54.66	0.9192	District Run
55.73	0.0655	Ziggurat District © | 7:30 AM
55.73	0.1160	FLOOR
55.73	0.1546	1/3
55.73	0.2723	100
55.73	0.4691	Normal
55.73	0.5463	Kurast Undercity fa
55.73	0.5919	IV
55.73	0.6860	Reward Upgrades (0/4) *
55.73	0.7399	& Attunement: Ignite Beacons, Slay
55.73	0.7815	Monsters
55.73	0.8218	Z Time Bonus: Slay Afflicted Monsters •
55.73	0.8660	Reach District Boss before time expires •
55.73	0.9192	District Run
56.80	0.0656	Ziggurat District © | 7:30 AM
56.80	0.1151	FLOOR
56.80	0.1538	1/3
56.80	0.2732	99
56.80	0.4699	Normal
56.80	0.5430	Kurast Undercity
56.80	0.6856	Reward Upgrades (0/4)
56.80	0.7410	& Attunement: Ignite Beacons, Slay
56.80	0.7807	Monsters
56.80	0.8222	& Time Bonus: Slay Afflicted Monsters *
56.80	0.8667	Reach District Boss before time expires •
56.80	0.9192	District Run
57.85	0.0658	Ziggurat District © | 7:30 AN
57.85	0.1160	FLOOR
57.85	0.1546	1/3
57.85	0.2732	98
57.85	0.4691	Normal
57.85	0.5436	Kurast Undercity
57.85	0.5919	IV
57.85	0.6856	Reward Upgrades (0/4) •
57.85	0.7440	Attunement: Ignite Beacons, Slay
57.85	0.7807	Monsters
57.85	0.8242	• Time Bonus: Slay Afflicted Monsters
57.85	0.8668	Reach District Boss before time expires •
57.85	0.9192	District Run
58.94	0.0658	Ziggurat District © | 7:30 AN
58.94	0.1151	FLOOR
58.94	0.1541	1/3
58.94	0.2723	97
58.94	0.4691	Normal
58.94	0.5438	Kurast Undercity
58.94	0.5919	IV
58.94	0.6856	Reward Upgrades (0/4)
58.94	0.7440	Attunement: Ignite Beacons, Slay
58.94	0.7816	Monsters
58.94	0.8250	Time Bonus: Slay Afflicted Monsters
58.94	0.8667	Reach District Boss before time expires •
58.94	0.9192	District Run
59.98	0.0662	Ziggurat District © | 7:30 AN
59.98	0.1151	FLOOR
59.98	0.1529	1/3
59.98	0.2732	96
59.98	0.4691	Normal
59.98	0.5438	Kurast Undercity
59.98	0.5911	IV
59.98	0.6856	Reward Upgrades (0/4) •
59.98	0.7410	& Attunement: Ignite Beacons, Slay
59.98	0.7814	Monsters
59.98	0.8209	Time Bonus: Slay Afflicted Monsters
59.98	0.8660	Reach District Boss before time expires •
59.98	0.9192	District Run
61.01	0.0666	Ziggurat District © | 7:30 AN
61.01	0.1160	FLOOR
61.01	0.1538	1/3
61.01	0.2723	95
61.01	0.4699	Normal
61.01	0.5438	Kurast Undercity
61.01	0.5911	IV
61.01	0.6856	Reward Upgrades (0/4) •
61.01	0.7440	Attunement: Ignite Beacons, Slay
61.01	0.7814	Monsters
61.01	0.8187	& Time Bonus: Slay Afflicted Monsters
61.01	0.8660	Reach District Boss before time expires •
61.01	0.9192	District Run
62.05	0.0658	Ziggurat District © | 7:30 AN
62.05	0.1160	FLOOR
62.05	0.1538	1/3
62.05	0.2732	94
62.05	0.4691	Normal
62.05	0.5438	Kurast Undercity
62.05	0.5911	III IV
62.05	0.6856	Reward Upgrades (0/4) •
62.05	0.7440	Attunement: Ignite Beacons, Slay
62.05	0.7802	Monsters
62.05	0.8250	- Time Bonus: Slay Afflicted Monsters
62.05	0.8667	Reach District Boss before time expires •
62.05	0.9192	District Run
63.09	0.0658	Ziggurat District © | 7:30 AN
63.09	0.1151	FLOOR
63.09	0.1538	1/3
63.09	0.2723	93
63.09	0.4691	Normal
63.09	0.5430	Kurast Undercity
63.09	0.5911	IV
63.09	0.6856	Reward Upgrades (0/4) •
63.09	0.7440	Attunement: Ignite Beacons, Slay
63.09	0.7823	Monsters
63.09	0.8250	- Time Bonus: Slay Afflicted Monsters
63.09	0.8667	Reach District Boss before time expires •
63.09	0.9192	District Run
64.33	0.0669	Ziggurat District © | 7:30 AN
64.33	0.1151	FLOOR
64.33	0.1538	+1/3
64.33	0.2732	92
64.33	0.4691	Normal
64.33	0.5438	Kurast Undercity
64.33	0.5919	IV
64.33	0.6856	Reward Upgrades (0/4) •
64.33	0.7440	Attunement: Ignite Beacons, Slay
64.33	0.7823	Monsters
64.33	0.8209	* Time Bonus: Slay Afflicted Monsters
64.33	0.8667	Reach District Boss before time expires •
64.33	0.9192	District Run
67.44	0.0647	Ziggurat District © | 7:30 AN
67.44	0.1160	FLOOR
67.44	0.1538	1/3
67.44	0.2732	89
67.44	0.4691	Normal
67.44	0.5438	Kurast Undercity
67.44	0.5911	III IV
67.44	0.6859	Reward Upgrades (0/4)
67.44	0.7431	Attunement: Ignite Beacons, Slay
67.44	0.7792	Monsters
67.44	0.8239	Time Bonus: Slay Afflicted Monsters
67.44	0.8660	Reach District Boss before time expires •
67.44	0.9201	District Run
68.50	0.0647	Ziggurat District © | 7:30 AN
68.50	0.1160	FLOOR
68.50	0.1538	1/3
68.50	0.2732	88
68.50	0.4699	Normal
68.50	0.5448	Kurast Undercity fa
68.50	0.5928	IV
68.50	0.6848	Reward Upgrades (0/4) •
68.50	0.7390	& Attunement: Ignite Beacons, Slay
68.50	0.7807	Monsters
68.50	0.8226	Z Time Bonus: Slay Afflicted Monsters *
68.50	0.8660	Reach District Boss before time expires •
68.50	0.9192	District Run
69.59	0.0646	Ziggurat District © | 7:30 AN
69.59	0.1160	FLOOR
69.59	0.1546	1/3
69.59	0.2723	87
69.59	0.4697	Normal
69.59	0.5438	Kurast Undercity
69.59	0.5919	IV
69.59	0.6856	Reward Upgrades (0/4) •
69.59	0.7440	Attunement: Ignite Beacons, Slay
69.59	0.7814	Monsters
69.59	0.8263	Time Bonus: Slay Afflicted Monsters
69.59	0.8665	Reach District Boss before time expires •
69.59	0.9192	District Run
70.68	0.0646	Ziggurat District © | 7:30 AM
70.68	0.1160	FLOOR
70.68	0.1538	1/3
70.68	0.2732	86
70.68	0.4691	Normal
70.68	0.5438	Kurast Undercity
70.68	0.5919	IV
70.68	0.6856	Reward Upgrades (0/4) •
70.68	0.7440	Attunement: Ignite Beacons, Slay
70.68	0.7823	Monsters
70.68	0.8263	Time Bonus: Slay Afflicted Monsters
70.68	0.8667	Reach District Boss before time expires •
70.68	0.9192	District Run
71.72	0.0647	Ziggurat District © | 7:30 AN
71.72	0.1160	FLOOR
71.72	0.1538	1/3
71.72	0.2732	84
71.72	0.4691	Normal
71.72	0.5438	Kurast Undercity
71.72	0.5919	IV
71.72	0.6856	Reward Upgrades (0/4) •
71.72	0.7440	• Attunement: Ignite Beacons, Slay
71.72	0.7814	Monsters
71.72	0.8263	Time Bonus: Slay Afflicted Monsters
71.72	0.8667	Reach District Boss before time expires •
71.72	0.9192	District Run
72.75	0.0658	Ziggurat District © 17:30 AN
72.75	0.1160	FLOOR
72.75	0.1538	1/3
72.75	0.1607	1C
72.75	0.2732	83
72.75	0.4699	Normal
72.75	0.5438	Kurast Undercity
72.75	0.5911	III IV
72.75	0.6856	Reward Upgrades (0/4) •
72.75	0.7410	& Attunement: Ignite Beacons, Slay
72.75	0.7807	Monsters
72.75	0.8250	- Time Bonus: Slay Afflicted Monsters
72.75	0.8660	Reach District Boss before time expires •
72.75	0.9192	District Run
74.40	0.0658	Ziggurat District © | 7:30 AN
74.40	0.1160	FLOOR
74.40	0.1538	1/3
74.40	0.2741	82
74.40	0.4691	Normal
74.40	0.5439	Kurast Undercity
74.40	0.5928	IV
74.40	0.6856	Reward Upgrades (0/4)
74.40	0.7419	& Attunement: Ignite Beacons, Slay
74.40	0.7792	Monsters
74.40	0.8241	• Time Bonus: Slay Afflicted Monsters
74.40	0.8659	Reach District Boss before time expires
74.40	0.9188	District Run fel
75.44	0.0658	Ziggurat District © | 7:30 AN
75.44	0.1160	FLOOR
75.44	0.1538	1/3
75.44	0.2732	81
75.44	0.4691	Normal
75.44	0.5455	Kurast Undercity fa
75.44	0.6856	Reward Upgrades (0/4)
75.44	0.7409	& Attunement: Ignite Beacons, Slay
75.44	0.7807	Monsters
75.44	0.8242	• Time Bonus: Slay Afflicted Monsters
75.44	0.8651	Reach District Boss before time expires
75.44	0.9192	District Run
76.70	0.0655	Ziggurat District © 7:30 AM
76.70	0.1160	FLOOR
76.70	0.1538	1/3
76.70	0.2741	80
76.70	0.4697	Normal
76.70	0.5438	Kurast Undercity
76.70	0.6856	Reward Upgrades (0/4)
76.70	0.7409	& Attunement: Ignite Beacons, Slay
76.70	0.7807	Monsters
76.70	0.8241	Z Time Bonus: Slay Afflicted Monsters
76.70	0.8648	Reach District Boss before time expires
76.70	0.9189	District Run fa
77.75	0.0657	Ziggurat District © | 7:30 AN
77.75	0.0889	eful Spirit
77.75	0.1168	FLOOR
77.75	0.1546	1/3
77.75	0.2732	78
77.75	0.4691	Normal
77.75	0.5438	Kurast Undercity
77.75	0.5919	IV
77.75	0.6856	Reward Upgrades (0/4) •
77.75	0.7410	& Attunement: Ignite Beacons, Slay
77.75	0.7808	Monsters
77.75	0.8226	* Time Bonus: Slay Afflicted Monsters •
77.75	0.8660	Reach District Boss before time expires •
77.75	0.9180	District Run fY
78.80	0.0658	Ziggurat District © | 7:30 AN
78.80	0.1160	FLOOR
78.80	0.1538	1/3
78.80	0.2723	77
78.80	0.4699	Normal
78.80	0.5455	Kurast Undercity fa
78.80	0.5919	IV
78.80	0.6858	Reward Upgrades (0/4)
78.80	0.7401	& Attunement: Ignite Beacons, Slay
78.80	0.7823	Monsters
78.80	0.8239	Time Bonus: Slay Afflicted Monsters
78.80	0.8650	Reach District Boss before time expires
78.80	0.9180	District Run fa
79.88	0.0658	Ziggurat District © | 7:30 AN
79.88	0.1160	FLOOR
79.88	0.1546	1/3
79.88	0.2732	76
79.88	0.4699	Normal
79.88	0.5430	Kurast Undercity
79.88	0.5919	IV
79.88	0.6856	Reward Upgrades (0/4) •
79.88	0.7397	& Attunement: Ignite Beacons, Slay
79.88	0.7807	Monsters
79.88	0.8263	Time Bonus: Slay Afflicted Monsters
79.88	0.8660	Reach District Boss before time expires •
79.88	0.9192	District Run
80.95	0.0658	Ziggurat District © | 7:31 AN
80.95	0.1160	FLOOR
80.95	0.1538	1/3
80.95	0.2732	75
80.95	0.4691	Normal
80.95	0.5438	Kurast Undercity
80.95	0.5919	IV
80.95	0.6856	Reward Upgrades (0/4) •
80.95	0.7440	Attunement: Ignite Beacons, Slay
80.95	0.7807	Monsters
80.95	0.8242	Z Time Bonus: Slay Afflicted Monsters
80.95	0.8660	Reach District Boss before time expires •
80.95	0.9192	District Run
81.99	0.0658	Ziggurat District © | 7:31 AN
81.99	0.1160	FLOOR
81.99	0.1538	1/3
81.99	0.2732	74
81.99	0.4691	Normal
81.99	0.5438	Kurast Undercity
81.99	0.5911	IV
81.99	0.6856	Reward Upgrades (0/4) •
81.99	0.7440	Attunement: Ignite Beacons, Slay
81.99	0.7823	Monsters
81.99	0.8242	• Time Bonus: Slay Afflicted Monsters
81.99	0.8660	Reach District Boss before time expires •
81.99	0.9192	District Run
83.03	0.0658	Ziggurat District © | 7:31 AN
83.03	0.1160	FLOOR
83.03	0.1538	1/3
83.03	0.2732	73
83.03	0.4691	Normal
83.03	0.5438	Kurast Undercity
83.03	0.5911	• IV
83.03	0.6856	Reward Upgrades (0/4) •
83.03	0.7440	Attunement: Ignite Beacons, Slay
83.03	0.7808	Monsters
83.03	0.8263	Time Bonus: Slay Afflicted Monsters
83.03	0.8667	Reach District Boss before time expires •
83.03	0.9192	District Run
88.49	0.0658	Ziggurat District © | 7:31 AN
88.49	0.1160	FLOOR
88.49	0.1538	1/3
88.49	0.2732	68
88.49	0.4691	Normal
88.49	0.5438	Kurast Undercity
88.49	0.5911	IV
88.49	0.6856	Reward Upgrades (0/4) •
88.49	0.7419	& Attunement: Ignite Beacons, Slay
88.49	0.7816	Monsters
88.49	0.8242	• Time Bonus: Slay Afflicted Monsters
88.49	0.8667	Reach District Boss before time expires •
88.49	0.9192	District Run
89.53	0.0670	Ziggurat District © | 7:31 AM
89.53	0.1160	FLOOR
89.53	0.1538	1/3
89.53	0.2732	67
89.53	0.4699	Normal
89.53	0.5444	Kurast Undercity 1
89.53	0.5911	III IV
89.53	0.6856	Reward Upgrades (0/4) •
89.53	0.7402	& Attunement: Ignite Beacons, Slay
89.53	0.7808	Monsters
89.53	0.8218	Z Time Bonus: Slay Afflicted Monsters •
89.53	0.8660	Reach District Boss before time expires •
89.53	0.9192	District Run
90.60	0.0658	Ziggurat District © | 7:31 AN
90.60	0.1153	FLOOR
90.60	0.1546	1/3
90.60	0.2741	66
90.60	0.3308	1C
90.60	0.4691	Normal
90.60	0.5455	Kurast Undercity fa
90.60	0.5911	IV
90.60	0.5928	100Г
90.60	0.6856	Reward Upgrades (0/4) •
90.60	0.7380	& Attunement: Ignite Beacons, Slay
90.60	0.7801	Monsters
90.60	0.8218	A Time Bonus: Slay Afflicted Monsters *
90.60	0.8667	Reach District Boss before time expires •
90.60	0.9180	District Run f
91.72	0.0659	Ziggurat District © | 7:31 AN
91.72	0.1151	FLOOR
91.72	0.1546	1/3
91.72	0.2732	65
91.72	0.4697	Normal
91.72	0.5433	Kurast Undercity
91.72	0.5919	IV
91.72	0.5928	TL
91.72	0.6856	Reward Upgrades (0/4) •
91.72	0.7371	& Attunement: Ignite Beacons, Slay
91.72	0.7801	Monsters
91.72	0.8218	A Time Bonus: Slay Afflicted Monsters *
91.72	0.8667	Reach District Boss before time expires •
91.72	0.9180	District Run fal
92.80	0.0670	Ziggurat District © | 7:31 AM
92.80	0.1151	FLOOR
92.80	0.1546	1/3
92.80	0.2732	63
92.80	0.4697	Normal
92.80	0.5455	Kurast Undercity fa
92.80	0.5918	IV
92.80	0.5919	JOGE
92.80	0.5928	TL
92.80	0.6856	Reward Upgrades (0/4) •
92.80	0.7371	& Attunement: Ignite Beacons, Slay
92.80	0.7801	Monsters
92.80	0.8218	A Time Bonus: Slay Afflicted Monsters •
92.80	0.8667	Reach District Boss before time expires •
92.80	0.9181	District Run fa
93.83	0.0658	Ziggurat District © | 7:31 AN
93.83	0.1160	FLOOR
93.83	0.1546	1/3
93.83	0.2741	62
93.83	0.4691	Normal
93.83	0.5438	Kurast Undercity
93.83	0.5911	IV
93.83	0.6856	Reward Upgrades (0/4)
93.83	0.7419	& Attunement: Ignite Beacons, Slay
93.83	0.7803	Monsters
93.83	0.8230	& Time Bonus: Slay Afflicted Monsters
93.83	0.8647	Reach District Boss before time expires
93.83	0.9189	District Run fY
94.97	0.0670	Ziggurat District © | 7:31 AM
94.97	0.1160	FLOOR
94.97	0.1546	1/3
94.97	0.2732	106
94.97	0.4691	Normal
94.97	0.5438	Kurast Undercity
94.97	0.5911	III IV
94.97	0.6856	Reward Upgrades (0/4) •
94.97	0.7411	& Attunement: Ignite Beacons, Slay
94.97	0.7807	Monsters
94.97	0.8231	- Time Bonus: Slay Afflicted Monsters
94.97	0.8668	Reach District Boss before time expires *
94.97	0.9192	District Run
96.04	0.0670	Ziggurat District © | 7:31 AM
96.04	0.1160	FLOOR
96.04	0.1538	1/3
96.04	0.2723	105
96.04	0.4691	Normal
96.04	0.5438	Kurast Undercity
96.04	0.5911	IV
96.04	0.6856	Reward Upgrades (0/4) •
96.04	0.7411	& Attunement: Ignite Beacons, Slay
96.04	0.7807	Monsters
96.04	0.8218	- Time Bonus: Slay Afflicted Monsters •
96.04	0.8660	Reach District Boss before time expires •
96.04	0.9192	District Run
96.04	0.9880	scanda
97.11	0.0670	Ziggurat District © | 7:31 AM
97.11	0.1168	FLOOR
97.11	0.1538	1/3
97.11	0.2732	104
97.11	0.4691	Normal
97.11	0.5438	Kurast Undercity
97.11	0.5911	IV
97.11	0.6856	Reward Upgrades (0/4) •
97.11	0.7440	Attunement: Ignite Beacons, Slay
97.11	0.7814	Monsters
97.11	0.8250	- Time Bonus: Slay Afflicted Monsters
97.11	0.8668	Reach District Boss before time expires •
97.11	0.9192	District Run
98.17	0.0662	Ziggurat District © | 7:31 AM
98.17	0.1160	FLOOR
98.17	0.1546	1/3
98.17	0.2723	103
98.17	0.4691	Normal
98.17	0.5438	Kurast Undercity
98.17	0.5919	IV
98.17	0.6856	Reward Upgrades (0/4) •
98.17	0.7440	Attunement: Ignite Beacons, Slay
98.17	0.7823	Monsters
98.17	0.8263	Time Bonus: Slay Afflicted Monsters
98.17	0.8649	Reach District Boss before time expires
98.17	0.9192	District Run
99.19	0.0670	Ziggurat District © | 7:31 AM
99.19	0.1168	FLOOR
99.19	0.1546	1/3
99.19	0.2723	102
99.19	0.4697	Normal
99.19	0.5438	Kurast Undercity
99.19	0.5911	III IV
99.19	0.6856	Reward Upgrades (0/4) •
99.19	0.7440	Attunement: Ignite Beacons, Slay
99.19	0.7816	Monsters
99.19	0.8250	Time Bonus: Slay Afflicted Monsters
99.19	0.8660	Reach District Boss before time expires •
99.19	0.9192	District Run
101.48	0.0637	| 7:31 AM
101.48	0.0670	Ziggurat District G
101.48	0.4691	Normal
101.48	0.5438	Kurast Undercity
101.48	0.5911	IV
101.48	0.6856	Reward Upgrades (0/4) •
101.48	0.7440	Attunement: Ignite Beacons, Slay
101.48	0.7814	Monsters
101.48	0.8229	Time Bonus: Slay Afflicted Monsters •
101.48	0.8667	Reach District Boss before time expires •
101.48	0.9179	District Run y
102.54	0.0636	• 7:31 AM
102.54	0.0670	Ziggurat District G
102.54	0.1160	FLOOR
102.54	0.1546	2/3
102.54	0.2732	131
102.54	0.3926	Q
102.54	0.4691	Normal
102.54	0.5438	Kurast Undercity
102.54	0.5911	IV
102.54	0.6856	Reward Upgrades (0/4) •
102.54	0.7440	Attunement: Ignite Beacons, Slay
102.54	0.7823	Monsters
102.54	0.8226	- Time Bonus: Slay Afflicted Monsters •
102.54	0.8667	Reach District Boss before time expires •
102.54	0.9192	District Run
103.58	0.0636	| 7:31 AN
103.58	0.0670	Ziggurat District ©
103.58	0.1160	FLOOR
103.58	0.1546	2/3
103.58	0.2732	131
103.58	0.4691	Normal
103.58	0.5438	Kurast Undercity
103.58	0.5919	IV
103.58	0.6856	Reward Upgrades (0/4) •
103.58	0.7448	Attunement: Ignite Beacons, Slay
103.58	0.7814	Monsters
103.58	0.8226	- Time Bonus: Slay Afflicted Monsters •
103.58	0.8651	Reach District Boss before time expires
103.58	0.9192	District Run
104.64	0.0639	| 7:31 AM
104.64	0.0670	Ziggurat District ©
104.64	0.1160	FLOOR
104.64	0.1546	2/3
104.64	0.2732	131
104.64	0.3926	Q
104.64	0.4691	Normal
104.64	0.5438	Kurast Undercity
104.64	0.5919	IV
104.64	0.6856	Reward Upgrades (0/4) •
104.64	0.7440	Attunement: Ignite Beacons, Slay
104.64	0.7814	Monsters
104.64	0.8226	- Time Bonus: Slay Afflicted Monsters •
104.64	0.8651	Reach District Boss before time expires
104.64	0.9192	District Run
105.72	0.0644	| 7:31 AM
105.72	0.0670	Ziggurat District G
105.72	0.1160	FLOOR
105.72	0.1546	2/3
105.72	0.2732	131
105.72	0.4691	Normal
105.72	0.5438	Kurast Undercity
105.72	0.5911	IV
105.72	0.6856	Reward Upgrades (0/4) •
105.72	0.7440	Attunement: Ignite Beacons, Slay
105.72	0.7814	Monsters
105.72	0.8226	* Time Bonus: Slay Afflicted Monsters •
105.72	0.8651	Reach District Boss before time expires
105.72	0.9192	District Run
106.77	0.0638	| 7:31 AM
106.77	0.0670	Ziggurat District G
106.77	0.1160	FLOOR
106.77	0.1546	2/3
106.77	0.2732	131
106.77	0.4691	Normal
106.77	0.5438	Kurast Undercity
106.77	0.5919	IV
106.77	0.6856	Reward Upgrades (0/4) •
106.77	0.7440	Attunement: Ignite Beacons, Slay
106.77	0.7814	Monsters
106.77	0.8226	* Time Bonus: Slay Afflicted Monsters •
106.77	0.8651	Reach District Boss before time expires
106.77	0.9192	District Run
107.86	0.0639	| 7:31 AN
107.86	0.0670	Ziggurat District G
107.86	0.1160	FLOOR
107.86	0.1555	2/3
107.86	0.2732	131
107.86	0.4691	Normal
107.86	0.5438	Kurast Undercity
107.86	0.5911	IV
107.86	0.6856	Reward Upgrades (0/4) •
107.86	0.7440	Attunement: Ignite Beacons, Slay
107.86	0.7823	Monsters
107.86	0.8226	- Time Bonus: Slay Afflicted Monsters •
107.86	0.8651	Reach District Boss before time expires
107.86	0.9192	District Run
108.88	0.0638	| 7:31 AM
108.88	0.0670	Ziggurat District G
108.88	0.1160	FLOOR
108.88	0.1546	2/3
108.88	0.2732	131
108.88	0.3265	Z
108.88	0.4691	Normal
108.88	0.5438	Kurast Undercity
108.88	0.5911	IV
108.88	0.6856	Reward Upgrades (0/4) •
108.88	0.7440	Attunement: Ignite Beacons, Slay
108.88	0.7814	Monsters
108.88	0.8226	* Time Bonus: Slay Afflicted Monsters •
108.88	0.8651	Reach District Boss before time expires
108.88	0.9192	District Run E
109.96	0.0636	| 7:31 AM
109.96	0.0670	Ziggurat District ©
109.96	0.1168	FLOOR
109.96	0.1538	2/3
109.96	0.2732	131
109.96	0.4691	Normal
109.96	0.5439	Kurast Undercity
109.96	0.5911	IV
109.96	0.6856	Reward Upgrades (0/4)
109.96	0.7440	Attunement: Ignite Beacons, Slay
109.96	0.7814	Monsters
109.96	0.8250	- Time Bonus: Slay Afflicted Monsters
109.96	0.8680	Reach District Boss before time expires
109.96	0.9192	District Run
111.02	0.0636	| 7:31 AN
111.02	0.0667	Ziggurat District ©
111.02	0.1168	FLOOR
111.02	0.1538	2/3
111.02	0.2732	131
111.02	0.4697	Normal
111.02	0.5438	Kurast Undercity
111.02	0.5911	IV
111.02	0.6856	Reward Upgrades (0/4) •
111.02	0.7440	Attunement: Ignite Beacons, Slay
111.02	0.7807	Monsters
111.02	0.8263	- Time Bonus: Slay Afflicted Monsters
111.02	0.8651	Reach District Boss before time expires
111.02	0.9192	District Run
112.12	0.0636	| 7:31 AN
112.12	0.0670	Ziggurat District G
112.12	0.1160	FLOOR
112.12	0.1538	2/3
112.12	0.2732	130
112.12	0.4691	Normal
112.12	0.5453	Kurast Undercity 1
112.12	0.5925	III IV
112.12	0.6856	Reward Upgrades (0/4) •
112.12	0.7418	& Attunement: Ignite Beacons, Slay
112.12	0.7792	Monsters
112.12	0.8233	& Time Bonus: Slay Afflicted Monsters
112.12	0.8660	Reach District Boss before time expires •
112.12	0.9192	District Run
113.24	0.0636	| 7:31 AM
113.24	0.0670	Ziggurat District ©
113.24	0.1168	FLOOR
113.24	0.1538	2/3
113.24	0.2732	129
113.24	0.3153	Q
113.24	0.4691	Normal
113.24	0.5441	Kurast Undercity '
113.24	0.5911	III IV
113.24	0.6856	Reward Upgrades (0/4) •
113.24	0.7418	& Attunement: Ignite Beacons, Slay
113.24	0.7807	Monsters
113.24	0.8226	& Time Bonus: Slay Afflicted Monsters *
113.24	0.8660	Reach District Boss before time expires •
113.24	0.9192	District Run
114.27	0.0637	| 7:31 AM
114.27	0.0670	Ziggurat District ©
114.27	0.1168	FLOOR
114.27	0.1538	2/3
114.27	0.2732	128
114.27	0.4691	Normal
114.27	0.5438	Kurast Undercity
114.27	0.5911	III IV
114.27	0.6856	Reward Upgrades (0/4)
114.27	0.7419	& Attunement: Ignite Beacons, Slay
114.27	0.7807	Monsters
114.27	0.8263	Time Bonus: Slay Afflicted Monsters
114.27	0.8667	Reach District Boss before time expires •
114.27	0.9192	District Run
115.33	0.0647	| 7:31 AM
115.33	0.0670	Ziggurat District G
115.33	0.1160	FLOOR
115.33	0.1538	2/3
115.33	0.2732	127
115.33	0.4691	Normal
115.33	0.5439	Kurast Undercity
115.33	0.5911	III IV
115.33	0.6856	Reward Upgrades (0/4) •
115.33	0.7425	& Attunement: Ignite Beacons, Slay
115.33	0.7807	Monsters
115.33	0.8242	• Time Bonus: Slay Afflicted Monsters
115.33	0.8667	Reach District Boss before time expires •
115.33	0.9192	District Run
116.42	0.0658	Ziggurat District © | 7:31 AN
116.42	0.1168	FLOOR
116.42	0.1546	2/3
116.42	0.2741	126
116.42	0.4691	Normal
116.42	0.5438	Kurast Undercity 1
116.42	0.5911	III IV
116.42	0.6856	Reward Upgrades (0/4) •
116.42	0.7440	Attunement: Ignite Beacons, Slay
116.42	0.7814	Monsters
116.42	0.8229	Time Bonus: Slay Afflicted Monsters •
116.42	0.8660	Reach District Boss before time expires •
116.42	0.9192	District Run s
117.51	0.0636	›| 7:31 AN
117.51	0.0670	Ziggurat District ©
117.51	0.1160	FLOOR
117.51	0.1538	2/3
117.51	0.2732	125
117.51	0.4691	Normal
117.51	0.5438	Kurast Undercity
117.51	0.5919	IV
117.51	0.6856	Reward Upgrades (0/4)
117.51	0.7440	• Attunement: Ignite Beacons, Slay
117.51	0.7814	Monsters
117.51	0.8239	Time Bonus: Slay Afflicted Monsters
117.51	0.8667	Reach District Boss before time expires •
117.51	0.9192	District Run
118.64	0.0658	Ziggurat District © | 7:31 AN
118.64	0.1168	FLOOR
118.64	0.1538	2/3
118.64	0.2732	124
118.64	0.4699	Normal
118.64	0.5451	Kurast Undercity 1
118.64	0.5911	III IV
118.64	0.6856	Reward Upgrades (0/4) •
118.64	0.7440	Attunement: Ignite Beacons, Slay
118.64	0.7807	Monsters
118.64	0.8242	• Time Bonus: Slay Afflicted Monsters
118.64	0.8667	Reach District Boss before time expires •
118.64	0.9192	District Run
119.73	0.0646	Ziggurat District © | 7:31 AN
119.73	0.1168	FLOOR
119.73	0.1538	2/3
119.73	0.2741	122
119.73	0.4699	Normal
119.73	0.5438	Kurast Undercity
119.73	0.5911	III IV
119.73	0.6856	Reward Upgrades (0/4)
119.73	0.7427	Attunement: Ignite Beacons, Slay
119.73	0.7815	Monsters
119.73	0.8242	• Time Bonus: Slay Afflicted Monsters
119.73	0.8667	Reach District Boss before time expires •
119.73	0.9192	District Run
120.79	0.0644	Ziggurat District © | 7:31 AM
120.79	0.1168	FLOOR
120.79	0.1546	213
120.79	0.2732	121
120.79	0.4699	Normal
120.79	0.5438	Kurast Undercity
120.79	0.5911	III IV
120.79	0.6856	Reward Upgrades (0/4)
120.79	0.7440	Attunement: Ignite Beacons, Slay
120.79	0.7815	Monsters
120.79	0.8239	Time Bonus: Slay Afflicted Monsters
120.79	0.8655	Reach District Boss before time expires •
120.79	0.9192	District Run
121.87	0.0658	Ziggurat District © | 7:31 AN
121.87	0.1168	FLOOR
121.87	0.1546	2/3
121.87	0.2741	120
121.87	0.4691	Normal
121.87	0.5438	Kurast Undercity
121.87	0.5911	/ IV
121.87	0.6856	Reward Upgrades (0/4)
121.87	0.7440	Attunement: Ignite Beacons, Slay
121.87	0.7816	Monsters
121.87	0.8239	Time Bonus: Slay Afflicted Monsters
121.87	0.8651	Reach District Boss before time expires
121.87	0.9192	District Run
122.94	0.0658	Ziggurat District © | 7:31 AN
122.94	0.1168	FLOOR
122.94	0.1538	2/3
122.94	0.2732	119
122.94	0.4699	Normal
122.94	0.5438	Kurast Undercity
122.94	0.5925	III IV
122.94	0.6856	Reward Upgrades (0/4) •
122.94	0.7440	Attunement: Ignite Beacons, Slay
122.94	0.7815	Monsters
122.94	0.8263	Time Bonus: Slay Afflicted Monsters
122.94	0.8667	Reach District Boss before time expires •
122.94	0.9192	District Run
124.04	0.0646	Ziggurat District © | 7:31 AM
124.04	0.1168	FLOOR
124.04	0.1546	2/3
124.04	0.2732	118
124.04	0.4699	Normal
124.04	0.5438	Kurast Undercity
124.04	0.5919	IV
124.04	0.6856	Reward Upgrades (0/4)
124.04	0.7440	Attunement: Ignite Beacons, Slay
124.04	0.7807	Monsters
124.04	0.8239	Time Bonus: Slay Afflicted Monsters
124.04	0.8660	Reach District Boss before time expires •
124.04	0.9192	District Run
125.09	0.0658	Ziggurat District © | 7:31 AN
125.09	0.1168	FLOOR
125.09	0.1546	2/3
125.09	0.2732	117
125.09	0.4691	Normal
125.09	0.5438	Kurast Undercity
125.09	0.5919	IV
125.09	0.6856	Reward Upgrades (0/4) •
125.09	0.7440	Attunement: Ignite Beacons, Slay
125.09	0.7816	Monsters
125.09	0.8242	• Time Bonus: Slay Afflicted Monsters
125.09	0.8668	Reach District Boss before time expires •
125.09	0.9192	District Run
126.20	0.0670	Ziggurat District © | 7:31 AM
126.20	0.1160	FLOOR
126.20	0.1538	2/3
126.20	0.2732	116
126.20	0.2981	agato!
126.20	0.4691	Normal
126.20	0.5431	Kurast Undercity
126.20	0.5911	III IV
126.20	0.6856	Reward Upgrades (0/4) •
126.20	0.7440	Attunement: Ignite Beacons, Slay
126.20	0.7823	Monsters
126.20	0.8239	Time Bonus: Slay Afflicted Monsters
126.20	0.8651	Reach District Boss before time expires
126.20	0.9192	District Run
127.24	0.0658	Ziggurat District © | 7:31 AN
127.24	0.1168	FLOOR
127.24	0.1518	Propagat
127.24	0.1538	2/3
127.24	0.2741	115
127.24	0.4699	Normal
127.24	0.5431	Kurast Undercity
127.24	0.5911	IV
127.24	0.6856	Reward Upgrades (0/4)
127.24	0.7440	Attunement: Ignite Beacons, Slay
127.24	0.7816	Monsters
127.24	0.8239	Time Bonus: Slay Afflicted Monsters
127.24	0.8668	Reach District Boss before time expires •
127.24	0.9192	District Run
128.28	0.0659	Ziggurat District © | 7:31 AN
128.28	0.1168	FLOOR
128.28	0.1546	2/3
128.28	0.2732	114
128.28	0.4699	Normal
128.28	0.5438	Kurast Undercity
128.28	0.5919	III IV
128.28	0.6856	Reward Upgrades (0/4)
128.28	0.7440	Attunement: Ignite Beacons, Slay
128.28	0.7814	Monsters
128.28	0.8242	• Time Bonus: Slay Afflicted Monsters
128.28	0.8668	Reach District Boss before time expires •
128.28	0.9192	District Run
129.33	0.0659	Ziggurat District © | 7:31 AN
129.33	0.1151	FLOOR
129.33	0.1538	2/3
129.33	0.2732	113
129.33	0.4699	Normal
129.33	0.5438	Kurast Undercity
129.33	0.5911	IV
129.33	0.6856	Reward Upgrades (0/4) •
129.33	0.7440	Attunement: Ignite Beacons, Slay
129.33	0.7823	Monsters
129.33	0.8239	Time Bonus: Slay Afflicted Monsters
129.33	0.8651	Reach District Boss before time expires
129.33	0.9192	District Run
130.45	0.0658	Ziggurat District © | 7:31 AN
130.45	0.1161	FLOOR
130.45	0.1538	2/3
130.45	0.2732	112
130.45	0.4691	Normal
130.45	0.5430	Kurast Undercity
130.45	0.5928	-III IV
130.45	0.6856	Reward Upgrades (0/4) •
130.45	0.7151	Vampire Bat
130.45	0.7410	& Attunement: Ignite Beacons, Slay
130.45	0.7807	Monsters
130.45	0.8243	& Time Bonus: Slay Afflicted Monsters
130.45	0.8660	Reach District Boss before time expires •
130.45	0.9181	District Run f
131.59	0.0658	Ziggurat District © | 7:31 AN
131.59	0.1161	FLOOR
131.59	0.1546	2/3
131.59	0.2732	111
131.59	0.4691	Normal
131.59	0.5455	Kurast Undercity fa
131.59	0.5911	II III IV
131.59	0.6856	Reward Upgrades (0/4) •
131.59	0.7409	& Attunement: Ignite Beacons, Slay
131.59	0.7792	Monsters
131.59	0.8231	- Time Bonus: Slay Afflicted Monsters
131.59	0.8649	Reach District Boss before time expires
131.59	0.9192	District Run
132.67	0.0658	Ziggurat District © | 7:31 AN
132.67	0.1164	FLOOR
132.67	0.1538	2/3
132.67	0.2732	110
132.67	0.4691	Normal
132.67	0.4979	ton Corpse Bow
132.67	0.5438	Kurast Undercity
132.67	0.5911	III IV
132.67	0.6856	Reward Upgrades (0/4) •
132.67	0.7425	& Attunement: Ignite Beacons, Slay
132.67	0.7807	Monsters
132.67	0.8243	& Time Bonus: Slay Afflicted Monsters •
132.67	0.8660	Reach District Boss before time expires •
132.67	0.9192	District Run
133.74	0.0658	Ziggurat District © | 7:31 AN
133.74	0.1164	FLOOR
133.74	0.1538	2/3
133.74	0.2736	108
133.74	0.4691	Normal
133.74	0.5438	Kurast Undercity
133.74	0.5911	IV
133.74	0.6856	Reward Upgrades (0/4) •
133.74	0.7426	& Attunement: Ignite Beacons, Slay
133.74	0.7792	Monsters
133.74	0.8243	& Time Bonus: Slay Afflicted Monsters •
133.74	0.8667	Reach District Boss before time expires •
133.74	0.9192	District Run
134.79	0.0670	Ziggurat District © | 7:31 AM
134.79	0.1168	FLOOR
134.79	0.1538	2/3
134.79	0.2723	107
134.79	0.4691	Normal
134.79	0.5438	Kurast Undercity
134.79	0.5911	IV
134.79	0.6856	Reward Upgrades (0/4) •
134.79	0.7425	& Attunement: Ignite Beacons, Slay
134.79	0.7816	Monsters
134.79	0.8226	- Time Bonus: Slay Afflicted Monsters •
134.79	0.8667	Reach District Boss before time expires •
134.79	0.9192	District Run
135.91	0.0670	Ziggurat District © | 7:31 AM
135.91	0.1160	FLOOR
135.91	0.1538	2/3
135.91	0.2736	106
135.91	0.4691	Normal
135.91	0.5438	Kurast Undercity
135.91	0.5919	IV
135.91	0.6856	Reward Upgrades (0/4) •
135.91	0.7410	& Attunement: Ignite Beacons, Slay
135.91	0.7792	Monsters
135.91	0.8242	• Time Bonus: Slay Afflicted Monsters
135.91	0.8667	Reach District Boss before time expires •
135.91	0.9192	District Run
137.05	0.0658	Ziggurat District © | 7:31 AM
137.05	0.1168	FLOOR
137.05	0.1538	2/3
137.05	0.2736	105
137.05	0.4691	Normal
137.05	0.5438	Kurast Undercity
137.05	0.5911	IV
137.05	0.6856	Reward Upgrades (0/4) •
137.05	0.7440	Attunement: Ignite Beacons, Slay
137.05	0.7816	Monsters
137.05	0.8242	• Time Bonus: Slay Afflicted Monsters
137.05	0.8660	Reach District Boss before time expires •
137.05	0.9192	District Run
138.09	0.0658	Ziggurat District © | 7:31 AN
138.09	0.1164	FLOOR
138.09	0.1538	2/3
138.09	0.2732	104
138.09	0.4699	Normal
138.09	0.5438	Kurast Undercity
138.09	0.5919	IV
138.09	0.6856	Reward Upgrades (0/4) •
138.09	0.7440	Attunement: Ignite Beacons, Slay
138.09	0.7823	Monsters
138.09	0.8242	• Time Bonus: Slay Afflicted Monsters
138.09	0.8665	Reach District Boss before time expires •
138.09	0.9192	District Run
139.16	0.0656	Ziggurat District © | 7:31 AN
139.16	0.1164	FLOOR
139.16	0.1538	2/3
139.16	0.2728	103
139.16	0.4699	Normal
139.16	0.5438	Kurast Undercity
139.16	0.5911	• IV
139.16	0.6856	Reward Upgrades (0/4) •
139.16	0.7425	& Attunement: Ignite Beacons, Slay
139.16	0.7823	Monsters
139.16	0.8242	• Time Bonus: Slay Afflicted Monsters
139.16	0.8667	Reach District Boss before time expires •
139.16	0.9192	District Run
140.23	0.0656	Ziggurat District © | 7:31 AN
140.23	0.1164	FLOOR
140.23	0.1538	2/3
140.23	0.2736	102
140.23	0.4699	Normal
140.23	0.5438	Kurast Undercity
140.23	0.5911	• IV
140.23	0.6856	Reward Upgrades (0/4) •
140.23	0.7425	& Attunement: Ignite Beacons, Slay
140.23	0.7814	Monsters
140.23	0.8242	• Time Bonus: Slay Afflicted Monsters
140.23	0.8660	Reach District Boss before time expires •
140.23	0.9192	District Run
141.37	0.0656	Ziggurat District © | 7:32 AM
141.37	0.1164	FLOOR
141.37	0.1538	2/3
141.37	0.2732	101
141.37	0.4691	Normal
141.37	0.5441	Kurast Undercity
141.37	0.5911	• IV
141.37	0.6856	Reward Upgrades (0/4) •
141.37	0.7441	& Attunement: Ignite Beacons alapire B
141.37	0.7808	Monsters
141.37	0.8263	- Time Bonus: Slay Afflicted Monsters
141.37	0.8660	Reach District Boss before time expires •
141.37	0.9180	District Run fY
142.44	0.0656	Ziggurat District © | 7:32 AN
142.44	0.1164	FLOOR
142.44	0.1538	2/3
142.44	0.2735	100
142.44	0.4699	Normal
142.44	0.5438	Kurast Undercity
142.44	0.5911	• IV
142.44	0.6856	Reward Upgrades (0/4)
142.44	0.7432	& Attunement: Ignite Beacons, Slay
142.44	0.7815	Monsters
142.44	0.7844	Vampire Bat
142.44	0.8231	- Time Bonus: Slay Afflicted Monsters
142.44	0.8647	Reach District Boss before time expires
142.44	0.9192	District Run
143.53	0.0658	Ziggurat District © | 7:32 AN
143.53	0.1160	FLOOR
143.53	0.1538	2/3
143.53	0.2732	99
143.53	0.4699	Normal
143.53	0.5438	Kurast Undercity
143.53	0.5911	IV
143.53	0.6856	Reward Upgrades (0/4) •
143.53	0.7440	Attunement: Ignite Beacons, Slay
143.53	0.7823	Monsters
143.53	0.8242	• Time Bonus: Slay Afflicted Monsters
143.53	0.8667	Reach District Boss before time expires •
143.53	0.9192	District Run
144.66	0.0658	Ziggurat District © | 7:32 AN
144.66	0.1168	FLOOR
144.66	0.1546	2/3
144.66	0.2732	98
144.66	0.4699	Normal
144.66	0.5438	Kurast Undercity
144.66	0.5919	IV
144.66	0.6856	Reward Upgrades (0/4)
144.66	0.7440	Attunement: Ignite Beacons, Slay
144.66	0.7816	Monsters
144.66	0.8236	& Time Bonus: Slay Afflicted Monsters
144.66	0.8650	Reach District Boss before time expires
144.66	0.9180	District Run FY
145.73	0.0658	Ziggurat District © | 7:32 AN
145.73	0.1168	FLOOR
145.73	0.1546	2/3
145.73	0.2732	96
145.73	0.4691	Normal
145.73	0.5438	Kurast Undercity
145.73	0.5919	IV
145.73	0.6856	Reward Upgrades (0/4) *
145.73	0.7440	Attunement: Ignite Beacons, Slay
145.73	0.7814	Monsters
145.73	0.8263	Time Bonus: Slay Afflicted Monsters
145.73	0.8668	Reach District Boss before time expires •
145.73	0.9192	District Run
146.83	0.0636	) | 7:32 AM
146.83	0.0670	Ziggurat District ©
146.83	0.1160	FLOOR
146.83	0.1538	2/3
146.83	0.2723	95
146.83	0.4691	Normal
146.83	0.5438	Kurast Undercity
146.83	0.5919	IV
146.83	0.6856	Reward Upgrades (0/4) •
146.83	0.7432	& Attunement: Ignite Beacons, Slay
146.83	0.7814	Monsters
146.83	0.8242	• Time Bonus: Slay Afflicted Monsters
146.83	0.8667	Reach District Boss before time expires •
146.83	0.9192	District Run
147.91	0.0670	Ziggurat District © | 7:32 AM
147.91	0.1168	FLOOR
147.91	0.1366	IC
147.91	0.1538	2/3
147.91	0.2732	94
147.91	0.4691	Normal
147.91	0.5438	Kurast Undercity
147.91	0.5911	IV
147.91	0.6856	Reward Upgrades (0/4) •
147.91	0.7402	& Attunement: Ignite Beacons, Slay
147.91	0.7807	Monsters
147.91	0.8218	Z Time Bonus: Slay Afflicted Monsters •
147.91	0.8667	Reach District Boss before time expires •
147.91	0.9192	District Run
149.02	0.0658	Ziggurat District © | 7:32 AN
149.02	0.1160	FLOOR
149.02	0.1538	2/3
149.02	0.2732	93
149.02	0.4699	Normal
149.02	0.5438	Kurast Undercity
149.02	0.5911	IV
149.02	0.6856	Reward Upgrades (0/4) •
149.02	0.7412	& Attunement: Ignite Beacons, Slay
149.02	0.7807	Monsters
149.02	0.8263	Time Bonus: Slay Afflicted Monsters
149.02	0.8660	Reach District Boss before time expires •
149.02	0.9192	District Run
150.07	0.0658	Ziggurat District © | 7:32 AN
150.07	0.1160	FLOOR
150.07	0.1538	2/3
150.07	0.2732	137
150.07	0.4691	Normal
150.07	0.5438	Kurast Undercity
150.07	0.5919	IV
150.07	0.6856	Reward Upgrades (0/4) •
150.07	0.7419	& Attunement: Ignite Beacons, Slay
150.07	0.7807	Monsters
150.07	0.8226	& Time Bonus: Slay Afflicted Monsters •
150.07	0.8660	Reach District Boss before time expires •
150.07	0.9192	District Run
151.15	0.0646	Ziggurat District © | 7:32 AM
151.15	0.1168	FLOOR
151.15	0.1538	2/3
151.15	0.2732	136
151.15	0.4691	Normal
151.15	0.5438	Kurast Undercity
151.15	0.5911	III IV
151.15	0.6856	Reward Upgrades (0/4) •
151.15	0.7419	& Attunement: Ignite Beacons, Slay
151.15	0.7807	Monsters
151.15	0.8222	* Time Bonus: Slay Afflicted Monsters *
151.15	0.8660	Reach District Boss before time expires •
151.15	0.9192	District Run
152.23	0.0658	Ziggurat District © | 7:32 AN
152.23	0.1168	FLOOR
152.23	0.1538	2/3
152.23	0.2732	135
152.23	0.4699	Normal
152.23	0.5438	Kurast Undercity
152.23	0.5919	IV
152.23	0.6856	Reward Upgrades (0/4) •
152.23	0.7440	Attunement: Ignite Beacons, Slay
152.23	0.7807	Monsters
152.23	0.8263	Time Bonus: Slay Afflicted Monsters
152.23	0.8660	Reach District Boss before time expires •
152.23	0.9192	District Run
153.33	0.0658	Ziggurat District © | 7:32 AM
153.33	0.1170	stil FLOOR
153.33	0.1546	2/3
153.33	0.2732	134
153.33	0.4691	Normal
153.33	0.5438	Kurast Undercity
153.33	0.5919	IV
153.33	0.6856	Reward Upgrades (0/4) •
153.33	0.7401	& Attunement: Ignite Beacons, Slay
153.33	0.7814	Monsters
153.33	0.8222	& Time Bonus: Slay Afflicted Monsters *
153.33	0.8667	Reach District Boss before time expires •
153.33	0.9192	District Run
154.39	0.0646	Ziggurat District © | 7:32 AM
154.39	0.1168	FLOOR
154.39	0.1538	2/3
154.39	0.2736	133
154.39	0.4691	Normal
154.39	0.5455	Kurast Undercity Y
154.39	0.5911	III IV
154.39	0.6856	* Reward Upgrades (0/4) •
154.39	0.7495	& Attunement: Ignite Beacons, Slay
154.39	0.7807	Monsters
154.39	0.8235	- Time Bonus: Slay Afflicted Monsters •
154.39	0.8667	Reach District Boss before time expires •
154.39	0.9192	District Run
155.46	0.0647	Ziggurat District © | 7:32 AM
155.46	0.1168	FLOOR
155.46	0.1538	2/3
155.46	0.2732	132
155.46	0.4691	Normal
155.46	0.5438	Kurast Undercity
155.46	0.5919	IV
155.46	0.6856	Reward Upgrades (0/4) •
155.46	0.7409	& Attunement: Ignite Beacons, Slay
155.46	0.7814	Monsters
155.46	0.8226	* Time Bonus: Slay Afflicted Monsters •
155.46	0.8665	Reach District Boss before time expires •
155.46	0.9192	District Run
156.52	0.0658	Ziggurat District © | 7:32 AN
156.52	0.1168	FLOOR
156.52	0.1538	2/3
156.52	0.2732	131
156.52	0.4691	Normal
156.52	0.5438	Kurast Undercity
156.52	0.5911	IV
156.52	0.6856	Reward Upgrades (0/4) •
156.52	0.7440	Attunement: Ignite Beacons, Slay
156.52	0.7807	Monsters
156.52	0.8250	Time Bonus: Slay Afflicted Monsters
156.52	0.8667	Reach District Boss before time expires •
156.52	0.9192	District Run
157.59	0.0658	Ziggurat District © | 7:32 AN
157.59	0.1168	FLOOR
157.59	0.1538	2/3
157.59	0.2732	130
157.59	0.4691	Normal
157.59	0.5438	Kurast Undercity
157.59	0.5911	IV
157.59	0.6856	Reward Upgrades (0/4) •
157.59	0.7440	Attunement: Ignite Beacons, Slay
157.59	0.7807	Monsters
157.59	0.8242	• Time Bonus: Slay Afflicted Monsters
157.59	0.8667	Reach District Boss before time expires •
157.59	0.9192	District Run
158.68	0.0658	Ziggurat District © | 7:32 AN
158.68	0.1168	FLOOR
158.68	0.1546	2/3
158.68	0.2741	129
158.68	0.4699	Normal
158.68	0.5438	Kurast Undercity
158.68	0.5919	IV
158.68	0.6856	Reward Upgrades (0/4) •
158.68	0.7410	& Attunement: Ignite Beacons, Slay
158.68	0.7807	Monsters
158.68	0.8263	Time Bonus: Slay Afflicted Monsters
158.68	0.8667	Reach District Boss before time expires •
158.68	0.9192	District Run
159.71	0.0658	Ziggurat District © | 7:32 AN
159.71	0.1168	FLOOR
159.71	0.1546	2/3
159.71	0.2732	127
159.71	0.4699	Normal
159.71	0.5438	Kurast Undercity
159.71	0.5928	IV
159.71	0.6856	Reward Upgrades (0/4) •
159.71	0.7419	& Attunement: Ignite Beacons, Slay
159.71	0.7814	Monsters
159.71	0.8262	Time Bonus: Slay Afflicted Monsters
159.71	0.8660	Reach District Boss before time expires •
159.71	0.9192	District Run
160.76	0.0658	Ziggurat District © | 7:32 AN
160.76	0.1168	FLOOR
160.76	0.1546	2/3
160.76	0.2741	126
160.76	0.4699	Normal
160.76	0.5438	Kurast Undercity
160.76	0.5919	IV
160.76	0.6856	Reward Upgrades (0/4) •
160.76	0.7419	& Attunement: Ignite Beacons, Slay
160.76	0.7814	Monsters
160.76	0.8263	Time Bonus: Slay Afflicted Monsters
160.76	0.8660	Reach District Boss before time expires •
160.76	0.9192	District Run
161.89	0.0655	Ziggurat District © | 7:32 AN
161.89	0.1160	FLOOR
161.89	0.1538	2/3
161.89	0.2741	125
161.89	0.4691	Normal
161.89	0.5438	Kurast Undercity
161.89	0.5911	IV
161.89	0.6856	Reward Upgrades (0/4) •
161.89	0.7418	& Attunement: Ignite Beacons, Slay
161.89	0.7823	Monsters
161.89	0.8242	• Time Bonus: Slay Afflicted Monsters
161.89	0.8667	Reach District Boss before time expires •
161.89	0.9192	District Run
162.95	0.0658	Ziggurat District © | 7:32 AN
162.95	0.1168	FLOOR
162.95	0.1538	2/3
162.95	0.2741	124
162.95	0.4691	Normal
162.95	0.5438	Kurast Undercity
162.95	0.5919	IV
162.95	0.6856	Reward Upgrades (0/4) •
162.95	0.7418	& Attunement: Ignite Beacons, Slay
162.95	0.7823	Monsters
162.95	0.8263	Time Bonus: Slay Afflicted Monsters
162.95	0.8667	Reach District Boss before time expires •
162.95	0.9192	District Run
164.04	0.0659	Ziggurat District © | 7:32 AN
164.04	0.1168	FLOOR
164.04	0.1538	2/3
164.04	0.2732	123
164.04	0.4691	Normal
164.04	0.5438	Kurast Undercity
164.04	0.5911	• IV
164.04	0.6856	Reward Upgrades (0/4) •
164.04	0.7419	& Attunement: Ignite Beacons, Slay
164.04	0.7827	Monsters
164.04	0.8224	Time Bonus: Slay Afflicted Monsters •
164.04	0.8665	Reach District Boss before time expires •
164.04	0.9192	District Run
165.13	0.0660	Ziggurat District © | 7:32 AN
165.13	0.1168	FLOOR
165.13	0.1546	213
165.13	0.2732	122
165.13	0.4699	Normal
165.13	0.5438	Kurast Undercity
165.13	0.5911	IV
165.13	0.6856	Reward Upgrades (0/4) •
165.13	0.7426	& Attunement: Ignite Beacons, Slay
165.13	0.7808	Monsters
165.13	0.8263	Time Bonus: Slay Afflicted Monsters
165.13	0.8668	Reach District Boss before time expires •
165.13	0.9192	District Run
166.19	0.0658	Ziggurat District © | 7:32 AN
166.19	0.1160	FLOOR
166.19	0.1538	2/3
166.19	0.2732	121
166.19	0.4691	Normal
166.19	0.5438	Kurast Undercity
166.19	0.5919	IV
166.19	0.6856	Reward Upgrades (0/4) •
166.19	0.7425	& Attunement: Ignite Beacons, Slay
166.19	0.7814	Monsters
166.19	0.8218	Z Time Bonus: Slay Afflicted Monsters •
166.19	0.8667	Reach District Boss before time expires •
166.19	0.9192	District Run
167.28	0.0644	| 7:32 AN
167.28	0.0670	Ziggurat District ©
167.28	0.1168	FLOOR
167.28	0.1538	2/3
167.28	0.2741	120
167.28	0.4691	Normal
167.28	0.5438	Kurast Undercity
167.28	0.5919	IV
167.28	0.6856	Reward Upgrades (0/4) •
167.28	0.7440	Attunement: Ignite Beacons, Slay
167.28	0.7814	Monsters
167.28	0.8222	* Time Bonus: Slay Afflicted Monsters •
167.28	0.8665	Reach District Boss before time expires •
167.28	0.9192	District Run
168.38	0.0644	› | 7:32 AM
168.38	0.0670	Ziggurat District ©
168.38	0.1168	FLOOR
168.38	0.1546	213
168.38	0.2741	119
168.38	0.4691	Normal
168.38	0.5438	Kurast Undercity
168.38	0.5919	IV
168.38	0.6855	Reward Upgrades (0/4) •
168.38	0.7440	Attunement: Ignite Beacons, Slay
168.38	0.7814	Monsters
168.38	0.8222	* Time Bonus: Slay Afflicted Monsters •
168.38	0.8665	Reach District Boss before time expires •
168.38	0.9192	District Run
169.49	0.0658	Ziggurat District © | 7:32 AN
169.49	0.1160	FLOOR
169.49	0.1538	2/3
169.49	0.2741	118
169.49	0.4691	Normal
169.49	0.5438	Kurast Undercity
169.49	0.5919	IV
169.49	0.6856	Reward Upgrades (0/4) •
169.49	0.7418	& Attunement: Ignite Beacons, Slay
169.49	0.7823	Monsters
169.49	0.8226	Z, Time Bonus: Slay Afflicted Monsters •
169.49	0.8666	Reach District Boss before time expires •
169.49	0.9192	District Run
170.54	0.0670	Ziggurat District © | 7:32 AM
170.54	0.1160	FLOOR
170.54	0.1538	2/3
170.54	0.2732	117
170.54	0.4691	Normal
170.54	0.5438	Kurast Undercity
170.54	0.5911	IV
170.54	0.6856	Reward Upgrades (0/4) •
170.54	0.7432	& Attunement: Ignite Beacons, Slay
170.54	0.7814	Monsters
170.54	0.8217	• Time Bonus: Slay Afflicted Monsters •
170.54	0.8667	Reach District Boss before time expires •
170.54	0.9192	District Run
171.62	0.0636	1 7:32 AM
171.62	0.0670	Ziggurat District ©
171.62	0.1160	FLOOR
171.62	0.1538	2/3
171.62	0.2732	116
171.62	0.4691	Normal
171.62	0.5438	Kurast Undercity
171.62	0.5919	IV
171.62	0.6856	Reward Upgrades (0/4) •
171.62	0.7433	& Attunement: Ignite Beacons, Slay
171.62	0.7823	Monsters
171.62	0.8213	Z Time Bonus: Slay Afflicted Monsters •
171.62	0.8665	Reach District Boss before time expires •
171.62	0.9192	District Run
172.68	0.0659	Ziggurat District © | 7:32 AN
172.68	0.1160	FLOOR
172.68	0.1538	2/3
172.68	0.2741	115
172.68	0.4691	Normal
172.68	0.5438	Kurast Undercity
172.68	0.5911	IV
172.68	0.6856	Reward Upgrades (0/4) •
172.68	0.7440	Attunement: Ignite Beacons, Slay
172.68	0.7815	Monsters
172.68	0.8218	Z Time Bonus: Slay Afflicted Monsters •
172.68	0.8667	Reach District Boss before time expires •
172.68	0.9192	District Run
173.76	0.0658	Ziggurat District © | 7:32 AN
173.76	0.1160	FLOOR
173.76	0.1538	2/3
173.76	0.2741	113
173.76	0.4691	Normal
173.76	0.5438	Kurast Undercity
173.76	0.5919	IV
173.76	0.6856	Reward Upgrades (0/4) •
173.76	0.7418	& Attunement: Ignite Beacons, Slay
173.76	0.7823	Monsters
173.76	0.8218	Z Time Bonus: Slay Afflicted Monsters •
173.76	0.8665	Reach District Boss before time expires •
173.76	0.9192	District Run
174.87	0.0659	Ziggurat District © | 7:32 AN
174.87	0.1160	FLOOR
174.87	0.1538	2/3
174.87	0.2741	112
174.87	0.4691	Normal
174.87	0.5438	Kurast Undercity
174.87	0.5919	IV
174.87	0.6856	Reward Upgrades (0/4) •
174.87	0.7440	• Attunement: Ignite Beacons, Slay
174.87	0.7823	Monsters
174.87	0.8226	* Time Bonus: Slay Afflicted Monsters •
174.87	0.8666	Reach District Boss before time expires •
174.87	0.9192	District Run
175.93	0.0658	Ziggurat District © | 7:32 AN
175.93	0.1160	FLOOR
175.93	0.1538	2/3
175.93	0.2732	111
175.93	0.4691	Normal
175.93	0.5438	Kurast Undercity
175.93	0.5919	IV
175.93	0.6856	Reward Upgrades (0/4) •
175.93	0.7440	• Attunement: Ignite Beacons, Slay
175.93	0.7823	Monsters
175.93	0.8226	* Time Bonus: Slay Afflicted Monsters •
175.93	0.8667	Reach District Boss before time expires •
175.93	0.9192	District Run
177.00	0.0658	Ziggurat District © | 7:32 AN
177.00	0.1160	FLOOR
177.00	0.1538	2/3
177.00	0.2741	110
177.00	0.4691	Normal
177.00	0.5438	Kurast Undercity
177.00	0.5919	IV
177.00	0.6856	Reward Upgrades (0/4) •
177.00	0.7432	& Attunement: Ignite Beacons, Slay
177.00	0.7823	Monsters
177.00	0.8218	Z Time Bonus: Slay Afflicted Monsters •
177.00	0.8665	Reach District Boss before time expires •
177.00	0.9192	District Run
178.08	0.0659	Ziggurat District © | 7:32 AN
178.08	0.1160	FLOOR
178.08	0.1538	2/3
178.08	0.2724	109
178.08	0.4691	Normal
178.08	0.5438	Kurast Undercity
178.08	0.5911	IV
178.08	0.6856	Reward Upgrades (0/4) •
178.08	0.7402	& Attunement: Ignite Beacons, Slay
178.08	0.7823	Monsters
178.08	0.8213	Z Time Bonus: Slay Afflicted Monsters •
178.08	0.8667	Reach District Boss before time expires •
178.08	0.9192	District Run
179.14	0.0658	Ziggurat District © | 7:32 AN
179.14	0.1160	FLOOR
179.14	0.1538	2/3
179.14	0.2741	108
179.14	0.4699	Normal
179.14	0.5438	Kurast Undercity
179.14	0.5911	IV
179.14	0.6856	Reward Upgrades (0/4) •
179.14	0.7419	& Attunement: Ignite Beacons, Slay
179.14	0.7807	Monsters
179.14	0.8218	Z Time Bonus: Slay Afflicted Monsters •
179.14	0.8667	Reach District Boss before time expires •
179.14	0.9180	District Run fY
180.24	0.0658	Ziggurat District © | 7:32 AN
180.24	0.1168	FLOOR
180.24	0.1538	2/3
180.24	0.2723	107
180.24	0.4691	Normal
180.24	0.5430	Kurast Undercity
180.24	0.5911	III IV
180.24	0.6856	Reward Upgrades (0/4) •
180.24	0.7389	§ Attunement: Ignite Beacons, Slay
180.24	0.7807	Monsters
180.24	0.8232	A Time Bonus: Slay Afflicted Monsters
180.24	0.8654	Reach District Boss before time expires •
180.24	0.9180	District Run fl
181.32	0.0658	Ziggurat District © | 7:32 AN
181.32	0.1168	FLOOR
181.32	0.1538	2/3
181.32	0.2732	106
181.32	0.4691	Normal
181.32	0.5438	Kurast Undercity
181.32	0.5919	IV
181.32	0.6856	Reward Upgrades (0/4) •
181.32	0.7440	Attunement: Ignite Beacons, Slay
181.32	0.7807	Monsters
181.32	0.8242	• Time Bonus: Slay Afflicted Monsters
181.32	0.8660	Reach District Boss before time expires •
181.32	0.9192	District Run
182.37	0.0670	Ziggurat District © | 7:32 AM
182.37	0.1168	FLOOR
182.37	0.1538	2/3
182.37	0.2732	105
182.37	0.4699	Normal
182.37	0.5438	Kurast Undercity
182.37	0.5911	IV
182.37	0.6856	Reward Upgrades (0/4)
182.37	0.7440	Attunement: Ignite Beacons, Slay
182.37	0.7814	Monsters
182.37	0.8263	Time Bonus: Slay Afflicted Monsters
182.37	0.8651	Reach District Boss before time expires
182.37	0.9192	District Run
182.37	0.9880	Grand Crisit Radean
183.51	0.0644	17:32 AM
183.51	0.0670	Ziggurat District ©
183.51	0.1168	FLOOR
183.51	0.1538	2/3
183.51	0.2732	104
183.51	0.4697	Normal
183.51	0.5442	Kurast Undercity I
183.51	0.5919	IV
183.51	0.6856	Reward Upgrades (0/4) •
183.51	0.7399	& Attunement: Ignite Beacons, Slay
183.51	0.7807	Monsters
183.51	0.8222	& Time Bonus: Slay Afflicted Monsters *
183.51	0.8667	Reach District Boss before time expires •
183.51	0.9192	District Run
183.51	0.9888	Cand Crisit Ragean
184.59	0.0658	Ziggurat District © | 7:32 AN
184.59	0.1168	FLOOR
184.59	0.1538	2/3
184.59	0.2723	103
184.59	0.4691	Normal
184.59	0.5438	Kurast Undercity
184.59	0.5919	IV
184.59	0.6856	Reward Upgrades (0/4) •
184.59	0.7402	& Attunement: Ignite Beacons, Slay
184.59	0.7807	Monsters
184.59	0.8218	Z Time Bonus: Slay Afflicted Monsters *
184.59	0.8667	Reach District Boss before time expires •
184.59	0.9192	District Run
184.59	0.9888	Cand Sri it Ragcan
185.65	0.0658	Ziggurat District © | 7:32 AN
185.65	0.1168	FLOOR
185.65	0.1538	2/3
185.65	0.2723	102
185.65	0.4699	Normal
185.65	0.5438	Kurast Undercity
185.65	0.5911	III IV
185.65	0.6856	Reward Upgrades (0/4) •
185.65	0.7419	& Attunement: Ignite Beacons, Slay
185.65	0.7807	Monsters
185.65	0.8250	- Time Bonus: Slay Afflicted Monsters
185.65	0.8651	Reach District Boss before time expires
185.65	0.9192	District Run
185.65	0.9888	Cand Crisis Ragcan
186.70	0.0644	17:32 AM
186.70	0.0670	Ziggurat District ©
186.70	0.1160	FLOOR
186.70	0.1538	2/3
186.70	0.2732	101
186.70	0.4691	Normal
186.70	0.5438	Kurast Undercity
186.70	0.5911	IV
186.70	0.6856	Reward Upgrades (0/4) •
186.70	0.7409	& Attunement: Ignite Beacons, Slay
186.70	0.7807	Monsters
186.70	0.8250	- Time Bonus: Slay Afflicted Monsters
186.70	0.8651	Reach District Boss before time expires
186.70	0.9192	District Run
186.70	0.9888	Lond Crisit Rageon
187.76	0.0670	Ziggurat District © | 7:32 AM
187.76	0.1160	FLOOR
187.76	0.1538	2/3
187.76	0.2732	99
187.76	0.4691	Normal
187.76	0.5438	Kurast Undercity
187.76	0.5911	IV
187.76	0.6856	Reward Upgrades (0/4)
187.76	0.7412	& Attunement: Ignite Beacons, Slay
187.76	0.7814	Monsters
187.76	0.8231	- Time Bonus: Slay Afflicted Monsters
187.76	0.8668	Reach District Boss before time expires
187.76	0.9192	District Run
187.76	0.9888	Grand Sirit Rancon
188.85	0.0670	Ziggurat District © | 7:32 AM
188.85	0.1160	FLOOR
188.85	0.1538	2/3
188.85	0.2732	98
188.85	0.4691	Normal
188.85	0.5438	Kurast Undercity
188.85	0.5919	IV
188.85	0.6856	Reward Upgrades (0/4) •
188.85	0.7419	& Attunement: Ignite Beacons, Slay
188.85	0.7792	Monsters
188.85	0.8243	2 Time Bonus: Slay Afflicted Monsters
188.85	0.8648	Reach District Boss before time expires
188.85	0.9192	District Run
189.90	0.0652	17:32 AM
189.90	0.0670	Ziggurat District ©
189.90	0.1164	FLOOR
189.90	0.1538	2/3
189.90	0.2723	97
189.90	0.4691	Normal
189.90	0.5438	Kurast Undercity
189.90	0.5911	IV
189.90	0.6856	Reward Upgrades (0/4) •
189.90	0.7409	& Attunement: Ignite Beacons, Slay
189.90	0.7807	Monsters
189.90	0.8218	* Time Bonus: Slay Afflicted Monsters *
189.90	0.8668	Reach District Boss before time expires •
189.90	0.9192	District Run
189.90	0.9888	Cand Saisit Ragcan
190.95	0.0670	Ziggurat District © | 7:32 AM
190.95	0.1160	FLOOR
190.95	0.1538	2/3
190.95	0.2732	96
190.95	0.4691	Normal
190.95	0.5438	Kurast Undercity
190.95	0.5926	III IV
190.95	0.6856	Reward Upgrades (0/4)
190.95	0.7410	& Attunement: Ignite Beacons, Slay
190.95	0.7807	Monsters
190.95	0.8232	- Time Bonus: Slay Afflicted Monsters
190.95	0.8648	Reach District Boss before time expires
190.95	0.9192	District Run
190.95	0.9897	Cond Smirit Bance
192.04	0.0670	Ziggurat District © | 7:32 AM
192.04	0.1160	FLOOR
192.04	0.1538	2/3
192.04	0.2732	95
192.04	0.4691	Normal
192.04	0.5430	Kurast Undercity
192.04	0.5911	III IV
192.04	0.6856	Reward Upgrades (0/4) •
192.04	0.7418	& Attunement: Ignite Beacons, Slay
192.04	0.7807	Monsters
192.04	0.8263	- Time Bonus: Slay Afflicted Monsters
192.04	0.8660	Reach District Boss before time expires •
192.04	0.9192	District Run
192.04	0.9888	Cand Crisit Rage
193.11	0.0670	Ziggurat District © | 7:32 AM
193.11	0.1168	FLOOR
193.11	0.1538	2/3
193.11	0.2732	94
193.11	0.4691	Normal
193.11	0.5431	Kurast Undercity
193.11	0.5919	III IV
193.11	0.6856	Reward Upgrades (0/4)
193.11	0.7410	& Attunement: Ignite Beacons, Slay
193.11	0.7807	Monsters
193.11	0.8263	Time Bonus: Slay Afflicted Monsters
193.11	0.8651	Reach District Boss before time expires
193.11	0.9192	District Run
193.11	0.9888	and Sri it Ragcan
194.23	0.0670	Ziggurat District © | 7:32 AM
194.23	0.1168	FLOOR
194.23	0.1538	2/3
194.23	0.2732	93
194.23	0.4699	Normal
194.23	0.5438	Kurast Undercity
194.23	0.5919	IV
194.23	0.6856	Reward Upgrades (0/4) •
194.23	0.7417	& Attunement: Ignite Beacons, Slay
194.23	0.7816	Monsters
194.23	0.8263	- Time Bonus: Slay Afflicted Monsters
194.23	0.8667	Reach District Boss before time expires •
194.23	0.9192	District Run
194.23	0.9888	Cand Sai it Rancan
195.33	0.0670	Ziggurat District © | 7:32 AM
195.33	0.1160	FLOOR
195.33	0.1538	2/3
195.33	0.2741	92
195.33	0.4691	Normal
195.33	0.5430	Kurast Undercity
195.33	0.5911	IV
195.33	0.6856	Reward Upgrades (0/4) •
195.33	0.7412	& Attunement: Ignite Beacons, Slay
195.33	0.7814	Monsters
195.33	0.8239	- Time Bonus: Slay Afflicted Monsters
195.33	0.8651	Reach District Boss before time expires
195.33	0.9192	District Run
195.33	0.9888	Lond Sni it Ragonn
196.44	0.0654	| 7:32 AN
196.44	0.0670	Ziggurat District ©
196.44	0.1160	FLOOR
196.44	0.1538	2/3
196.44	0.2732	91
196.44	0.4691	Normal
196.44	0.5438	Kurast Undercity
196.44	0.5911	IV
196.44	0.6856	Reward Upgrades (0/4)
196.44	0.7402	& Attunement: Ignite Beacons, Slay
196.44	0.7823	Monsters
196.44	0.8231	Z Time Bonus: Slay Afflicted Monsters *
196.44	0.8651	Reach District Boss before time expires
196.44	0.9192	District Run
196.44	0.9888	and Crisit Ragean
197.47	0.0670	Ziggurat District © | 7:32 AM
197.47	0.1160	FLOOR
197.47	0.1538	2/3
197.47	0.2732	90
197.47	0.4691	Normal
197.47	0.5438	Kurast Undercity
197.47	0.5911	IV
197.47	0.6856	Reward Upgrades (0/4) •
197.47	0.7409	& Attunement: Ignite Beacons, Slay
197.47	0.7807	Monsters
197.47	0.8232	- Time Bonus: Slay Afflicted Monsters
197.47	0.8668	Reach District Boss before time expires •
197.47	0.9192	District Run
197.47	0.9897	Cond Shirit Ragran
198.55	0.0670	Ziggurat District © | 7:32 AM
198.55	0.1160	FLOOR
198.55	0.1538	2/3
198.55	0.2732	89
198.55	0.4691	Normal
198.55	0.5438	Kurast Undercity
198.55	0.5911	III IV
198.55	0.6856	Reward Upgrades (0/4) •
198.55	0.7417	& Attunement: Ignite Beacons, Slay
198.55	0.7816	Monsters
198.55	0.8263	- Time Bonus: Slay Afflicted Monsters
198.55	0.8686	Reach District Boss before time expires
198.55	0.9192	District Run
198.55	0.9888	Cond Crisis Ranean
199.64	0.0670	Ziggurat District © | 7:32 AM
199.64	0.1168	FLOOR
199.64	0.1538	2/3
199.64	0.2732	88
199.64	0.4699	Normal
199.64	0.5438	Kurast Undercity
199.64	0.5911	III IV
199.64	0.6856	Reward Upgrades (0/4) •
199.64	0.7427	Attunement: Ignite Beacons, Slay
199.64	0.7816	Monsters
199.64	0.8209	- Time Bonus: Slay Afflicted Monsters
199.64	0.8668	Reach District Boss before time expires •
199.64	0.9192	District Run
199.64	0.9888	Cand Sai it Ragcan
200.71	0.0670	Ziggurat District © | 7:33 AM
200.71	0.1168	FLOOR
200.71	0.1538	2/3
200.71	0.2723	87
200.71	0.4691	Normal
200.71	0.5438	Kurast Undercity
200.71	0.5911	IV
200.71	0.6856	Reward Upgrades (0/4) •
200.71	0.7417	& Attunement: Ignite Beacons, Slay
200.71	0.7807	Monsters
200.71	0.8241	& Time Bonus: Slay Afflicted Monsters
200.71	0.8667	Reach District Boss before time expires •
200.71	0.9192	District Run
201.85	0.0644	| 7:33 AM
201.85	0.0662	Ziggurat District ©
201.85	0.1160	FLOOR
201.85	0.1538	2/3
201.85	0.2732	85
201.85	0.4691	Normal
201.85	0.5438	Kurast Undercity
201.85	0.5911	IV
201.85	0.6856	Reward Upgrades (0/4) •
201.85	0.7425	& Attunement: Ignite Beacons, Slay
201.85	0.7814	Monsters
201.85	0.8263	- Time Bonus: Slay Afflicted Monsters
201.85	0.8667	Reach District Boss before time expires •
201.85	0.9192	District Run
201.85	0.9888	Cond Sanit Ragcan
203.29	0.0644	© | 7:33 AM
203.29	0.4691	Normal
203.29	0.5438	Kurast Undercity
203.29	0.5919	IV
203.29	0.6856	Reward Upgrades (0/4) •
203.29	0.7409	& Attunement: Ignite Beacons, Slay
203.29	0.7807	Monsters
203.29	0.8240	• Time Bonus: Slay Afflicted Monsters •
203.29	0.8667	Reach District Boss before time expires •
203.29	0.9192	District Run
204.31	0.0640	1 7:33 AM
204.31	0.0670	Ziggurat District ©
204.31	0.1168	FLOOR
204.31	0.1538	3/3
204.31	0.2741	115
204.31	0.4691	Normal
204.31	0.5438	Kurast Undercity
204.31	0.5919	IV
204.31	0.6856	Reward Upgrades (0/4) •
204.31	0.7400	& Attunement: Ignite Beacons, Slay
204.31	0.7816	Monsters
204.31	0.8222	• Time Bonus: Slay Afflicted Monsters *
204.31	0.8660	Reach District Boss before time expires •
204.31	0.9192	District Run
205.37	0.0644	T7:33 AIM
205.37	0.0670	Ziggurat District ©
205.37	0.1168	FLOOR
205.37	0.1538	3/3
205.37	0.2741	115
205.37	0.4691	Normal
205.37	0.5430	Kurast Undercity
205.37	0.5919	IV
205.37	0.6856	Reward Upgrades (0/4) •
205.37	0.7402	& Attunement: Ignite Beacons, Slay
205.37	0.7816	Monsters
205.37	0.8222	- Time Bonus: Slay Afflicted Monsters *
205.37	0.8660	Reach District Boss before time expires •
205.37	0.9192	District Run
206.40	0.0644	| 7:33 AN
206.40	0.0670	Ziggurat District ©
206.40	0.1160	FLOOR
206.40	0.1538	3/3
206.40	0.2741	115
206.40	0.4699	Normal
206.40	0.5438	Kurast Undercity
206.40	0.5911	IV
206.40	0.6856	Reward Upgrades (0/4) •
206.40	0.7440	Attunement: Ignite Beacons, Slay
206.40	0.7814	Monsters
206.40	0.8229	Time Bonus: Slay Afflicted Monsters •
206.40	0.8668	Reach District Boss before time expires •
206.40	0.9192	District Run
207.45	0.0658	• Ziggurat District © | 7:33 AN
207.45	0.1161	FLOOR
207.45	0.1538	3/3
207.45	0.2741	115
207.45	0.4699	Normal
207.45	0.5438	Kurast Undercity
207.45	0.5911	III IV
207.45	0.6860	Reward Upgrades (0/4) •
207.45	0.7440	Attunement: Ignite Beacons, Slay
207.45	0.7814	Monsters
207.45	0.8229	Time Bonus: Slay Afflicted Monsters •
207.45	0.8665	Reach District Boss before time expires •
207.45	0.9180	District Run MY
208.50	0.0670	Ziggurat District © | 7:33 AM
208.50	0.1168	FLOOR
208.50	0.1546	373
208.50	0.2732	115
208.50	0.4691	Normal
208.50	0.5438	Kurast Undercity
208.50	0.5919	IV
208.50	0.6856	Reward Upgrades (0/4) •
208.50	0.7440	Attunement: Ignite Beacons, Slay
208.50	0.7823	Monsters
208.50	0.8239	Time Bonus: Slay Afflicted Monsters
208.50	0.8667	Reach District Boss before time expires •
208.50	0.9192	District Run
209.52	0.0670	Ziggurat District © | 7:33 AM
209.52	0.1161	FLOOR
209.52	0.1538	3/3
209.52	0.2732	115
209.52	0.4691	Normal
209.52	0.5438	Kurast Undercity
209.52	0.5911	IV
209.52	0.6856	Reward Upgrades (0/4) •
209.52	0.7440	Attunement: Ignite Beacons, Slay
209.52	0.7815	Monsters
209.52	0.8209	Time Bonus: Slay Afflicted Monsters
209.52	0.8667	Reach District Boss before time expires •
209.52	0.9192	District Run
210.66	0.0653	| 7:33 AN
210.66	0.0670	Ziggurat District ©
210.66	0.1168	FLOOR
210.66	0.1538	3/3
210.66	0.2741	115
210.66	0.4691	Normal
210.66	0.5438	Kurast Undercity
210.66	0.5919	IV
210.66	0.6856	Reward Upgrades (0/4) •
210.66	0.7440	Attunement: Ignite Beacons, Slay
210.66	0.7814	Monsters
210.66	0.8243	• Time Bonus: Slay Afflicted Monsters
210.66	0.8667	Reach District Boss before time expires •
210.66	0.9192	District Run
211.75	0.0658	Ziggurat District © | 7:33 AN
211.75	0.0902	Ghoul
211.75	0.1168	FLOOR
211.75	0.1538	3/3
211.75	0.2741	113
211.75	0.4691	Normal
211.75	0.5438	Kurast Undercity
211.75	0.5919	IV
211.75	0.6856	Reward Upgrades (0/4) •
211.75	0.7440	Attunement: Ignite Beacons, Slay
211.75	0.7823	Monsters
211.75	0.8250	Time Bonus: Slay Afflicted Monsters
211.75	0.8667	Reach District Boss before time expires •
211.75	0.9192	District Run
212.84	0.0658	Ziggurat District © | 7:33 AN
212.84	0.1168	FLOOR
212.84	0.1538	3/3
212.84	0.2741	112
212.84	0.4691	Normal
212.84	0.5431	Kurast Undercity
212.84	0.5911	III IV
212.84	0.6856	Reward Upgrades (0/4) •
212.84	0.7410	& Attunement: Ignite Beacons, Slay
212.84	0.7815	Monsters
212.84	0.8226	& Time Bonus: Slay Afflicted Monsters •
212.84	0.8667	Reach District Boss before time expires •
212.84	0.9192	District Run
213.90	0.0658	Ziggurat District © | 7:33 AN
213.90	0.1168	FLOOR
213.90	0.1538	3/3
213.90	0.2732	111
213.90	0.4697	Normal
213.90	0.5433	Kurast Undercity
213.90	0.5911	III IV
213.90	0.6856	Reward Upgrades (0/4) •
213.90	0.7410	& Attunement: Ignite Beacons, Slay
213.90	0.7814	Monsters
213.90	0.8213	Z Time Bonus: Slay Afflicted Monsters •
213.90	0.8667	Reach District Boss before time expires •
213.90	0.9192	District Run
215.00	0.0658	Ziggurat District © | 7:33 AN
215.00	0.1168	FLOOR
215.00	0.1323	ampire Bat
215.00	0.1538	3/3
215.00	0.2741	110
215.00	0.4691	Normal
215.00	0.5434	Kurast Undercity 1
215.00	0.5911	III IV
215.00	0.6856	Reward Upgrades (0/4) •
215.00	0.7409	& Attunement: Ignite Beacons, Slay
215.00	0.7807	Monsters
215.00	0.8232	- Time Bonus: Slay Afflicted Monsters
215.00	0.8660	Reach District Boss before time expires •
215.00	0.9192	District Run
216.07	0.0658	Ziggurat District © | 7:33 AN
216.07	0.1168	FLOOR
216.07	0.1538	3/3
216.07	0.2637	"109"
216.07	0.4691	Normal
216.07	0.5430	Kurast Undercity
216.07	0.5911	IV
216.07	0.6856	Reward Upgrades (0/4) •
216.07	0.7412	& Attunement: Ignite Beacons, Slay
216.07	0.7823	Monsters
216.07	0.8218	Z Time Bonus: Slay Afflicted Monsters •
216.07	0.8660	Reach District Boss before time expires •
216.07	0.9192	District Run
217.18	0.0658	Ziggurat District © | 7:33 AN
217.18	0.1168	FLOOR
217.18	0.1538	3/3
217.18	0.2732	108
217.18	0.4691	Normal
217.18	0.5430	Kurast Undercity
217.18	0.5911	IV
217.18	0.5919	HI
217.18	0.6856	Reward Upgrades (0/4) •
217.18	0.7404	& Attunement: Ignite Beacons, Slay •
217.18	0.7807	Monsters
217.18	0.8226	Z Time Bonus: Slay Afflicted Monsters •
217.18	0.8660	Reach District Boss before time expires •
217.18	0.9192	District Run
218.29	0.0658	Ziggurat District © | 7:33 AN
218.29	0.1168	FLOOR
218.29	0.1538	3/3
218.29	0.2723	107
218.29	0.4697	Normal
218.29	0.5430	Kurast Undercity
218.29	0.5911	IV
218.29	0.6856	Reward Upgrades (0/4) •
218.29	0.7411	& Attunement: Ignite Beacons, Slay
218.29	0.7814	Monsters
218.29	0.8226	Z Time Bonus: Slay Afflicted Monsters *
218.29	0.8660	Reach District Boss before time expires •
218.29	0.9192	District Run
219.34	0.0658	Ziggurat District © | 7:33 AN
219.34	0.1160	FLOOR
219.34	0.1546	3/3
219.34	0.2741	106
219.34	0.4691	Normal
219.34	0.5438	Kurast Undercity
219.34	0.5911	III IV
219.34	0.6856	Reward Upgrades (0/4) •
219.34	0.7410	& Attunement: Ignite Beacons, Slay
219.34	0.7807	Monsters
219.34	0.8242	• Time Bonus: Slay Afflicted Monsters
219.34	0.8660	Reach District Boss before time expires •
219.34	0.9192	District Run
220.40	0.0658	Ziggurat District © | 7:33 AN
220.40	0.1168	FLOOR
220.40	0.1538	3/3
220.40	0.2723	105
220.40	0.4691	Normal
220.40	0.5438	Kurast Undercity
220.40	0.5911	• IV
220.40	0.6856	Reward Upgrades (0/4) •
220.40	0.7425	& Attunement: Ignite Beacons, Slay
220.40	0.7823	Monsters
220.40	0.8250	- Time Bonus: Slay Afflicted Monsters
220.40	0.8668	Reach District Boss before time expires •
220.40	0.9180	District Run fY
221.53	0.0670	Ziggurat District © | 7:33 AM
221.53	0.1168	FLOOR
221.53	0.1538	3/3
221.53	0.2741	104
221.53	0.4691	Normal
221.53	0.5438	Kurast Undercity
221.53	0.5911	IV
221.53	0.6856	Reward Upgrades (0/4) •
221.53	0.7418	& Attunement: Ignite Beacons, Slay
221.53	0.7814	Monsters
221.53	0.8218	Z Time Bonus: Slay Afflicted Monsters •
221.53	0.8668	Reach District Boss before time expires •
221.53	0.9180	District Run fY
222.57	0.0658	Ziggurat District © | 7:33 AN
222.57	0.1168	FLOOR
222.57	0.1538	3/3
222.57	0.2728	103
222.57	0.4699	Normal
222.57	0.5438	Kurast Undercity
222.57	0.5911	• IV
222.57	0.6856	Reward Upgrades (0/4) •
222.57	0.7410	& Attunement: Ignite Beacons, Slay
222.57	0.7816	Monsters
222.57	0.8250	• Time Bonus: Slay Afflicted Monsters
222.57	0.8660	Reach District Boss before time expires •
222.57	0.9192	District Run
223.65	0.0670	Ziggurat District © | 7:33 AM
223.65	0.1160	FLOOR
223.65	0.1538	3/3
223.65	0.2732	102
223.65	0.4699	Normal
223.65	0.5438	Kurast Undercity
223.65	0.5921	IV
223.65	0.6856	Reward Upgrades (0/4) •
223.65	0.7418	& Attunement: Ignite Beacons, Slay
223.65	0.7807	Monsters
223.65	0.8251	2 Time Bonus: Slay Afflicted Monsters
223.65	0.8655	Reach District Boss before time expires •
223.65	0.9192	District Run
224.76	0.0658	Ziggurat District © | 7:33 AN
224.76	0.1168	FLOOR
224.76	0.1538	3/3
224.76	0.2732	100
224.76	0.4691	Normal
224.76	0.5438	Kurast Undercity
224.76	0.5919	IV
224.76	0.6856	Reward Upgrades (0/4)
224.76	0.7402	& Attunement: Ignite Beacons, Slay
224.76	0.7823	Monsters
224.76	0.8263	Time Bonus: Slay Afflicted Monsters
224.76	0.8649	Reach District Boss before time expires *
224.76	0.9192	District Run
225.81	0.0644	| 7:33 AM
225.81	0.0662	Ziggurat District
225.81	0.1160	FLOOR
225.81	0.1546	373
225.81	0.2732	99
225.81	0.4691	Normal
225.81	0.5438	Kurast Undercity
225.81	0.5911	III IV
225.81	0.6855	Reward Upgrades (0/4) •
225.81	0.7440	Attunement: Ignite Beacons, Slay
225.81	0.7814	Monsters
225.81	0.8242	• Time Bonus: Slay Afflicted Monsters
225.81	0.8667	Reach District Boss before time expires •
225.81	0.9192	District Run
226.92	0.0644	| 7:33 AM
226.92	0.0662	Ziggurat District ©
226.92	0.1168	FLOOR
226.92	0.1538	3/3
226.92	0.2732	98
226.92	0.4691	Normal
226.92	0.5438	Kurast Undercity
226.92	0.5911	IV
226.92	0.6856	Reward Upgrades (0/4) •
226.92	0.7440	Attunement: Ignite Beacons, Slay
226.92	0.7814	Monsters
226.92	0.8263	Time Bonus: Slay Afflicted Monsters
226.92	0.8667	Reach District Boss before time expires •
226.92	0.9192	District Run
228.02	0.0644	| 7:33 AM
228.02	0.0662	Ziggurat District
228.02	0.1164	FLOOR
228.02	0.1538	3/3
228.02	0.2723	97
228.02	0.4691	Normal
228.02	0.5438	Kurast Undercity
228.02	0.5911	IV
228.02	0.6856	Reward Upgrades (0/4) •
228.02	0.7440	Attunement: Ignite Beacons, Slay
228.02	0.7814	Monsters
228.02	0.8263	Time Bonus: Slay Afflicted Monsters
228.02	0.8667	Reach District Boss before time expires •
228.02	0.9192	District Run
229.08	0.0644	| 7:33 AM
229.08	0.0662	Ziggurat District ©
229.08	0.1168	FLOOR
229.08	0.1546	373
229.08	0.2732	96
229.08	0.4699	Normal
229.08	0.5438	Kurast Undercity
229.08	0.5911	III IV
229.08	0.6856	Reward Upgrades (0/4) •
229.08	0.7440	Attunement: Ignite Beacons, Slay
229.08	0.7823	Monsters
229.08	0.8239	Time Bonus: Slay Afflicted Monsters
229.08	0.8668	Reach District Boss before time expires •
229.08	0.9192	District Run
230.20	0.0648	| 7:33 AM
230.20	0.0662	Ziggurat District
230.20	0.1160	FLOOR
230.20	0.1546	373
230.20	0.2732	95
230.20	0.4691	Normal
230.20	0.5438	Kurast Undercity
230.20	0.5911	• IV
230.20	0.6856	Reward Upgrades (0/4) •
230.20	0.7440	Attunement: Ignite Beacons, Slay
230.20	0.7823	Monsters
230.20	0.8239	Time Bonus: Slay Afflicted Monsters
230.20	0.8651	Reach District Boss before time expires
230.20	0.9192	District Run
231.25	0.0644	| 7:33 AN
231.25	0.0662	Ziggurat District
231.25	0.1160	FLOOR
231.25	0.1538	3/3
231.25	0.2732	94
231.25	0.4691	Normal
231.25	0.5438	Kurast Undercity
231.25	0.5911	• IV
231.25	0.6856	Reward Upgrades (0/4) •
231.25	0.7440	Attunement: Ignite Beacons, Slay
231.25	0.7823	Monsters
231.25	0.8263	Time Bonus: Slay Afflicted Monsters
231.25	0.8667	Reach District Boss before time expires •
231.25	0.9192	District Run
232.33	0.0644	17:33 AM
232.33	0.0670	Ziggurat District ©
232.33	0.1160	FLOOR
232.33	0.1538	3/3
232.33	0.2732	93
232.33	0.4691	Normal
232.33	0.5438	Kurast Undercity
232.33	0.5919	IV
232.33	0.6856	Reward Upgrades (0/4) •
232.33	0.7410	& Attunement: Ignite Beacons, Slay
232.33	0.7815	Monsters
232.33	0.8263	Time Bonus: Slay Afflicted Monsters
232.33	0.8667	Reach District Boss before time expires •
232.33	0.9192	District Run
233.45	0.0644	| 7:33 AM
233.45	0.0670	Ziggurat District ©
233.45	0.1168	FLOOR
233.45	0.1538	3/3
233.45	0.2741	92
233.45	0.4691	Normal
233.45	0.5438	Kurast Undercity
233.45	0.5919	IV
233.45	0.6856	Reward Upgrades (0/4) •
233.45	0.7425	& Attunement: Ignite Beacons, Slay
233.45	0.7814	Monsters
233.45	0.8263	Time Bonus: Slay Afflicted Monsters
233.45	0.8666	Reach District Boss before time expires •
233.45	0.9192	District Run
234.50	0.0644	| 7:33 AM
234.50	0.0670	Ziggurat District ©
234.50	0.1164	FLOOR
234.50	0.1538	3/3
234.50	0.2732	91
234.50	0.4691	Normal
234.50	0.5438	Kurast Undercity
234.50	0.5919	IV
234.50	0.6856	Reward Upgrades (0/4) •
234.50	0.7440	Attunement: Ignite Beacons, Slay
234.50	0.7814	Monsters
234.50	0.8239	Time Bonus: Slay Afflicted Monsters
234.50	0.8660	Reach District Boss before time expires •
234.50	0.9192	District Run
235.53	0.0644	| 7:33 AM
235.53	0.0662	Ziggurat District
235.53	0.1164	FLOOR
235.53	0.1538	343
235.53	0.2723	90
235.53	0.4691	Normal
235.53	0.5438	Kurast Undercity
235.53	0.5911	• IV
235.53	0.6856	Reward Upgrades (0/4) •
235.53	0.7440	Attunement: Ignite Beacons, Slay
235.53	0.7823	Monsters
235.53	0.8263	Time Bonus: Slay Afflicted Monsters
235.53	0.8660	Reach District Boss before time expires •
235.53	0.9192	District Run
236.59	0.0650	| 7:33 AM
236.59	0.0670	Ziggurat District ©
236.59	0.1164	FLOOR
236.59	0.1529	3/3
236.59	0.2732	89
236.59	0.4691	Normal
236.59	0.5438	Kurast Undercity
236.59	0.5911	• IV
236.59	0.6856	Reward Upgrades (0/4) •
236.59	0.7440	Attunement: Ignite Beacons, Slay
236.59	0.7814	Monsters
236.59	0.8263	Time Bonus: Slay Afflicted Monsters
236.59	0.8667	Reach District Boss before time expires •
236.59	0.9192	District Run
237.68	0.0644	| 7:33 AN
237.68	0.0662	Ziggurat District
237.68	0.1168	FLOOR
237.68	0.1546	3/3
237.68	0.2732	88
237.68	0.4691	Normal
237.68	0.5438	Kurast Undercity
237.68	0.5911	• IV
237.68	0.6856	Reward Upgrades (0/4) •
237.68	0.7440	Attunement: Ignite Beacons, Slay
237.68	0.7807	Monsters
237.68	0.8263	- Time Bonus: Slay Afflicted Monsters
237.68	0.8660	Reach District Boss before time expires •
237.68	0.9192	District Run
238.72	0.0644	| 7:33 AN
238.72	0.0662	Ziggurat District
238.72	0.1164	FLOOR
238.72	0.1538	3/3
238.72	0.2732	86
238.72	0.4691	Normal
238.72	0.5438	Kurast Undercity
238.72	0.5911	III IV
238.72	0.6856	Reward Upgrades (0/4) •
238.72	0.7440	Attunement: Ignite Beacons, Slay
238.72	0.7814	Monsters
238.72	0.8263	WE Time Bonus: Slay Afflicted Monsters
238.72	0.8666	Reach District Boss before time expires •
238.72	0.9192	District Run
239.81	0.0644	| 7:33 AN
239.81	0.0662	Ziggurat District
239.81	0.1168	FLOOR
239.81	0.1538	3/3
239.81	0.2723	85
239.81	0.4691	Normal
239.81	0.5438	Kurast Undercity
239.81	0.5911	IV
239.81	0.6856	Reward Upgrades (0/4) •
239.81	0.7440	Attunement: Ignite Beacons, Slay
239.81	0.7816	Monsters
239.81	0.8242	• Time Bonus: Slay Afflicted Monsters
239.81	0.8667	Reach District Boss before time expires •
239.81	0.9192	District Run
240.84	0.0641	› | 7:33 AN
240.84	0.0670	Ziggurat District ©
240.84	0.1164	FLOOR
240.84	0.1538	373
240.84	0.2732	84
240.84	0.4691	Normal
240.84	0.5438	Kurast Undercity
240.84	0.5911	III IV
240.84	0.6856	Reward Upgrades (0/4) •
240.84	0.7440	Attunement: Ignite Beacons, Slay
240.84	0.7823	Monsters
240.84	0.8242	• Time Bonus: Slay Afflicted Monsters
240.84	0.8667	Reach District Boss before time expires •
240.84	0.9192	District Run
241.88	0.0644	| 7:33 AN
241.88	0.0662	Ziggurat District
241.88	0.1160	FLOOR
241.88	0.1538	3/3
241.88	0.2732	83
241.88	0.4691	Normal
241.88	0.5438	Kurast Undercity
241.88	0.5911	• IV
241.88	0.6856	Reward Upgrades (0/4) •
241.88	0.7440	Attunement: Ignite Beacons, Slay
241.88	0.7814	Monsters
241.88	0.8263	Time Bonus: Slay Afflicted Monsters
241.88	0.8667	Reach District Boss before time expires •
241.88	0.9192	District Run
242.93	0.0650	| 7:33 AM
242.93	0.0662	Ziggurat District ©
242.93	0.1161	FLOOR
242.93	0.1546	373
242.93	0.2741	82
242.93	0.4691	Normal
242.93	0.5438	Kurast Undercity
242.93	0.5919	IV
242.93	0.6856	Reward Upgrades (0/4) •
242.93	0.7440	Attunement: Ignite Beacons, Slay
242.93	0.7823	Monsters
242.93	0.8263	Time Bonus: Slay Afflicted Monsters
242.93	0.8667	Reach District Boss before time expires •
242.93	0.9192	District Run
243.99	0.0644	| 7:33 AM
243.99	0.0662	Ziggurat District
243.99	0.1164	FLOOR
243.99	0.1538	3/3
243.99	0.2732	81
243.99	0.4691	Normal
243.99	0.5438	Kurast Undercity
243.99	0.5919	• IV
243.99	0.6856	Reward Upgrades (0/4) •
243.99	0.7440	Attunement: Ignite Beacons, Slay
243.99	0.7807	Monsters
243.99	0.8263	- Time Bonus: Slay Afflicted Monsters
243.99	0.8667	Reach District Boss before time expires •
243.99	0.9192	District Run
245.05	0.0644	| 7:33 AM
245.05	0.0662	Ziggurat District
245.05	0.1164	FLOOR
245.05	0.1538	3/3
245.05	0.2741	80
245.05	0.4691	Normal
245.05	0.5438	Kurast Undercity
245.05	0.5911	- IV
245.05	0.6856	Reward Upgrades (0/4) •
245.05	0.7440	Attunement: Ignite Beacons, Slay
245.05	0.7814	Monsters
245.05	0.8263	Time Bonus: Slay Afflicted Monsters
245.05	0.8667	Reach District Boss before time expires •
245.05	0.9192	District Run
246.09	0.0644	| 7:33 AM
246.09	0.0662	Ziggurat District
246.09	0.1168	FLOOR
246.09	0.1538	3/3
246.09	0.2732	79
246.09	0.4691	Normal
246.09	0.5438	Kurast Undercity
246.09	0.5911	IV
246.09	0.6856	Reward Upgrades (0/4) •
246.09	0.7440	Attunement: Ignite Beacons, Slay
246.09	0.7814	Monsters
246.09	0.8242	• Time Bonus: Slay Afflicted Monsters
246.09	0.8667	Reach District Boss before time expires •
246.09	0.9192	District Run
247.18	0.0644	| 7:33 AM
247.18	0.0662	Ziggurat District
247.18	0.1164	FLOOR
247.18	0.1538	3/3
247.18	0.2732	78
247.18	0.4691	Normal
247.18	0.5438	Kurast Undercity
247.18	0.5919	III IV
247.18	0.6856	Reward Upgrades (0/4) •
247.18	0.7440	Attunement: Ignite Beacons, Slay
247.18	0.7807	Monsters
247.18	0.8242	• Time Bonus: Slay Afflicted Monsters
247.18	0.8668	Reach District Boss before time expires •
247.18	0.9192	District Run
248.28	0.0644	| 7:33 AM
248.28	0.0662	Ziggurat District
248.28	0.1160	FLOOR
248.28	0.1538	3/3
248.28	0.2732	77
248.28	0.4691	Normal
248.28	0.5438	Kurast Undercity
248.28	0.5911	• IV
248.28	0.6856	Reward Upgrades (0/4) •
248.28	0.7440	Attunement: Ignite Beacons, Slay
248.28	0.7823	Monsters
248.28	0.8263	Time Bonus: Slay Afflicted Monsters
248.28	0.8667	Reach District Boss before time expires •
248.28	0.9192	District Run
249.39	0.0644	| 7:33 AM
249.39	0.0662	Ziggurat District
249.39	0.1160	FLOOR
249.39	0.1538	3/3
249.39	0.2741	76
249.39	0.4691	Normal
249.39	0.5438	Kurast Undercity
249.39	0.5919	III IV
249.39	0.6856	Reward Upgrades (0/4) •
249.39	0.7440	Attunement: Ignite Beacons, Slay
249.39	0.7814	Monsters
249.39	0.8263	Time Bonus: Slay Afflicted Monsters
249.39	0.8667	Reach District Boss before time expires •
249.39	0.9192	District Run
250.44	0.0644	| 7:33 AM
250.44	0.0662	Ziggurat District
250.44	0.1160	FLOOR
250.44	0.1538	3/3
250.44	0.2732	75
250.44	0.4691	Normal
250.44	0.5438	Kurast Undercity
250.44	0.5911	• IV
250.44	0.6856	Reward Upgrades (0/4) •
250.44	0.7440	Attunement: Ignite Beacons, Slay
250.44	0.7814	Monsters
250.44	0.8242	• Time Bonus: Slay Afflicted Monsters
250.44	0.8667	Reach District Boss before time expires •
250.44	0.9192	District Run
251.56	0.0644	| 7:33 AM
251.56	0.0670	Ziggurat District
251.56	0.1164	FLOOR
251.56	0.1538	3/3
251.56	0.2732	74
251.56	0.4691	Normal
251.56	0.5438	Kurast Undercity
251.56	0.5911	• IV
251.56	0.6856	Reward Upgrades (0/4) •
251.56	0.7440	Attunement: Ignite Beacons, Slay
251.56	0.7823	Monsters
251.56	0.8263	Time Bonus: Slay Afflicted Monsters
251.56	0.8667	Reach District Boss before time expires •
251.56	0.9192	District Run
252.59	0.0644	| 7:33 AM
252.59	0.0662	Ziggurat District
252.59	0.1164	FLOOR
252.59	0.1538	3/3
252.59	0.2732	73
252.59	0.4691	Normal
252.59	0.5438	Kurast Undercity
252.59	0.5911	• IV
252.59	0.6856	Reward Upgrades (0/4) •
252.59	0.7440	Attunement: Ignite Beacons, Slay
252.59	0.7823	Monsters
252.59	0.8242	• Time Bonus: Slay Afflicted Monsters
252.59	0.8667	Reach District Boss before time expires •
252.59	0.9192	District Run
253.63	0.0644	| 7:33 AM
253.63	0.0662	Ziggurat District
253.63	0.1153	FLOOR
253.63	0.1538	3/3
253.63	0.2741	72
253.63	0.4691	Normal
253.63	0.5438	Kurast Undercity
253.63	0.5911	• IV
253.63	0.6856	Reward Upgrades (0/4) •
253.63	0.7440	Attunement: Ignite Beacons, Slay
253.63	0.7823	Monsters
253.63	0.8242	• Time Bonus: Slay Afflicted Monsters
253.63	0.8667	Reach District Boss before time expires •
253.63	0.9202	District Run
254.75	0.0658	Ziggurat District © | 7:33 AN
254.75	0.1160	FLOOR
254.75	0.1538	3/3
254.75	0.2741	70
254.75	0.4697	Normal
254.75	0.5443	Kurast Undercity 1
254.75	0.5911	IV
254.75	0.6856	Reward Upgrades (0/4) •
254.75	0.7440	Attunement: Ignite Beacons, Slay
254.75	0.7823	Monsters
254.75	0.8263	- Time Bonus: Slay Afflicted Monsters
254.75	0.8667	Reach District Boss before time expires •
254.75	0.9192	District Run
255.82	0.0636	• 7:33 AM
255.82	0.0670	Ziggurat District ©
255.82	0.1164	FLOOR
255.82	0.1538	3/3
255.82	0.2732	69
255.82	0.4691	Normal
255.82	0.5438	Kurast Undercity
255.82	0.5919	IV
255.82	0.6856	Reward Upgrades (0/4)
255.82	0.7440	Attunement: Ignite Beacons, Slay
255.82	0.7816	Monsters
255.82	0.8250	- Time Bonus: Slay Afflicted Monsters
255.82	0.8667	Reach District Boss before time expires •
255.82	0.9192	District Run
256.85	0.0644	| 7:33 AM
256.85	0.0670	Ziggurat District ©
256.85	0.1160	FLOOR
256.85	0.1538	3/3
256.85	0.2732	68
256.85	0.4691	Normal
256.85	0.5431	Kurast Undercity
256.85	0.5919	• IV
256.85	0.6856	Reward Upgrades (0/4) •
256.85	0.7440	Attunement: Ignite Beacons, Slay
256.85	0.7814	Monsters
256.85	0.8250	Time Bonus: Slay Afflicted Monsters
256.85	0.8667	Reach District Boss before time expires •
256.85	0.9192	District Run
257.87	0.0644	| 7:33 AM
257.87	0.0662	Ziggurat District
257.87	0.1160	FLOOR
257.87	0.1534	3/3
257.87	0.2732	67
257.87	0.4691	Normal
257.87	0.5430	Kurast Undercity
257.87	0.5911	III IV
257.87	0.6856	Reward Upgrades (0/4) •
257.87	0.7440	Attunement: Ignite Beacons, Slay
257.87	0.7823	Monsters
257.87	0.8250	Time Bonus: Slay Afflicted Monsters
257.87	0.8667	Reach District Boss before time expires •
257.87	0.9192	District Run
258.96	0.0644	| 7:33 AM
258.96	0.0662	Ziggurat District
258.96	0.1164	FLOOR
258.96	0.1538	3/3
258.96	0.2741	66
258.96	0.4691	Normal
258.96	0.5438	Kurast Undercity
258.96	0.5911	- IV
258.96	0.6856	Reward Upgrades (0/4) •
258.96	0.7440	Attunement: Ignite Beacons, Slay
258.96	0.7814	Monsters
258.96	0.8263	Time Bonus: Slay Afflicted Monsters
258.96	0.8667	Reach District Boss before time expires •
258.96	0.9192	District Run
260.08	0.0644	| 7:33 AM
260.08	0.0662	Ziggurat District ©
260.08	0.1160	FLOOR
260.08	0.1538	3/3
260.08	0.2732	65
260.08	0.4691	Normal
260.08	0.5438	Kurast Undercity
260.08	0.5911	III IV
260.08	0.6856	Reward Upgrades (0/4) •
260.08	0.7440	Attunement: Ignite Beacons, Slay
260.08	0.7814	Monsters
260.08	0.8250	Time Bonus: Slay Afflicted Monsters
260.08	0.8668	Reach District Boss before time expires •
260.08	0.9192	District Run
261.15	0.0644	| 7:34 AN
261.15	0.0662	Ziggurat District
261.15	0.1168	FLOOR
261.15	0.1538	3/3
261.15	0.2741	64
261.15	0.4691	Normal
261.15	0.5438	Kurast Undercity
261.15	0.5911	III IV
261.15	0.6856	Reward Upgrades (0/4) •
261.15	0.7440	Attunement: Ignite Beacons, Slay
261.15	0.7823	Monsters
261.15	0.8263	Time Bonus: Slay Afflicted Monsters
261.15	0.8667	Reach District Boss before time expires •
261.15	0.9192	District Run
262.21	0.0670	Ziggurat District © 17:34 AM
262.21	0.1160	FLOOR
262.21	0.1538	3/3
262.21	0.2741	63
262.21	0.4699	Normal
262.21	0.5430	Kurast Undercity
262.21	0.5911	III IV
262.21	0.6856	Reward Upgrades (0/4)
262.21	0.7409	& Attunement: Ignite Beacons, Slay
262.21	0.7823	Monsters
262.21	0.8218	Z Time Bonus: Slay Afflicted Monsters •
262.21	0.8667	Reach District Boss before time expires •
262.21	0.9192	District Run
263.29	0.0658	Ziggurat District © 17:34 AN
263.29	0.1160	FLOOR
263.29	0.1538	3/3
263.29	0.2741	62
263.29	0.4697	Normal
263.29	0.5438	Kurast Undercity
263.29	0.5919	III IV
263.29	0.6856	Reward Upgrades (0/4)
263.29	0.7409	& Attunement: Ignite Beacons, Slay
263.29	0.7807	Monsters
263.29	0.8218	Z Time Bonus: Slay Afflicted Monsters •
263.29	0.8660	Reach District Boss before time expires •
263.29	0.9192	District Run
264.42	0.0670	Ziggurat District © | 7:34 AM
264.42	0.1160	FLOOR
264.42	0.1538	3/3
264.42	0.2732	61
264.42	0.4699	Normal
264.42	0.5438	Kurast Undercity
264.42	0.5911	• IV
264.42	0.6856	Reward Upgrades (0/4) •
264.42	0.7400	& Attunement: Ignite Beacons, Slay
264.42	0.7816	Monsters
264.42	0.8235	• Time Bonus: Slay Afflicted Monsters •
264.42	0.8667	Reach District Boss before time expires •
264.42	0.9192	District Run
265.48	0.0670	Ziggurat District © | 7:34 AM
265.48	0.1160	FLOOR
265.48	0.1538	3/3
265.48	0.2740	60
265.48	0.4699	Normal
265.48	0.5430	Kurast Undercity
265.48	0.5911	IV
265.48	0.6856	Reward Upgrades (0/4) •
265.48	0.7403	& Attunement: Ignite Beacons, Slay
265.48	0.7814	Monsters
265.48	0.8218	- Time Bonus: Slay Afflicted Monsters •
265.48	0.8660	Reach District Boss before time expires •
265.48	0.9192	District Run
266.63	0.0636	) | 7:34 AM
266.63	0.0670	Ziggurat District ©
266.63	0.1168	FLOOR
266.63	0.1538	3/3
266.63	0.2732	59
266.63	0.4691	Normal
266.63	0.5438	Kurast Undercity
266.63	0.5919	IV
266.63	0.6856	Reward Upgrades (0/4) •
266.63	0.7410	& Attunement: Ignite Beacons, Slay
266.63	0.7807	Monsters
266.63	0.8218	- Time Bonus: Slay Afflicted Monsters •
266.63	0.8667	Reach District Boss before time expires •
266.63	0.9192	District Run
267.68	0.0670	Ziggurat District © | 7:34 AM
267.68	0.1160	FLOOR
267.68	0.1538	3/3
267.68	0.2732	58
267.68	0.4699	Normal
267.68	0.5438	Kurast Undercity
267.68	0.5911	• IV
267.68	0.6856	Reward Upgrades (0/4) •
267.68	0.7402	& Attunement: Ignite Beacons, Slay
267.68	0.7807	Monsters
267.68	0.8226	Time Bonus: Slay Afflicted Monsters •
267.68	0.8655	Reach District Boss before time expires •
267.68	0.9192	District Run
268.75	0.0644	17:34 AM
268.75	0.0670	Ziggurat District G
268.75	0.1160	FLOOR
268.75	0.1538	3/3
268.75	0.2732	56
268.75	0.4699	Normal
268.75	0.5438	Kurast Undercity
268.75	0.5919	IV
268.75	0.6856	Reward Upgrades (0/4) •
268.75	0.7409	& Attunement: Ignite Beacons, Slay
268.75	0.7807	Monsters
268.75	0.8240	- Time Bonus: Slay Afflicted Monsters
268.75	0.8668	Reach District Boss before time expires *
268.75	0.9192	District Run
269.87	0.0670	Ziggurat District © | 7:34 AM
269.87	0.1160	FLOOR
269.87	0.1538	3/3
269.87	0.2732	55
269.87	0.4691	Normal
269.87	0.5430	Kurast Undercity
269.87	0.5911	III IV
269.87	0.6856	Reward Upgrades (0/4) •
269.87	0.7399	& Attunement: Ignite Beacons, Slay
269.87	0.7807	Monsters
269.87	0.8232	A Time Bonus: Slay Afflicted Monsters
269.87	0.8651	Reach District Boss before time expires
269.87	0.9180	District Run f
270.92	0.0644	| 7:34 AM
270.92	0.0670	Ziggurat District ©
270.92	0.1168	FLOOR
270.92	0.1538	3/3
270.92	0.2732	54
270.92	0.4691	Normal
270.92	0.5442	Kurast Undercity 1
270.92	0.5902	• IV
270.92	0.6860	Reward Upgrades (0/4) •
270.92	0.7431	Attunement: Ignite Beacons, Slay
270.92	0.7807	Monsters
270.92	0.8231	- Time Bonus: Slay Afflicted Monsters
270.92	0.8648	Reach District Boss before time expires
270.92	0.9192	District Run
271.98	0.0670	Ziggurat District © | 7:34 AM
271.98	0.1160	FLOOR
271.98	0.1538	3/3
271.98	0.2732	53
271.98	0.4691	Normal
271.98	0.5430	Kurast Undercity
271.98	0.5919	FIV
271.98	0.6856	Reward Upgrades (0/4)
271.98	0.7418	& Attunement: Ignite Beacons, Slay
271.98	0.7814	Monsters
271.98	0.8226	& Time Bonus: Slay Afflicted Monsters •
271.98	0.8667	Reach District Boss before time expires •
271.98	0.9192	District Run
273.05	0.0644	| 7:34 AM
273.05	0.0670	Ziggurat District G
273.05	0.1164	FLOOR
273.05	0.1538	3/3
273.05	0.2741	52
273.05	0.4699	Normal
273.05	0.5438	Kurast Undercity
273.05	0.5919	IV
273.05	0.6856	Reward Upgrades (0/4)
273.05	0.7418	& Attunement: Ignite Beacons, Slay
273.05	0.7823	Monsters
273.05	0.8243	Z Time Bonus: Slay Afflicted Monsters
273.05	0.8655	Reach District Boss before time expires •
273.05	0.9192	District Run
274.12	0.0644	| 7:34 AM
274.12	0.0670	Ziggurat District G
274.12	0.1160	FLOOR
274.12	0.1538	3/3
274.12	0.2732	51
274.12	0.4691	Normal
274.12	0.5438	Kurast Undercity
274.12	0.5911	IV
274.12	0.6856	Reward Upgrades (0/4) •
274.12	0.7409	& Attunement: Ignite Beacons, Slay
274.12	0.7807	Monsters
274.12	0.8239	& Time Bonus: Slay Afflicted Monsters •
274.12	0.8660	Reach District Boss before time expires •
274.12	0.9192	District Run
275.23	0.0670	Ziggurat District © |7:34 AM
275.23	0.1160	FLOOR
275.23	0.1538	3/3
275.23	0.2732	50
275.23	0.4691	Normal
275.23	0.5438	Kurast Undercity
275.23	0.5919	IV
275.23	0.6856	Reward Upgrades (0/4) •
275.23	0.7409	& Attunement: Ignite Beacons, Slay
275.23	0.7807	Monsters
275.23	0.8249	• Time Bonus: Slay Afflicted Monsters
275.23	0.8660	Reach District Boss before time expires •
275.23	0.9192	District Run
276.34	0.0636	I 7:34 AN
276.34	0.0662	Ziggurat District D
276.34	0.1160	FLOOR
276.34	0.1538	3/3
276.34	0.2732	49
276.34	0.3265	Z
276.34	0.4699	Normal
276.34	0.5438	Kurast Undercity
276.34	0.5926	III IV
276.34	0.6856	Reward Upgrades (0/4) •
276.34	0.7400	& Attunement: Ignite Beacons, Slay
276.34	0.7816	Monsters
276.34	0.8231	& Time Bonus: Slay Afflicted Monsters *
276.34	0.8660	Reach District Boss before time expires •
276.34	0.9192	District Run
277.37	0.0636	17:34 AM
277.37	0.0670	Ziggurat District ©
277.37	0.1160	FLOOR
277.37	0.1538	3/3
277.37	0.2732	48
277.37	0.4699	Normal
277.37	0.5438	Kurast Undercity
277.37	0.5911	• IV
277.37	0.6856	Reward Upgrades (0/4) •
277.37	0.7418	& Attunement: Ignite Beacons, Slay
277.37	0.7814	Monsters
277.37	0.8222	& Time Bonus: Slay Afflicted Monsters *
277.37	0.8660	Reach District Boss before time expires •
277.37	0.9180	District Run fY
278.40	0.0644	| 7:34 AM
278.40	0.0662	Ziggurat District
278.40	0.1164	FLOOR
278.40	0.1538	3/3
278.40	0.2732	47
278.40	0.4691	Normal
278.40	0.5438	Kurast Undercity
278.40	0.5911	III IV
278.40	0.6856	Reward Upgrades (0/4) •
278.40	0.7425	& Attunement: Ignite Beacons, Slay
278.40	0.7814	Monsters
278.40	0.8263	- Time Bonus: Slay Afflicted Monsters
278.40	0.8655	Reach District Boss before time expires •
278.40	0.9192	District Run
279.51	0.0636	›| 7:34 AN
279.51	0.0670	Ziggurat District ©
279.51	0.1164	FLOOR
279.51	0.1546	373
279.51	0.2741	46
279.51	0.4699	Normal
279.51	0.5430	Kurast Undercity
279.51	0.5911	IV
279.51	0.5919	II
279.51	0.6856	Reward Upgrades (0/4) •
279.51	0.7440	Attunement: Ignite Beacons, Slay
279.51	0.7814	Monsters
279.51	0.8239	Time Bonus: Slay Afflicted Monsters
279.51	0.8651	Reach District Boss before time expires
279.51	0.9192	District Run
280.53	0.0644	| 7:34 AM
280.53	0.0670	Ziggurat District ©
280.53	0.1164	FLOOR
280.53	0.1538	3/3
280.53	0.2732	45
280.53	0.4691	Normal
280.53	0.5438	Kurast Undercity
280.53	0.5911	IV
280.53	0.6856	Reward Upgrades (0/4) •
280.53	0.7440	Attunement: Ignite Beacons, Slay
280.53	0.7823	Monsters
280.53	0.8242	• Time Bonus: Slay Afflicted Monsters
280.53	0.8668	Reach District Boss before time expires *
280.53	0.9192	District Run
281.59	0.0659	Ziggurat District © | 7:34 AN
281.59	0.1168	FLOOR
281.59	0.1546	373
281.59	0.2732	44
281.59	0.4691	Normal
281.59	0.5442	Kurast Undercity 1
281.59	0.5911	LIV
281.59	0.6856	Reward Upgrades (0/4) •
281.59	0.7440	Attunement: Ignite Beacons, Slay
281.59	0.7814	Monsters
281.59	0.8242	• Time Bonus: Slay Afflicted Monsters
281.59	0.8667	Reach District Boss before time expires •
281.59	0.9192	District Run
282.66	0.0644	| 7:34 AM
282.66	0.0670	Ziggurat District G
282.66	0.1168	FLOOR
282.66	0.1538	3/3
282.66	0.2732	43
282.66	0.4691	Normal
282.66	0.5438	Kurast Undercity
282.66	0.5911	IV
282.66	0.6856	Reward Upgrades (0/4)
282.66	0.7440	Attunement: Ignite Beacons, Slay
282.66	0.7823	Monsters
282.66	0.8242	& Time Bonus: Slay Afflicted Monsters
282.66	0.8651	Reach District Boss before time expires
282.66	0.9192	District Run
283.70	0.0644	| 7:34 AM
283.70	0.0670	Ziggurat District ©
283.70	0.1168	FLOOR
283.70	0.1538	3/3
283.70	0.2741	42
283.70	0.4691	Normal
283.70	0.5430	Kurast Undercity
283.70	0.5919	IV
283.70	0.6856	Reward Upgrades (0/4) •
283.70	0.7440	Attunement: Ignite Beacons, Slay
283.70	0.7823	Monsters
283.70	0.8263	Time Bonus: Slay Afflicted Monsters
283.70	0.8667	Reach District Boss before time expires •
283.70	0.9192	District Run
284.74	0.0658	Ziggurat District © | 7:34 AN
284.74	0.1168	FLOOR
284.74	0.1538	3/3
284.74	0.2732	41
284.74	0.4691	Normal
284.74	0.5438	Kurast Undercity
284.74	0.5911	IV
284.74	0.6856	Reward Upgrades (0/4) •
284.74	0.7440	Attunement: Ignite Beacons, Slay
284.74	0.7823	Monsters
284.74	0.8222	& Time Bonus: Slay Afflicted Monsters •
284.74	0.8665	Reach District Boss before time expires •
284.74	0.9192	District Run
285.82	0.0670	Ziggurat District © | 7:34 AM
285.82	0.1168	FLOOR
285.82	0.1546	3/3
285.82	0.2732	39
285.82	0.4691	Normal
285.82	0.5438	Kurast Undercity
285.82	0.5911	IV
285.82	0.6856	Reward Upgrades (0/4) •
285.82	0.7426	& Attunement: Ignite Beacons, Slay
285.82	0.7814	Monsters
285.82	0.8242	• Time Bonus: Slay Afflicted Monsters
285.82	0.8666	Reach District Boss before time expires •
285.82	0.9192	District Run
286.87	0.0644	| 7:34 AN
286.87	0.0670	Ziggurat District G
286.87	0.1168	FLOOR
286.87	0.1538	3/3
286.87	0.2732	38
286.87	0.4691	Normal
286.87	0.5438	Kurast Undercity
286.87	0.5911	• IV
286.87	0.6856	Reward Upgrades (0/4) •
286.87	0.7440	Attunement: Ignite Beacons, Slay
286.87	0.7816	Monsters
286.87	0.8242	• Time Bonus: Slay Afflicted Monsters
286.87	0.8667	Reach District Boss before time expires •
286.87	0.9192	District Run
287.93	0.0644	›| 7:34 A
287.93	0.0670	Ziggurat District ©
287.93	0.1168	FLOOR
287.93	0.1546	373
287.93	0.2723	37
287.93	0.4691	Normal
287.93	0.5438	Kurast Undercity
287.93	0.5911	IV
287.93	0.6856	Reward Upgrades (0/4) •
287.93	0.7440	Attunement: Ignite Beacons, Slay
287.93	0.7814	Monsters
287.93	0.8263	Time Bonus: Slay Afflicted Monsters
287.93	0.8660	Reach District Boss before time expires •
287.93	0.9192	District Run
288.98	0.0636	› 7:34 AN
288.98	0.0670	Ziggurat District ©
288.98	0.1168	FLOOR
288.98	0.1538	3/3
288.98	0.2732	36
288.98	0.4691	Normal
288.98	0.5438	Kurast Undercity
288.98	0.5911	IV
288.98	0.6856	Reward Upgrades (0/4) •
288.98	0.7440	Attunement: Ignite Beacons, Slay
288.98	0.7823	Monsters
288.98	0.8250	- Time Bonus: Slay Afflicted Monsters
288.98	0.8668	Reach District Boss before time expires •
288.98	0.9192	District Run
290.06	0.0644	| 7:34 AM
290.06	0.0670	Ziggurat District ©
290.06	0.1168	FLOOR
290.06	0.1538	3/3
290.06	0.2732	35
290.06	0.4691	Normal
290.06	0.5438	Kurast Undercity
290.06	0.5911	• IV
290.06	0.6856	Reward Upgrades (0/4) •
290.06	0.7440	Attunement: Ignite Beacons, Slay
290.06	0.7814	Monsters
290.06	0.8263	Time Bonus: Slay Afflicted Monsters
290.06	0.8668	Reach District Boss before time expires •
290.06	0.9192	District Run
291.10	0.0670	Ziggurat District © | 7:34 AN
291.10	0.1160	FLOOR
291.10	0.1538	3/3
291.10	0.2732	34
291.10	0.4691	Normal
291.10	0.5438	Kurast Undercity
291.10	0.5911	IV
291.10	0.6856	Reward Upgrades (0/4) •
291.10	0.7440	Attunement: Ignite Beacons, Slay
291.10	0.7816	Monsters
291.10	0.8263	Time Bonus: Slay Afflicted Monsters
291.10	0.8667	Reach District Boss before time expires •
291.10	0.9192	District Run
292.15	0.0670	Ziggurat District © | 7:34 AN
292.15	0.1168	FLOOR
292.15	0.1538	3/3
292.15	0.2732	33
292.15	0.4691	Normal
292.15	0.5438	Kurast Undercity
292.15	0.5911	IV
292.15	0.6856	Reward Upgrades (0/4) •
292.15	0.7418	& Attunement: Ignite Beacons, Slay
292.15	0.7814	Monsters
292.15	0.8263	Time Bonus: Slay Afflicted Monsters
292.15	0.8667	Reach District Boss before time expires •
292.15	0.9192	District Run
293.19	0.0636	| 7:34 AM
293.19	0.0670	Ziggurat District ©
293.19	0.1168	FLOOR
293.19	0.1538	3/3
293.19	0.2741	32
293.19	0.4699	Normal
293.19	0.5438	Kurast Undercity
293.19	0.5919	IV
293.19	0.6856	Reward Upgrades (0/4) •
293.19	0.7410	& Attunement: Ignite Beacons, Slay
293.19	0.7823	Monsters
293.19	0.8263	Time Bonus: Slay Afflicted Monsters
293.19	0.8667	Reach District Boss before time expires •
293.19	0.9192	District Run
294.27	0.0670	Ziggurat District © | 7:34 AM
294.27	0.1160	FLOOR
294.27	0.1538	3/3
294.27	0.2732	31
294.27	0.4691	Normal
294.27	0.5438	Kurast Undercity
294.27	0.5919	IV
294.27	0.5936	111
294.27	0.6856	Reward Upgrades (0/4) •
294.27	0.7440	Attunement: Ignite Beacons, Slay
294.27	0.7814	Monsters
294.27	0.8239	Time Bonus: Slay Afflicted Monsters
294.27	0.8667	Reach District Boss before time expires •
294.27	0.9202	District Run
295.35	0.0658	Ziggurat District © | 7:34 AM
295.35	0.1168	FLOOR
295.35	0.1546	373
295.35	0.2732	30
295.35	0.4691	Normal
295.35	0.5441	Kurast Undercity
295.35	0.5911	• IV
295.35	0.6856	Reward Upgrades (0/4) •
295.35	0.7440	Attunement: Ignite Beacons, Slay
295.35	0.7814	Monsters
295.35	0.8239	Time Bonus: Slay Afflicted Monsters
295.35	0.8667	Reach District Boss before time expires •
295.35	0.9192	District Run
296.38	0.0644	| 7:34 AM
296.38	0.0662	Ziggurat District
296.38	0.1168	FLOOR
296.38	0.1538	3/3
296.38	0.2741	29
296.38	0.4699	Normal
296.38	0.5438	Kurast Undercity
296.38	0.5911	• IV
296.38	0.6856	Reward Upgrades (0/4) •
296.38	0.7440	Attunement: Ignite Beacons, Slay
296.38	0.7816	Monsters
296.38	0.8243	& Time Bonus: Slay Afflicted Monsters
296.38	0.8668	Reach District Boss before time expires •
296.38	0.9192	District Run
297.43	0.0644	| 7:34 AM
297.43	0.0662	Ziggurat District
297.43	0.1168	FLOOR
297.43	0.1538	3/3
297.43	0.2741	28
297.43	0.4691	Normal
297.43	0.5438	Kurast Undercity
297.43	0.5911	IV
297.43	0.6856	Reward Upgrades (0/4) •
297.43	0.7440	• Attunement: Ignite Beacons, Slay
297.43	0.7823	Monsters
297.43	0.8226	& Time Bonus: Slay Afflicted Monsters •
297.43	0.8666	Reach District Boss before time expires •
297.43	0.9192	District Run
298.57	0.0636	| 7:34 AM
298.57	0.0670	Ziggurat District G
298.57	0.1168	FLOOR
298.57	0.1546	3/3
298.57	0.2741	27
298.57	0.4691	Normal
298.57	0.5438	Kurast Undercity
298.57	0.5919	IV
298.57	0.6856	Reward Upgrades (0/4) •
298.57	0.7440	Attunement: Ignite Beacons, Slay
298.57	0.7823	Monsters
298.57	0.8250	- Time Bonus: Slay Afflicted Monsters
298.57	0.8660	Reach District Boss before time expires •
298.57	0.9192	District Run
299.70	0.0658	Ziggurat District © | 7:34 AN
299.70	0.1160	FLOOR
299.70	0.1538	3/3
299.70	0.2741	26
299.70	0.4691	Normal
299.70	0.5438	Kurast Undercity
299.70	0.5919	IV
299.70	0.6856	Reward Upgrades (0/4) •
299.70	0.7440	Attunement: Ignite Beacons, Slay
299.70	0.7807	Monsters
299.70	0.8263	Time Bonus: Slay Afflicted Monsters
299.70	0.8667	Reach District Boss before time expires •
299.70	0.9192	District Run
300.82	0.0636	›| 7:34 AN
300.82	0.0670	Ziggurat District ©
300.82	0.1168	FLOOR
300.82	0.1538	3/3
300.82	0.2741	24
300.82	0.4691	Normal
300.82	0.5438	Kurast Undercity
300.82	0.5911	IV
300.82	0.6856	Reward Upgrades (0/4)
300.82	0.7426	& Attunement: Ignite Beacons, Slay
300.82	0.7814	Monsters
300.82	0.8250	- Time Bonus: Slay Afflicted Monsters
300.82	0.8667	Reach District Boss before time expires •
300.82	0.9192	District Run
301.88	0.0670	Ziggurat District ©
301.88	0.0671	| 7:34 AM
301.88	0.1168	FLOOR
301.88	0.1538	3/3
301.88	0.2741	23
301.88	0.4697	Normal
301.88	0.5438	Kurast Undercity
301.88	0.5911	• IV
301.88	0.6856	Reward Upgrades (0/4) •
301.88	0.7440	Attunement: Ignite Beacons, Slay
301.88	0.7814	Monsters
301.88	0.8242	• Time Bonus: Slay Afflicted Monsters
301.88	0.8666	Reach District Boss before time expires •
301.88	0.9192	District Run
302.92	0.0653	| 7:34 AM
302.92	0.0670	Ziggurat District G
302.92	0.1168	FLOOR
302.92	0.1538	3/3
302.92	0.2741	22
302.92	0.4691	Normal
302.92	0.5437	Kurast Undercity 1
302.92	0.5919	• IV
302.92	0.5919	HI
302.92	0.6856	Reward Upgrades (0/4)
302.92	0.7418	& Attunement: Ignite Beacons, Slay
302.92	0.7807	Monsters
302.92	0.8263	- Time Bonus: Slay Afflicted Monsters
302.92	0.8654	Reach District Boss before time expires *
302.92	0.9192	District Run
304.04	0.0653	| 7:34 AN
304.04	0.0670	Ziggurat District ©
304.04	0.1168	FLOOR
304.04	0.1538	3/3
304.04	0.2741	21
304.04	0.4691	Normal
304.04	0.5438	Kurast Undercity
304.04	0.5911	• IV
304.04	0.6856	Reward Upgrades (0/4) •
304.04	0.7440	Attunement: Ignite Beacons, Slay
304.04	0.7814	Monsters
304.04	0.8242	• Time Bonus: Slay Afflicted Monsters
304.04	0.8668	Reach District Boss before time expires •
304.04	0.9192	District Run
305.09	0.0653	› | 7:34 AM
305.09	0.0670	Ziggurat District ©
305.09	0.1168	FLOOR
305.09	0.1538	3/3
305.09	0.2741	20
305.09	0.4699	Normal
305.09	0.5438	Kurast Undercity
305.09	0.5911	IV
305.09	0.6856	Reward Upgrades (0/4) •
305.09	0.7440	Attunement: Ignite Beacons, Slay
305.09	0.7814	Monsters
305.09	0.8242	• Time Bonus: Slay Afflicted Monsters
305.09	0.8667	Reach District Boss before time expires •
305.09	0.9192	District Run
306.12	0.0636	| 7:34 AM
306.12	0.0670	Ziggurat District ©
306.12	0.1168	FLOOR
306.12	0.1538	3/3
306.12	0.2732	19
306.12	0.4691	Normal
306.12	0.5438	Kurast Undercity
306.12	0.5911	IV
306.12	0.6856	Reward Upgrades (0/4) •
306.12	0.7440	Attunement: Ignite Beacons, Slay
306.12	0.7816	Monsters
306.12	0.8263	Time Bonus: Slay Afflicted Monsters
306.12	0.8667	Reach District Boss before time expires •
306.12	0.9192	District Run
307.16	0.0644	| 7:34 AM
307.16	0.0670	Ziggurat District G
307.16	0.1160	FLOOR
307.16	0.1546	373
307.16	0.2732	18
307.16	0.4691	Normal
307.16	0.5438	Kurast Undercity
307.16	0.5911	• IV
307.16	0.6856	Reward Upgrades (0/4) •
307.16	0.7440	Attunement: Ignite Beacons, Slay
307.16	0.7823	Monsters
307.16	0.8263	Time Bonus: Slay Afflicted Monsters
307.16	0.8660	Reach District Boss before time expires •
307.16	0.9192	District Run
308.32	0.0670	Ziggurat District © | 7:34 AM
308.32	0.1168	FLOOR
308.32	0.1538	3/3
308.32	0.2741	17
308.32	0.4691	Normal
308.32	0.5438	Kurast Undercity
308.32	0.5919	IV
308.32	0.6856	Reward Upgrades (0/4) •
308.32	0.7440	Attunement: Ignite Beacons, Slay
308.32	0.7815	Monsters
308.32	0.8242	• Time Bonus: Slay Afflicted Monsters
308.32	0.8667	Reach District Boss before time expires •
308.32	0.9192	District Run
309.42	0.0659	Ziggurat District © | 7:34 AN
309.42	0.1168	FLOOR
309.42	0.1538	3/3
309.42	0.2732	16
309.42	0.4691	Normal
309.42	0.5438	Kurast Undercity
309.42	0.5911	IV
309.42	0.6856	Reward Upgrades (0/4) •
309.42	0.7418	& Attunement: Ignite Beacons, Slay
309.42	0.7807	Monsters
309.42	0.8263	Time Bonus: Slay Afflicted Monsters
309.42	0.8668	Reach District Boss before time expires •
309.42	0.9192	District Run
310.47	0.0658	Ziggurat District © | 7:34 AN
310.47	0.1160	FLOOR
310.47	0.1538	3/3
310.47	0.2732	15
310.47	0.3265	Z
310.47	0.4691	Normal
310.47	0.5438	Kurast Undercity
310.47	0.5911	IV
310.47	0.6856	Reward Upgrades (0/4) •
310.47	0.7440	Attunement: Ignite Beacons, Slay
310.47	0.7823	Monsters
310.47	0.8263	Time Bonus: Slay Afflicted Monsters
310.47	0.8660	Reach District Boss before time expires •
310.47	0.9192	District Run
311.55	0.0670	Ziggurat District © | 7:34 AM
311.55	0.1168	FLOOR
311.55	0.1538	3/3
311.55	0.2741	14
311.55	0.3265	Z
311.55	0.4691	Normal
311.55	0.5438	Kurast Undercity
311.55	0.5911	• IV
311.55	0.6856	Reward Upgrades (0/4) •
311.55	0.7440	Attunement: Ignite Beacons, Slay
311.55	0.7814	Monsters
311.55	0.8263	Time Bonus: Slay Afflicted Monsters
311.55	0.8651	Reach District Boss before time expires
311.55	0.9192	District Run
312.67	0.0653	› | 7:34 AM
312.67	0.0670	Ziggurat District ©
312.67	0.1168	FLOOR
312.67	0.1538	3/3
312.67	0.2741	13
312.67	0.4691	Normal
312.67	0.5438	Kurast Undercity
312.67	0.5911	IV
312.67	0.6856	Reward Upgrades (0/4) •
312.67	0.7418	& Attunement: Ignite Beacons, Slay
312.67	0.7814	Monsters
312.67	0.8242	• Time Bonus: Slay Afflicted Monsters
312.67	0.8651	Reach District Boss before time expires
312.67	0.9192	District Run
313.76	0.0670	Ziggurat District © | 7:34 AM
313.76	0.1164	FLOOR
313.76	0.1538	3/3
313.76	0.2732	11
313.76	0.4691	Normal
313.76	0.5438	Kurast Undercity
313.76	0.5919	IV
313.76	0.6856	Reward Upgrades (0/4) •
313.76	0.7410	& Attunement: Ignite Beacons, Slay
313.76	0.7815	Monsters
313.76	0.8250	- Time Bonus: Slay Afflicted Monsters
313.76	0.8667	Reach District Boss before time expires •
313.76	0.9192	District Run
314.83	0.0658	Ziggurat District © | 7:34 AM
314.83	0.1168	FLOOR
314.83	0.1538	3/3
314.83	0.2741	10
314.83	0.3265	Z
314.83	0.4691	Normal
314.83	0.5438	Kurast Undercity
314.83	0.5919	IV
314.83	0.6856	Reward Upgrades (0/4) •
314.83	0.7440	Attunement: Ignite Beacons, Slay
314.83	0.7814	Monsters
314.83	0.8263	- Time Bonus: Slay Afflicted Monsters
314.83	0.8667	Reach District Boss before time expires •
314.83	0.9192	District Run
315.90	0.0658	Ziggurat District © |7:34 AN
315.90	0.1164	FLOOR
315.90	0.1538	3/3
315.90	0.2723	9
315.90	0.4691	Normal
315.90	0.5438	Kurast Undercity
315.90	0.5911	IV
315.90	0.6856	Reward Upgrades (0/4) •
315.90	0.7418	& Attunement: Ignite Beacons, Slay
315.90	0.7814	Monsters
315.90	0.8263	- Time Bonus: Slay Afflicted Monsters
315.90	0.8667	Reach District Boss before time expires •
315.90	0.9192	District Run
317.00	0.0653	| 7:34 AN
317.00	0.0670	Ziggurat District ©
317.00	0.1168	FLOOR
317.00	0.1538	373
317.00	0.2732	8
317.00	0.4691	Normal
317.00	0.5438	Kurast Undercity
317.00	0.5911	III IV
317.00	0.6856	Reward Upgrades (0/4) •
317.00	0.7440	Attunement: Ignite Beacons, Slay
317.00	0.7816	Monsters
317.00	0.8237	Time Bonus: Slay Afflicted Monsters •
317.00	0.8668	Reach District Boss before time expires •
317.00	0.9192	District Run
318.08	0.0653	| 7:34 AN
318.08	0.0670	Ziggurat District ©
318.08	0.1164	FLOOR
318.08	0.1529	3/3
318.08	0.4691	Normal
318.08	0.5430	Kurast Undercity
318.08	0.5919	IV
318.08	0.6856	Reward Upgrades (0/4) •
318.08	0.7440	Attunement: Ignite Beacons, Slay
318.08	0.7816	Monsters
318.08	0.8242	• Time Bonus: Slay Afflicted Monsters
318.08	0.8668	Reach District Boss before time expires •
318.08	0.9192	District Run
319.17	0.0644	| 7:34 AM
319.17	0.0662	Ziggurat District
319.17	0.1164	FLOOR
319.17	0.1538	3/3
319.17	0.4691	Normal
319.17	0.5438	Kurast Undercity
319.17	0.5919	IV
319.17	0.6856	Reward Upgrades (0/4) •
319.17	0.7440	Attunement: Ignite Beacons, Slay
319.17	0.7814	Monsters
319.17	0.8242	• Time Bonus: Slay Afflicted Monsters
319.17	0.8668	Reach District Boss before time expires *
319.17	0.9192	District Run
320.31	0.0644	| 7:34 AM
320.31	0.0662	Ziggurat District ©
320.31	0.1168	FLOOR
320.31	0.1546	373
320.31	0.2723	5
320.31	0.3247	Z
320.31	0.4699	Normal
320.31	0.5432	Kurast Undercity
320.31	0.5919	IV
320.31	0.6856	Reward Upgrades (0/4) •
320.31	0.7440	Attunement: Ignite Beacons, Slay
320.31	0.7814	Monsters
320.31	0.8242	• Time Bonus: Slay Afflicted Monsters
320.31	0.8668	Reach District Boss before time expires •
320.31	0.9192	District Run
321.44	0.0636	J| 7:35 AN
321.44	0.0670	Ziggurat District ©
321.44	0.1168	FLOOR
321.44	0.1538	3/3
321.44	0.2732	4
321.44	0.3256	Z
321.44	0.4691	Normal
321.44	0.5438	Kurast Undercity
321.44	0.5919	IV
321.44	0.6856	Reward Upgrades (0/4) •
321.44	0.7440	Attunement: Ignite Beacons, Slay
321.44	0.7823	Monsters
321.44	0.8263	Time Bonus: Slay Afflicted Monsters
321.44	0.8667	Reach District Boss before time expires •
321.44	0.9192	District Run
322.56	0.0644	| 7:35 AN
322.56	0.0670	Ziggurat District G
322.56	0.1160	FLOOR
322.56	0.1538	3/3
322.56	0.2732	3
322.56	0.4691	Normal
322.56	0.5438	Kurast Undercity
322.56	0.5911	IV
322.56	0.6856	Reward Upgrades (0/4) •
322.56	0.7418	& Attunement: Ignite Beacons, Slay
322.56	0.7807	Monsters
322.56	0.8250	Time Bonus: Slay Afflicted Monsters
322.56	0.8660	Reach District Boss before time expires •
322.56	0.9180	District Run fa
323.62	0.0636	| 7:35 AM
323.62	0.0670	Ziggurat District ©
323.62	0.1168	FLOOR
323.62	0.1538	3/3
323.62	0.2732	3
323.62	0.4691	Normal
323.62	0.5438	Kurast Undercity
323.62	0.5911	III IV
323.62	0.6856	Reward Upgrades (0/4) •
323.62	0.7440	Attunement: Ignite Beacons, Slay
323.62	0.7823	Monsters
323.62	0.8263	Time Bonus: Slay Afflicted Monsters
323.62	0.8660	Reach District Boss before time expires •
323.62	0.9192	District Run
324.66	0.0653	| 7:35 AM
324.66	0.0670	Ziggurat District ©
324.66	0.1160	FLOOR
324.66	0.1546	3/3
324.66	0.2741	2
324.66	0.4691	Normal
324.66	0.5438	Kurast Undercity
324.66	0.5911	IV
324.66	0.6856	Reward Upgrades (0/4) •
324.66	0.7440	Attunement: Ignite Beacons, Slay
324.66	0.7807	Monsters
324.66	0.8263	Time Bonus: Slay Afflicted Monsters
324.66	0.8667	Reach District Boss before time expires •
324.66	0.9192	District Run
325.71	0.0659	Ziggurat District © | 7:35 AN
325.71	0.1160	FLOOR
325.71	0.1538	3/3
325.71	0.2741	2
325.71	0.4691	Normal
325.71	0.5441	Kurast Undercity
325.71	0.5911	• IV
325.71	0.6856	Reward Upgrades (0/4) •
325.71	0.7440	Attunement: Ignite Beacons, Slay
325.71	0.7815	Monsters
325.71	0.8263	- Time Bonus: Slay Afflicted Monsters
325.71	0.8650	Reach District Boss before time expires
325.71	0.9192	District Run
326.81	0.0658	Ziggurat District © | 7:35 AN
326.81	0.1160	FLOOR
326.81	0.1546	373
326.81	0.4699	Normal
326.81	0.5438	Kurast Undercity
326.81	0.5919	IV
326.81	0.6864	Reward Upgrades (0/4)
326.81	0.7426	& Attunement: Ignite Beacons, Slay
326.81	0.7823	Monsters
326.81	0.8229	Time Bonus: Slay Afflicted Monsters •
326.81	0.8667	Reach District Boss before time expires •
326.81	0.9192	District Run
327.88	0.0658	Ziggurat District © | 7:35 AN
327.88	0.1168	FLOOR
327.88	0.1538	3/3
327.88	0.4691	Normal
327.88	0.5438	Kurast Undercity
327.88	0.5911	IV
327.88	0.5928	I 11
327.88	0.6924	District Run
328.94	0.0646	Ziggurat District © 7:35 AM
328.94	0.1161	FLOOR
328.94	0.1546	3/3
328.94	0.4691	Normal
328.94	0.5438	Kurast Undercity
328.94	0.5997	District Run
329.98	0.0658	Ziggurat District © | 7:35 AN
329.98	0.1160	FLOOR
329.98	0.1529	3/3
329.98	0.4691	Normal
329.98	0.5438	Kurast Undercity
329.98	0.5997	District Run
331.04	0.0658	Ziggurat District © | 7:35 AN
331.04	0.1160	FLOOR
331.04	0.1538	3/3
331.04	0.4691	Normal
331.04	0.5438	Kurast Undercity
331.04	0.5997	District Run
