2.67	0.0653	| 6:30 AN
2.67	0.0670	Ziggurat District ©
2.67	0.1160	FLOOR
2.67	0.1546	1/3
2.67	0.2723	150
2.67	0.4691	Normal
2.67	0.5455	Kurast Undercity Ya
2.67	0.5919	*IV
2.67	0.9178	District Run fY
3.69	0.0653	| 6:30 AN
3.69	0.0670	Ziggurat District ©
3.69	0.1168	FLOOR
3.69	0.1538	1/3
3.69	0.2723	150
3.69	0.4691	Normal
3.69	0.5430	Kurast Undercity
3.69	0.5919	IV
3.69	0.6856	Reward Upgrades (0/4)
3.69	0.7448	Attunement: Ignite Beacons, Slay
3.69	0.7819	Monsters
3.69	0.8250	- Time Bonus: Slay Afflicted Monsters
3.69	0.8677	Reach District Boss before time expires
3.69	0.9192	District Run
4.74	0.0644	| 6:30 AN
4.74	0.0670	Ziggurat District ©
4.74	0.1164	FLOOR
4.74	0.1546	1/3
4.74	0.2723	150
4.74	0.4699	Normal
4.74	0.5438	Kurast Undercity
4.74	0.5919	IV
4.74	0.6856	Reward Upgrades (0/4) •
4.74	0.7440	Attunement: Ignite Beacons, Slay
4.74	0.7819	Monsters
4.74	0.8209	Time Bonus: Slay Afflicted Monsters
4.74	0.8668	Reach District Boss before time expires •
4.74	0.9192	District Run
5.81	0.0653	| 6:30 AN
5.81	0.0670	Ziggurat District ©
5.81	0.1160	FLOOR
5.81	0.1546	1/3
5.81	0.2723	150
5.81	0.4699	Normal
5.81	0.5438	Kurast Undercity
5.81	0.5919	IV
5.81	0.6856	Reward Upgrades (0/4) •
5.81	0.7448	Attunement: Ignite Beacons, Slay
5.81	0.7819	Monsters
5.81	0.8209	Time Bonus: Slay Afflicted Monsters
5.81	0.8668	Reach District Boss before time expires *
5.81	0.9192	District Run
6.89	0.0644	| 6:30 AN
6.89	0.0670	Ziggurat District ©
6.89	0.1160	FLOOR
6.89	0.1538	1/3
6.89	0.2723	150
6.89	0.4691	Normal
6.89	0.5438	Kurast Undercity
6.89	0.5911	IV
6.89	0.6856	Reward Upgrades (0/4)
6.89	0.7409	& Attunement: Ignite Beacons, Slay
6.89	0.7814	Monsters
6.89	0.8256	Time Bonus: Slay Afflicted Monsters
6.89	0.8667	Reach District Boss before time expires •
6.89	0.9192	District Run
7.93	0.0670	Ziggurat District © | 6:30 AM
7.93	0.1160	FLOOR
7.93	0.1546	1/3
7.93	0.2732	149
7.93	0.4691	Normal
7.93	0.5438	Kurast Undercity
7.93	0.5919	IV
7.93	0.6856	Reward Upgrades (0/4) •
7.93	0.7400	& Attunement: Ignite Beacons, Slay
7.93	0.7819	Monsters
7.93	0.8247	Time Bonus: Slay Afflicted Monsters
7.93	0.8667	Reach District Boss before time expires •
7.93	0.9192	District Run
8.96	0.0645	› | 6:30 AM
8.96	0.0670	Ziggurat District ©
8.96	0.1160	FLOOR
8.96	0.1546	1/3
8.96	0.2732	148
8.96	0.4691	Normal
8.96	0.5438	Kurast Undercity
8.96	0.5919	IV
8.96	0.6856	Reward Upgrades (0/4) •
8.96	0.7419	& Attunement: Ignite Beacons, Slay
8.96	0.7819	Monsters
8.96	0.8209	• Time Bonus: Slay Afflicted Monsters
8.96	0.8667	Reach District Boss before time expires •
8.96	0.9192	District Run
10.00	0.0644	0†6:30 AM
10.00	0.0658	Ziggurat District o
10.00	0.1160	FLOOR
10.00	0.1546	1/3
10.00	0.2732	147
10.00	0.4699	Normal
10.00	0.5438	Kurast Undercity
10.00	0.5911	IV
10.00	0.6856	Reward Upgrades (0/4) •
10.00	0.7410	& Attunement: Ignite Beacons, Slay
10.00	0.7809	Monsters
10.00	0.8187	- Time Bonus: Slay Afflicted Monsters
10.00	0.8667	Reach District Boss before time expires •
10.00	0.9192	District Run
11.04	0.0670	Ziggurat District © | 6:30 AM
11.04	0.1160	FLOOR
11.04	0.1546	1/3
11.04	0.2732	146
11.04	0.4699	Normal
11.04	0.5438	Kurast Undercity
11.04	0.5911	IV
11.04	0.6856	Reward Upgrades (0/4) •
11.04	0.7410	& Attunement: Ignite Beacons, Slay
11.04	0.7819	Monsters
11.04	0.8187	- Time Bonus: Slay Afflicted Monsters
11.04	0.8667	Reach District Boss before time expires •
11.04	0.9192	District Run
12.13	0.0636	›| 6:30 AM
12.13	0.0670	Ziggurat District ©
12.13	0.1160	FLOOR
12.13	0.1546	1/3
12.13	0.2732	145
12.13	0.4699	Normal
12.13	0.5438	Kurast Undercity
12.13	0.5911	IV
12.13	0.6856	Reward Upgrades (0/4) •
12.13	0.7412	& Attunement: Ignite Beacons, Slay
12.13	0.7819	Monsters
12.13	0.8187	- Time Bonus: Slay Afflicted Monsters
12.13	0.8667	Reach District Boss before time expires •
12.13	0.9192	District Run
13.15	0.0670	Ziggurat District © | 6:30 AM
13.15	0.1160	FLOOR
13.15	0.1546	1/3
13.15	0.2732	144
13.15	0.4699	Normal
13.15	0.5438	Kurast Undercity
13.15	0.5911	• IV
13.15	0.6856	Reward Upgrades (0/4) •
13.15	0.7418	& Attunement: Ignite Beacons, Slay
13.15	0.7819	Monsters
13.15	0.8240	- Time Bonus: Slay Afflicted Monsters
13.15	0.8667	Reach District Boss before time expires •
13.15	0.9192	District Run
14.19	0.0658	Ziggurat District © | 6:30 AN
14.19	0.1160	FLOOR
14.19	0.1538	1/3
14.19	0.2732	143
14.19	0.4699	Normal
14.19	0.5438	Kurast Undercity
14.19	0.5911	IV
14.19	0.6856	Reward Upgrades (0/4) •
14.19	0.7426	& Attunement: Ignite Beacons, Slay
14.19	0.7819	Monsters
14.19	0.8209	• Time Bonus: Slay Afflicted Monsters
14.19	0.8667	Reach District Boss before time expires •
14.19	0.9192	District Run
15.25	0.0658	Ziggurat District © | 6:30 AN
15.25	0.1160	FLOOR
15.25	0.1538	1/3
15.25	0.2732	142
15.25	0.4699	Normal
15.25	0.5438	Kurast Undercity
15.25	0.5911	III IV
15.25	0.6856	Reward Upgrades (0/4) •
15.25	0.7419	& Attunement: Ignite Beacons, Slay
15.25	0.7819	Monsters
15.25	0.8247	Time Bonus: Slay Afflicted Monsters
15.25	0.8667	Reach District Boss before time expires •
15.25	0.9192	District Run
16.32	0.0658	Ziggurat District © | 6:30 AN
16.32	0.1160	FLOOR
16.32	0.1538	1/3
16.32	0.2732	141
16.32	0.4691	Normal
16.32	0.5438	Kurast Undercity
16.32	0.5919	IV
16.32	0.6856	Reward Upgrades (0/4) •
16.32	0.7401	§ Attunement: Ignite Beacons, Slay
16.32	0.7819	Monsters
16.32	0.8263	Time Bonus: Slay Afflicted Monsters
16.32	0.8676	Reach District Boss before time expires •
16.32	0.9192	District Run
17.39	0.0658	Ziggurat District © | 6:30 AN
17.39	0.1164	FLOOR
17.39	0.1546	1/3
17.39	0.2732	140
17.39	0.4691	Normal
17.39	0.5430	Kurast Undercity
17.39	0.5911	IV
17.39	0.6856	Reward Upgrades (0/4) •
17.39	0.7410	& Attunement: Ignite Beacons, Slay
17.39	0.7819	Monsters
17.39	0.8263	- Time Bonus: Slay Afflicted Monsters
17.39	0.8660	Reach District Boss before time expires •
17.39	0.9192	District Run
18.42	0.0655	Ziggurat District © | 6:30 AM
18.42	0.1160	FLOOR
18.42	0.1538	1/3
18.42	0.2732	139
18.42	0.4691	Normal
18.42	0.5430	Kurast Undercity
18.42	0.5919	IV
18.42	0.5919	HI
18.42	0.6856	Reward Upgrades (0/4)
18.42	0.7400	& Attunement: Ignite Beacons, Slay
18.42	0.7819	Monsters
18.42	0.8248	- Time Bonus: Slay Afflicted Monsters
18.42	0.8677	Reach District Boss before time expires •
18.42	0.9192	District Run
19.45	0.0658	Ziggurat District © | 6:30 AN
19.45	0.1160	FLOOR
19.45	0.1546	1/3
19.45	0.2732	138
19.45	0.4699	Normal
19.45	0.5431	Kurast Undercity
19.45	0.5919	I I IV
19.45	0.6856	Reward Upgrades (0/4) •
19.45	0.7409	& Attunement: Ignite Beacons, Slay
19.45	0.7809	Monsters
19.45	0.8245	& Time Bonus: Slay Afflicted Monsters
19.45	0.8676	Reach District Boss before time expires •
19.45	0.9182	District Run f
20.49	0.0636	1 6:31 AN
20.49	0.0663	Ziggurat District ©
20.49	0.1160	FLOOR
20.49	0.1546	1/3
20.49	0.2732	137
20.49	0.3265	Z
20.49	0.4699	Normal
20.49	0.5427	Kurast Undercity
20.49	0.5919	I I DI IV
20.49	0.6856	Reward Upgrades (0/4)
20.49	0.7399	& Attunement: Ignite Beacons, Slay
20.49	0.7792	Monsters
20.49	0.8242	Z Time Bonus: Slay Afflicted Monsters
20.49	0.8668	Reach District Boss before time expires *
20.49	0.9181	District Run f
21.55	0.0659	Ziggurat District © | 6:31 AN
21.55	0.1160	FLOOR
21.55	0.1546	1/3
21.55	0.2732	136
21.55	0.4699	Normal
21.55	0.5437	Kurast Undercity i
21.55	0.5902	IV
21.55	0.6856	Reward Upgrades (0/4)
21.55	0.7419	& Attunement: Ignite Beacons, Slay
21.55	0.7814	Monsters
21.55	0.8263	& Time Bonus: Slay Afflicted Monsters
21.55	0.8668	Reach District Boss before time expires •
21.55	0.9182	- District Run fy
22.58	0.0670	Ziggurat District © | 6:31 AM
22.58	0.1168	FLOOR
22.58	0.1546	1/3
22.58	0.2732	135
22.58	0.4699	Normal
22.58	0.5438	Kurast Undercity
22.58	0.5919	IV
22.58	0.6856	Reward Upgrades (0/4) •
22.58	0.7441	& Attunement: Ignite Beacons, Slay
22.58	0.7819	Monsters
22.58	0.8263	Time Bonus: Slay Afflicted Monsters
22.58	0.8667	Reach District Boss before time expires •
22.58	0.9192	District Run
23.64	0.0654	| 6:31 AM
23.64	0.0670	Ziggurat District ©
23.64	0.1168	FLOOR
23.64	0.1538	1/3
23.64	0.2732	134
23.64	0.4699	Normal
23.64	0.5438	Kurast Undercity
23.64	0.5911	IV
23.64	0.6856	Reward Upgrades (0/4) •
23.64	0.7427	& Attunement: Ignite Beacons, Slay
23.64	0.7819	Monsters
23.64	0.8229	Time Bonus: Slay Afflicted Monsters •
23.64	0.8667	Reach District Boss before time expires •
23.64	0.9192	District Run
24.69	0.0646	| 6:31 AM
24.69	0.0670	Ziggurat District G
24.69	0.1160	FLOOR
24.69	0.1538	1/3
24.69	0.2732	133
24.69	0.4691	Normal
24.69	0.5438	Kurast Undercity
24.69	0.5911	• IV
24.69	0.6856	Reward Upgrades (0/4) •
24.69	0.7421	& Attunement: Ignite Beacons, Slay
24.69	0.7819	Monsters
24.69	0.8246	Time Bonus: Slay Afflicted Monsters •
24.69	0.8667	Reach District Boss before time expires •
24.69	0.9192	District Run
25.72	0.0646	| 6:31 AM
25.72	0.0670	Ziggurat District G
25.72	0.1164	FLOOR
25.72	0.1546	1/3
25.72	0.2732	132
25.72	0.4691	Normal
25.72	0.5438	Kurast Undercity
25.72	0.5911	IV
25.72	0.6856	Reward Upgrades (0/4) •
25.72	0.7427	& Attunement: Ignite Beacons, Slay
25.72	0.7819	Monsters
25.72	0.8263	Time Bonus: Slay Afflicted Monsters
25.72	0.8667	Reach District Boss before time expires •
25.72	0.9187	District Run f
26.77	0.0646	| 6:31 AN
26.77	0.0670	Ziggurat District G
26.77	0.1168	FLOOR
26.77	0.1546	1/3
26.77	0.2732	130
26.77	0.4691	Normal
26.77	0.5438	Kurast Undercity
26.77	0.5919	IV
26.77	0.6856	Reward Upgrades (0/4) •
26.77	0.7417	& Attunement: Ignite Beacons, Slay
26.77	0.7819	Monsters
26.77	0.8247	Time Bonus: Slay Afflicted Monsters
26.77	0.8668	Reach District Boss before time expires •
26.77	0.9192	District Run
27.80	0.0646	| 6:31 AM
27.80	0.0670	Ziggurat District ©
27.80	0.1168	FLOOR
27.80	0.1546	1/3
27.80	0.2732	129
27.80	0.4691	Normal
27.80	0.5430	Kurast Undercity
27.80	0.5911	IV
27.80	0.6856	Reward Upgrades (0/4) •
27.80	0.7411	& Attunement: Ignite Beacons, Slay
27.80	0.7808	Monsters
27.80	0.8256	Time Bonus: Slay Afflicted Monsters
27.80	0.8667	Reach District Boss before time expires •
27.80	0.9202	District Run
28.85	0.0636	| 6:31 AN
28.85	0.0666	Ziggurat District ©
28.85	0.1160	FLOOR
28.85	0.1546	1/3
28.85	0.2732	128
28.85	0.4699	Normal
28.85	0.5438	Kurast Undercity
28.85	0.5911	IV
28.85	0.6856	Reward Upgrades (0/4) •
28.85	0.7421	& Attunement: Ignite Beacons, Slay
28.85	0.7819	Monsters
28.85	0.8239	Time Bonus: Slay Afflicted Monsters
28.85	0.8667	Reach District Boss before time expires •
28.85	0.9192	District Run
29.89	0.0646	| 6:31 AM
29.89	0.0670	Ziggurat District ©
29.89	0.1160	FLOOR
29.89	0.1546	1/3
29.89	0.2732	127
29.89	0.4699	Normal
29.89	0.5438	Kurast Undercity
29.89	0.5919	IV
29.89	0.6856	Reward Upgrades (0/4) •
29.89	0.7400	& Attunement: Ignite Beacons, Slay
29.89	0.7819	Monsters
29.89	0.8256	Time Bonus: Slay Afflicted Monsters
29.89	0.8667	Reach District Boss before time expires •
29.89	0.9192	District Run
30.95	0.0636	| 6:31 AM
30.95	0.0666	Ziggurat District ©
30.95	0.1160	FLOOR
30.95	0.1546	1/3
30.95	0.2732	126
30.95	0.4699	Normal
30.95	0.5438	Kurast Undercity
30.95	0.5911	IV
30.95	0.6856	Reward Upgrades (0/4) •
30.95	0.7402	& Attunement: Ignite Beacons, Slay
30.95	0.7819	Monsters
30.95	0.8262	Time Bonus: Slay Afflicted Monsters
30.95	0.8667	Reach District Boss before time expires •
30.95	0.9192	District Run
32.02	0.0655	Ziggurat District © | 6:31 AN
32.02	0.1160	FLOOR
32.02	0.1546	1/3
32.02	0.2732	125
32.02	0.4699	Normal
32.02	0.5438	Kurast Undercity
32.02	0.5919	IV
32.02	0.6856	Reward Upgrades (0/4) •
32.02	0.7411	& Attunement: Ignite Beacons, Slay
32.02	0.7809	Monsters
32.02	0.8263	Time Bonus: Slay Afflicted Monsters
32.02	0.8668	Reach District Boss before time expires •
32.02	0.9192	District Run
33.06	0.0638	6:31 AM
33.06	0.0662	Ziggurat District G
33.06	0.1160	FLOOR
33.06	0.1546	1/3
33.06	0.2732	124
33.06	0.4699	Normal
33.06	0.5438	Kurast Undercity
33.06	0.5911	III IV
33.06	0.6856	Reward Upgrades (0/4)
33.06	0.7401	& Attunement: Ignite Beacons, Slay
33.06	0.7814	Monsters
33.06	0.8187	- Time Bonus: Slay Afflicted Monsters
33.06	0.8658	Reach District Boss before time expire
33.06	0.9194	District Run
35.53	0.0658	Ziggurat District © | 6:31 AN
35.53	0.1160	FLOOR
35.53	0.1538	1/3
35.53	0.2732	122
35.53	0.4691	Normal
35.53	0.5438	Kurast Undercity
35.53	0.5919	IV
35.53	0.6856	Reward Upgrades (0/4) •
35.53	0.7410	& Attunement: Ignite Beacons, Slay
35.53	0.7819	Monsters
35.53	0.8230	Z Time Bonus: Slay Afflicted Monsters *
35.53	0.8666	Reach District Boss before time expires •
35.53	0.9192	District Run
36.57	0.0658	Ziggurat District © | 6:31 AN
36.57	0.1164	FLOOR
36.57	0.1538	1/3
36.57	0.2732	121
36.57	0.4691	Normal
36.57	0.5438	Kurast Undercity
36.57	0.5919	II I IV
36.57	0.5928	I
36.57	0.6856	Reward Upgrades (0/4)
36.57	0.7401	& Attunement: Ignite Beacons, Slay
36.57	0.7820	Monsters
36.57	0.8239	- Time Bonus: Slay Afflicted Monsters •
36.57	0.8668	Reach District Boss before time expires •
36.57	0.9180	District Run f
40.93	0.0659	Ziggurat District © | 6:31 AM
40.93	0.1160	FLOOR
40.93	0.1538	1/3
40.93	0.2741	116
40.93	0.4691	Normal
40.93	0.5438	Kurast Undercity
40.93	0.5911	IV
40.93	0.6856	Reward Upgrades (0/4)
40.93	0.7402	& Attunement: Ignite Beacons, Slay
40.93	0.7816	Monsters
40.93	0.8250	- Time Bonus: Slay Afflicted Monsters
40.93	0.8686	Reach District Boss before time expires
40.93	0.9188	District Run f
41.97	0.0658	Ziggurat District © | 6:31 AN
41.97	0.1160	FLOOR
41.97	0.1538	1/3
41.97	0.2741	115
41.97	0.4691	Normal
41.97	0.5438	Kurast Undercity
41.97	0.5911	IV
41.97	0.6856	Reward Upgrades (0/4) •
41.97	0.7409	& Attunement: Ignite Beacons, Slay
41.97	0.7814	Monsters
41.97	0.8243	Z Time Bonus: Slay Afflicted Monsters *
41.97	0.8668	Reach District Boss before time expires •
41.97	0.9192	District Run
43.44	0.0658	Ziggurat District © | 6:31 AN
43.44	0.1164	FLOOR
43.44	0.1538	1/3
43.44	0.2732	114
43.44	0.4691	Normal
43.44	0.5430	Kurast Undercity
43.44	0.5911	IV
43.44	0.6856	Reward Upgrades (0/4)
43.44	0.7426	& Attunement: Ignite Beacons, Slay
43.44	0.7814	Monsters
43.44	0.8247	Time Bonus: Slay Afflicted Monsters
43.44	0.8677	Reach District Boss before time expires
43.44	0.9192	District Run
44.52	0.0658	Ziggurat District © | 6:31 AN
44.52	0.1168	FLOOR
44.52	0.1538	1/3
44.52	0.2732	113
44.52	0.4699	Normal
44.52	0.5438	Kurast Undercity
44.52	0.5911	III IV
44.52	0.6856	Reward Upgrades (0/4)
44.52	0.7400	§ Attunement: Ignite Beacons, Slay
44.52	0.7819	Monsters
44.52	0.8209	• Time Bonus: Slay Afflicted Monsters
44.52	0.8677	Reach District Boss before time expires •
44.52	0.9180	District Run fY
45.55	0.0659	Ziggurat District © | 6:31 AN
45.55	0.1164	FLOOR
45.55	0.1538	1/3
45.55	0.2732	112
45.55	0.4699	Normal
45.55	0.5438	Kurast Undercity
45.55	0.5919	III IV
45.55	0.6856	Reward Upgrades (0/4)
45.55	0.7419	& Attunement: Ignite Beacons, Slay
45.55	0.7814	Monsters
45.55	0.8263	- Time Bonus: Slay Afflicted Monsters
45.55	0.8667	Reach District Boss before time expires •
45.55	0.9192	District Run
46.60	0.0670	Ziggurat District © | 6:31 AM
46.60	0.1164	FLOOR
46.60	0.1538	1/3
46.60	0.2741	111
46.60	0.4691	Normal
46.60	0.5438	Kurast Undercity
46.60	0.5911	III IV
46.60	0.6856	Reward Upgrades (0/4)
46.60	0.7419	& Attunement: Ignite Beacons, Slay
46.60	0.7814	Monsters
46.60	0.8247	& Time Bonus: Slay Afflicted Monsters
46.60	0.8667	Reach District Boss before time expires •
46.60	0.9192	District Run
47.67	0.0658	Ziggurat District © | 6:31 AN
47.67	0.0876	Vampire Bat
47.67	0.1168	FLOOR
47.67	0.1546	1/3
47.67	0.2741	110
47.67	0.4691	Normal
47.67	0.5438	Kurast Undercity
47.67	0.5919	JOGL
47.67	0.6856	Reward Upgrades (0/4)
47.67	0.7402	& Attunement: Ignite Beacons, Slay
47.67	0.7816	Monsters
47.67	0.8239	& Time Bonus: Slay Afflicted Monsters •
47.67	0.8668	Reach District Boss before time expires •
47.67	0.9192	District Run
48.70	0.0675	Ziggurat District Page 31 AN
48.70	0.1160	FLOOR
48.70	0.1538	1/3
48.70	0.2727	109
48.70	0.4691	Normal
48.70	0.5465	Kurast Undercity fa
48.70	0.5911	III IV
48.70	0.6856	Reward Upgrades (0/4)
48.70	0.7399	& Attunement: Ignite Beacons, Slay
48.70	0.7811	Monsters
48.70	0.8230	& Time Bonus: Slay Afflicted Monsters •
48.70	0.8658	Reach District Boss before time expires •
48.70	0.9192	District Run
50.97	0.0655	Ziggurat District © | 6:31 AM
50.97	0.1168	FLOOR
50.97	0.1546	1/3
50.97	0.2735	106
50.97	0.4691	Normal
50.97	0.5438	Kurast Undercity
50.97	0.5911	IV
50.97	0.6856	Reward Upgrades (0/4)
50.97	0.7425	& Attunement: Ignite Beacons, Slay
50.97	0.7809	Monsters
50.97	0.8247	Time Bonus: Slay Afflicted Monsters
50.97	0.8656	Reach District Boss before time expires *
50.97	0.9192	District Run
52.06	0.0658	Ziggurat District © | 6:31 AN
52.06	0.1164	FLOOR
52.06	0.1546	1/3
52.06	0.2728	105
52.06	0.4699	Normal
52.06	0.5438	Kurast Undercity
52.06	0.5919	IV
52.06	0.6856	Reward Upgrades (0/4) •
52.06	0.7440	Attunement: Ignite Beacons, Slay
52.06	0.7808	Monsters
52.06	0.8263	Time Bonus: Slay Afflicted Monsters
52.06	0.8667	Reach District Boss before time expires •
52.06	0.9192	District Run
53.50	0.0658	Ziggurat District © | 6:31 AN
53.50	0.1160	FLOOR
53.50	0.1546	1/3
53.50	0.2735	104
53.50	0.4691	Normal
53.50	0.5430	Kurast Undercity
53.50	0.5919	IV
53.50	0.6856	Reward Upgrades (0/4)
53.50	0.7409	& Attunement: Ignite Beacons, Slay
53.50	0.7819	Monsters
53.50	0.8263	• Time Bonus: Slay Afflicted Monsters
53.50	0.8660	Reach District Boss before time expires •
53.50	0.9192	District Run
54.55	0.0658	Ziggurat District © | 6:31 AN
54.55	0.1168	FLOOR
54.55	0.1546	1/3
54.55	0.2728	103
54.55	0.4699	Normal
54.55	0.5438	Kurast Undercity
54.55	0.5911	IV
54.55	0.6856	Reward Upgrades (0/4)
54.55	0.7412	& Attunement: Ignite Beacons, Slay
54.55	0.7819	Monsters
54.55	0.8263	• Time Bonus: Slay Afflicted Monsters
54.55	0.8677	Reach District Boss before time expires
54.55	0.9192	District Run
55.59	0.0644	| 6:31 AN
55.59	0.0670	Ziggurat District G
55.59	0.1160	FLOOR
55.59	0.1546	1/3
55.59	0.2723	102
55.59	0.4691	Normal
55.59	0.5438	Kurast Undercity
55.59	0.5911	IV
55.59	0.6856	Reward Upgrades (0/4) •
55.59	0.7411	& Attunement: Ignite Beacons, Slay
55.59	0.7819	Monsters
55.59	0.8247	Time Bonus: Slay Afflicted Monsters
55.59	0.8667	Reach District Boss before time expires •
55.59	0.9192	District Run
56.67	0.0658	Ziggurat District © | 6:31 AN
56.67	0.1160	FLOOR
56.67	0.1546	1/3
56.67	0.2723	101
56.67	0.4691	Normal
56.67	0.5438	Kurast Undercity
56.67	0.5919	IV
56.67	0.6856	Reward Upgrades (0/4) •
56.67	0.7409	& Attunement: Ignite Beacons, Slay
56.67	0.7819	Monsters
56.67	0.8247	Time Bonus: Slay Afflicted Monsters
56.67	0.8675	Reach District Boss before time expires •
56.67	0.9192	District Run
57.72	0.0670	Ziggurat District © | 6:31 AM
57.72	0.1160	FLOOR
57.72	0.1546	1/3
57.72	0.2723	100
57.72	0.3462	ed
57.72	0.4691	Normal
57.72	0.5438	Kurast Undercity
57.72	0.5911	IV
57.72	0.6856	Reward Upgrades (0/4) •
57.72	0.7409	& Attunement: Ignite Beacons, Slay
57.72	0.7809	Monsters
57.72	0.8263	Time Bonus: Slay Afflicted Monsters
57.72	0.8675	Reach District Boss before time expires •
57.72	0.9192	District Run
58.78	0.0658	Ziggurat District © | 6:31 AN
58.78	0.1164	FLOOR
58.78	0.1546	1/3
58.78	0.2732	98
58.78	0.4699	Normal
58.78	0.5438	Kurast Undercity
58.78	0.5919	IV
58.78	0.6856	Reward Upgrades (0/4)
58.78	0.7419	& Attunement: Ignite Beacons, Slay
58.78	0.7819	Monsters
58.78	0.8256	Time Bonus: Slay Afflicted Monsters
58.78	0.8667	Reach District Boss before time expires •
58.78	0.9192	District Run
59.85	0.0670	Ziggurat District © | 6:31 AM
59.85	0.1164	FLOOR
59.85	0.1538	1/3
59.85	0.2723	97
59.85	0.4699	Normal
59.85	0.5451	Kurast Undercity I
59.85	0.5925	III IV
59.85	0.6856	Reward Upgrades (0/4)
59.85	0.7419	& Attunement: Ignite Beacons, Slay
59.85	0.7819	Monsters
59.85	0.8187	Time Bonus: Slay Afflicted Monsters
59.85	0.8668	Reach District Boss before time expires
59.85	0.9180	District Run f
60.89	0.0636	| 6:31 AN
60.89	0.0670	Ziggurat District ©
60.89	0.1160	FLOOR
60.89	0.1546	1/3
60.89	0.2732	96
60.89	0.4691	Normal
60.89	0.5438	Kurast Undercity
60.89	0.5911	IV
60.89	0.6856	Reward Upgrades (0/4)
60.89	0.7419	& Attunement: Ignite Beacons, Slay
60.89	0.7819	Monsters
60.89	0.8209	- Time Bonus: Slay Afflicted Monsters
60.89	0.8668	Reach District Boss before time expires *
60.89	0.9192	District Run
61.94	0.0636	| 6:31 AN
61.94	0.0670	Ziggurat District ©
61.94	0.1160	FLOOR
61.94	0.1546	1/3
61.94	0.2732	95
61.94	0.4691	Normal
61.94	0.5438	Kurast Undercity
61.94	0.5911	III IV
61.94	0.6856	Reward Upgrades (0/4) •
61.94	0.7401	& Attunement: Ignite Beacons, Slay
61.94	0.7819	Monsters
61.94	0.8256	Time Bonus: Slay Afflicted Monsters
61.94	0.8667	Reach District Boss before time expires •
61.94	0.9192	District Run
62.98	0.0670	Ziggurat District © | 6:31 AM
62.98	0.1164	FLOOR
62.98	0.1546	1/3
62.98	0.2732	94
62.98	0.4691	Normal
62.98	0.5445	Kurast Undercity 1
62.98	0.5911	III IV
62.98	0.6856	Reward Upgrades (0/4)
62.98	0.7400	& Attunement: Ignite Beacons, Slay
62.98	0.7819	Monsters
62.98	0.8247	Time Bonus: Slay Afflicted Monsters
62.98	0.8667	Reach District Boss before time expires •
62.98	0.9192	District Run
64.13	0.0636	| 6:31 AM
64.13	0.0670	Ziggurat District G
64.13	0.1164	FLOOR
64.13	0.1546	1/3
64.13	0.2732	93
64.13	0.3479	mlicted
64.13	0.4699	Normal
64.13	0.5438	Kurast Undercity
64.13	0.5911	IV
64.13	0.6856	Reward Upgrades (0/4)
64.13	0.7400	& Attunement: Ignite Beacons, Slay
64.13	0.7814	Monsters
64.13	0.8239	Time Bonus: Slay Afflicted Monsters
64.13	0.8686	Reach District Boss before time expires
64.13	0.9192	District Run
65.17	0.0638	1 6:31 AM
65.17	0.0670	Ziggurat District ©
65.17	0.1151	FLOOR
65.17	0.1538	1/3
65.17	0.1649	Aff
65.17	0.1658	cted
65.17	0.2723	92
65.17	0.4699	Normal
65.17	0.5431	Kurast Undercity
65.17	0.5911	III IV
65.17	0.6856	Reward Upgrades (0/4) •
65.17	0.7410	& Attunement: Ignite Beacons, Slay
65.17	0.7819	Monsters
65.17	0.8263	- Time Bonus: Slay Afflicted Monsters
65.17	0.8667	Reach District Boss before time expires •
65.17	0.9192	District Run
75.12	0.0610	Zigglifa: District © 6:31 AN
75.12	0.1151	FLOOR
75.12	0.1538	1/3
75.12	0.2732	85
75.12	0.4699	Normal
75.12	0.5438	Kurast Undercity
75.12	0.5919	IV
75.12	0.6856	Reward Upgrades (0/4) •
75.12	0.7426	& Attunement: Ignite Beacons, Slay
75.12	0.7819	Monsters
75.12	0.8243	- Time Bonus: Slay Afflicted Monsters
75.12	0.8667	Reach District Boss before time expires •
75.12	0.9192	District Run
76.89	0.0492	Afflicted
76.89	0.0646	Ziggurat District © | 6:31 AM
76.89	0.1160	FLOOR
76.89	0.1538	1/3
76.89	0.2732	83
76.89	0.4699	Normal
76.89	0.5438	Kurast Undercity
76.89	0.5911	IV
76.89	0.6856	Reward Upgrades (0/4)
76.89	0.7426	& Attunement: Ignite Beacons, Slay
76.89	0.7819	Monsters
76.89	0.8247	Time Bonus: Slay Afflicted MonstersạẠại
76.89	0.8667	Reach District Boss before time expires •
76.89	0.9192	District Run
78.06	0.0659	Ziggurat District © | 6:31 AN
78.06	0.1160	FLOOR
78.06	0.1538	1/3
78.06	0.2741	82
78.06	0.4691	Normal
78.06	0.5430	Kurast Undercity
78.06	0.5926	III IV
78.06	0.6856	Reward Upgrades (0/4) •
78.06	0.7421	& Attunement: Ignite Beacons, Slay
78.06	0.7819	Monsters
78.06	0.8256	Time Bonus: Slay Afflicted Monsters
78.06	0.8675	Reach District Boss before time expires •
78.06	0.9192	District Run
79.09	0.0670	Ziggurat District © | 6:31 AM
79.09	0.1160	FLOOR
79.09	0.1538	1/3
79.09	0.2732	81
79.09	0.3693	fflictea
79.09	0.4699	Normal
79.09	0.5455	Afflicted
79.09	0.5455	Kurast Undercity fa
79.09	0.6856	Reward Upgrades (0/4)
79.09	0.7401	& Attunement: Ignite Beacons, Slay
79.09	0.7801	Monsters
79.09	0.8250	- Time Bonus: Slay Afflicted Monsters
79.09	0.8657	"Reach District Boss before time expires
79.09	0.9188	District Run f
80.15	0.0670	Ziggurat District © | 6:32 AM
80.15	0.1160	FLOOR
80.15	0.1538	1/3
80.15	0.2732	80
80.15	0.4691	Normal
80.15	0.5430	Kurast Undercity
80.15	0.5911	IV
80.15	0.6856	Reward Upgrades (0/4) •
80.15	0.7402	& Attunement: Ignite Beacons, Slay
80.15	0.7822	Monsters
80.15	0.8230	Z Time Bonus: Slay Afflicted Monsters *
80.15	0.8675	Reach District Boss before time expires •
80.15	0.9192	District Run
81.28	0.0670	Ziggurat District © | 6:32 AM
81.28	0.1160	FLOOR
81.28	0.1538	1/3
81.28	0.2732	79
81.28	0.4697	Normal
81.28	0.5437	Kurast Undercity f
81.28	0.5919	III IV
81.28	0.6048	Afflicted
81.28	0.6856	Reward Upgrades (0/4) •
81.28	0.7417	& Attunement: Ignite Beacons, Slay
81.28	0.7818	Monsters
81.28	0.8235	- Time Bonus: Slay Afflicted Monsters •
81.28	0.8676	Reach District Boss before time expires •
81.28	0.9189	District Run fa
82.32	0.0670	Ziggurat District © | 6:32 AM
82.32	0.1160	FLOOR
82.32	0.1546	1/3
82.32	0.2732	78
82.32	0.4699	Normal
82.32	0.5438	Kurast Undercity
82.32	0.5919	IV
82.32	0.6856	Reward Upgrades (0/4)
82.32	0.7392	& Attunement: Ignite Beacons, Slay
82.32	0.7827	Monsters
82.32	0.8245	Z Time Bonus: Slay Afflicted Monsters
82.32	0.8660	Reach District Boss before time expires •
82.32	0.9189	District Run f
83.39	0.0670	Ziggurat District © | 6:32 AM
83.39	0.1160	FLOOR
83.39	0.1546	1/3
83.39	0.2723	77
83.39	0.4691	Normal
83.39	0.5438	Kurast Undercity
83.39	0.5936	IV
83.39	0.6856	Reward Upgrades (0/4)
83.39	0.7399	& Attunement: Ignite Beacons, Slay
83.39	0.7828	Monsters
83.39	0.8263	- Time Bonus: Slay Afflicted Monsters
83.39	0.8660	Reach District Boss before time expires •
83.39	0.9189	District Run fe
84.43	0.0644	| 6:32 AM
84.43	0.0670	Ziggurat District ©
84.43	0.1160	FLOOR
84.43	0.1538	1/3
84.43	0.2741	82
84.43	0.4699	Normal
84.43	0.5437	Kurast Undercity
84.43	0.5936	IV
84.43	0.6856	Reward Upgrades (0/4)
84.43	0.7409	& Attunement: Ignite Beacons, Slay
84.43	0.7828	Monsters
84.43	0.8230	- Time Bonus: Slay Afflicted Monsters *
84.43	0.8660	*Reach District Boss before time expires •
84.43	0.9189	District Run fe
85.47	0.0670	Ziggurat District © | 6:32 AM
85.47	0.1160	FLOOR
85.47	0.1538	1/3
85.47	0.2732	81
85.47	0.4691	Normal
85.47	0.5438	Kurast Undercity
85.47	0.5928	IV
85.47	0.6856	Reward Upgrades (0/4)
85.47	0.7409	& Attunement: Ignite Beacons, Slay
85.47	0.7828	Monsters
85.47	0.8240	- Time Bonus: Slay Afflicted Monsters
85.47	0.8660	*Reach District Boss before time expires •
85.47	0.9187	District Run fe
86.57	0.0653	| 6:32 AM
86.57	0.0670	Ziggurat District ©
86.57	0.1160	FLOOR
86.57	0.1538	1/3
86.57	0.2732	83
86.57	0.4699	Normal
86.57	0.5437	Kurast Undercity
86.57	0.5911	SODL
86.57	0.5936	IV
86.57	0.6856	Reward Upgrades (0/4)
86.57	0.7409	& Attunement: Ignite Beacons, Slay
86.57	0.7827	Monsters
86.57	0.8235	• Time Bonus: Slay Afflicted Monsters •
86.57	0.8665	*Reach District Boss before time expires •
86.57	0.9187	District Run f
87.66	0.0659	Ziggurat District © | 6:32 AN
87.66	0.1160	FLOOR
87.66	0.1538	1/3
87.66	0.2741	82
87.66	0.4691	Normal
87.66	0.5455	Kurast Undercity fa
87.66	0.5911	IV
87.66	0.6856	Reward Upgrades (0/4) •
87.66	0.7410	& Attunement: Ignite Beacons, Slay
87.66	0.7809	Monsters
87.66	0.8235	& Time Bonus: Slay Afflicted Monsters *
87.66	0.8655	Reach District Boss before time expires *
87.66	0.9186	District Run f
88.71	0.0658	Ziggurat District © | 6:32 AN
88.71	0.1160	FLOOR
88.71	0.1546	1/3
88.71	0.2732	81
88.71	0.4691	Normal
88.71	0.5430	Kurast Undercity
88.71	0.5911	II IV
88.71	0.6856	Reward Upgrades (0/4) •
88.71	0.7401	& Attunement: Ignite Beacons, Slay
88.71	0.7784	Monsters
88.71	0.8226	- Time Bonus: Slay Afflicted Monsters •
88.71	0.8651	Reach District Boss before time expires
88.71	0.9187	District Run f
89.75	0.0658	Ziggurat District © | 6:32 AN
89.75	0.1160	FLOOR
89.75	0.1546	1/3
89.75	0.2732	80
89.75	0.4691	Normal
89.75	0.5430	Kurast Undercity
89.75	0.5911	III IV
89.75	0.6856	Reward Upgrades (0/4) •
89.75	0.7392	& Attunement: Ignite Beacons, Slay
89.75	0.7819	Monsters
89.75	0.8230	- Time Bonus: Slay Afflicted Monsters *
89.75	0.8652	Reach District Boss before time expires
89.75	0.9187	District Run f
90.78	0.0658	Ziggurat District © | 6:32 AN
90.78	0.1160	FLOOR
90.78	0.1538	1/3
90.78	0.2732	78
90.78	0.4691	Normal
90.78	0.5438	Kurast Undercity
90.78	0.6856	Reward Upgrades (0/4)
90.78	0.7391	& Attunement: Ignite Beacons, Slay
90.78	0.7809	Monsters
90.78	0.8226	- Time Bonus: Slay Afflicted Monsters •
90.78	0.8668	Reach District Boss before time expires •
90.78	0.9189	District Run fa
91.83	0.0670	Ziggurat District © | 6:32 AM
91.83	0.1160	FLOOR
91.83	0.1538	1/3
91.83	0.2723	77
91.83	0.4699	Normal
91.83	0.5438	Kurast Undercity
91.83	0.5911	III IV
91.83	0.6856	Reward Upgrades (0/4) •
91.83	0.7410	& Attunement: Ignite Beacons, Slay
91.83	0.7809	Monsters
91.83	0.8234	& Time Bonus: Slay Afflicted Monsters •
91.83	0.8668	Reach District Boss before time expires •
91.83	0.9192	District Run
92.92	0.0670	Ziggurat District © | 6:32 AM
92.92	0.1160	FLOOR
92.92	0.1538	1/3
92.92	0.2732	76
92.92	0.4691	Normal
92.92	0.5439	Kurast Undercity
92.92	0.5911	III IV
92.92	0.6856	Reward Upgrades (0/4)
92.92	0.7402	& Attunement: Ignite Beacons, Slay
92.92	0.7828	Monsters
92.92	0.8245	& Time Bonus: Slay Afflicted Monsters
92.92	0.8659	Reach District Boss before time expires
92.92	0.9189	District Run fa
93.99	0.0658	Ziggurat District © | 6:32 AN
93.99	0.1168	FLOOR
93.99	0.1538	1/3
93.99	0.2732	75
93.99	0.4691	Normal
93.99	0.5438	Kurast Undercity
93.99	0.5911	III IV
93.99	0.6856	Reward Upgrades (0/4) •
93.99	0.7409	& Attunement: Ignite Beacons, Slay
93.99	0.7819	Monsters
93.99	0.8263	- Time Bonus: Slay Afflicted Monsters
93.99	0.8668	Reach District Boss before time expires *
93.99	0.9192	District Run
95.04	0.0670	Ziggurat District © | 6:32 AM
95.04	0.1168	FLOOR
95.04	0.1538	1/3
95.04	0.2732	119
95.04	0.4691	Normal
95.04	0.5442	Kurast Undercity 1
95.04	0.5911	III IV
95.04	0.6856	Reward Upgrades (0/4) •
95.04	0.7408	& Attunement: Ignite Beacons, Slay
95.04	0.7819	Monsters
95.04	0.8209	• Time Bonus: Slay Afflicted Monsters
95.04	0.8677	Reach District Boss before time expires •
95.04	0.9180	District Run fa
96.11	0.0644	| 6:32 AM
96.11	0.0670	Ziggurat District ©
96.11	0.1168	FLOOR
96.11	0.1546	1/3
96.11	0.2732	118
96.11	0.4691	Normal
96.11	0.4854	ower
96.11	0.5442	Kurast Undercity 1
96.11	0.5911	• IV
96.11	0.6856	Reward Upgrades (0/4) •
96.11	0.7427	& Attunement: Ignite Beacons, Slay
96.11	0.7819	Monsters
96.11	0.8187	- Time Bonus: Slay Afflicted Monsters
96.11	0.8667	Reach District Boss before time expires •
96.11	0.9192	District Run
97.16	0.0654	| 6:32 AM
97.16	0.0670	Ziggurat District G
97.16	0.1160	FLOOR
97.16	0.1546	1/3
97.16	0.2732	117
97.16	0.4691	Normal
97.16	0.5438	Kurast Undercity
97.16	0.5911	III IV
97.16	0.6856	Reward Upgrades (0/4) •
97.16	0.7427	& Attunement: Ignite Beacons, Slay
97.16	0.7819	Monsters
97.16	0.8187	- Time Bonus: Slay Afflicted Monsters
97.16	0.8676	Reach District Boss before time expires •
97.16	0.9192	District Run
98.20	0.0654	| 6:32 AM
98.20	0.0670	Ziggurat District G
98.20	0.1168	FLOOR
98.20	0.1546	1/3
98.20	0.2732	116
98.20	0.4691	Normal
98.20	0.5439	Kurast Undercity
98.20	0.5911	• IV
98.20	0.6856	Reward Upgrades (0/4) •
98.20	0.7420	& Attunement: Ignite Beacons, Slay
98.20	0.7819	Monsters
98.20	0.8240	Time Bonus: Slay Afflicted Monsters
98.20	0.8676	Reach District Boss before time expires •
98.20	0.9192	District Run
99.23	0.0654	| 6:32 AM
99.23	0.0662	Ziggurat District
99.23	0.1168	FLOOR
99.23	0.1546	1/3
99.23	0.2732	115
99.23	0.4691	Normal
99.23	0.5438	Kurast Undercity
99.23	0.5911	III IV
99.23	0.6856	Reward Upgrades (0/4) •
99.23	0.7419	& Attunement: Ignite Beacons, Slay
99.23	0.7819	Monsters
99.23	0.8240	Time Bonus: Slay Afflicted Monsters
99.23	0.8667	Reach District Boss before time expires •
99.23	0.9192	District Run
100.30	0.0651	| 6:32 AN
100.30	0.0662	Ziggurat District
100.30	0.1168	FLOOR
100.30	0.1546	1/3
100.30	0.2732	114
100.30	0.4691	Normal
100.30	0.5439	Kurast Undercity
100.30	0.5911	III IV
100.30	0.6856	Reward Upgrades (0/4) •
100.30	0.7419	& Attunement: Ignite Beacons, Slay
100.30	0.7819	Monsters
100.30	0.8240	Time Bonus: Slay Afflicted Monsters
100.30	0.8667	Reach District Boss before time expires •
100.30	0.9192	District Run
101.32	0.0654	| 6:32 AN
101.32	0.0670	Ziggurat District ©
101.32	0.1160	FLOOR
101.32	0.1538	1/3
101.32	0.2732	158
101.32	0.4691	Normal
101.32	0.5439	Kurast Undercity
101.32	0.5911	III IV
101.32	0.6856	Reward Upgrades (0/4) •
101.32	0.7427	& Attunement: Ignite Beacons, Slay
101.32	0.7819	Monsters
101.32	0.8240	Time Bonus: Slay Afflicted Monsters
101.32	0.8667	Reach District Boss before time expires •
101.32	0.9192	District Run
102.35	0.0644	| 6:32 AM
102.35	0.0670	Ziggurat District ©
102.35	0.1160	FLOOR
102.35	0.1546	1/3
102.35	0.2723	157
102.35	0.4691	Normal
102.35	0.5439	Kurast Undercity
102.35	0.5911	III IV
102.35	0.6856	Reward Upgrades (0/4) •
102.35	0.7419	& Attunement: Ignite Beacons, Slay
102.35	0.7819	Monsters
102.35	0.8240	Time Bonus: Slay Afflicted Monsters
102.35	0.8667	Reach District Boss before time expires •
102.35	0.9192	District Run
103.44	0.0651	| 6:32 AN
103.44	0.0670	Ziggurat District G
103.44	0.1168	FLOOR
103.44	0.1546	1/3
103.44	0.2723	156
103.44	0.4691	Normal
103.44	0.5442	Kurast Undercity 1
103.44	0.5911	III IV
103.44	0.6856	Reward Upgrades (0/4) •
103.44	0.7426	& Attunement: Ignite Beacons, Slay
103.44	0.7819	Monsters
103.44	0.8263	Time Bonus: Slay Afflicted Monsters
103.44	0.8667	Reach District Boss before time expires •
103.44	0.9192	District Run
104.50	0.0658	Ziggurat District © | 6:32 AN
104.50	0.1168	FLOOR
104.50	0.1538	1/3
104.50	0.2723	155
104.50	0.4691	Normal
104.50	0.5438	Kurast Undercity
104.50	0.5911	IV
104.50	0.6856	Reward Upgrades (0/4) •
104.50	0.7410	& Attunement: Ignite Beacons, Slay
104.50	0.7809	Monsters
104.50	0.8256	Time Bonus: Slay Afflicted Monsters
104.50	0.8667	Reach District Boss before time expires •
104.50	0.9192	District Run
105.55	0.0643	| 6:32 AM
105.55	0.0670	Ziggurat District ©
105.55	0.1168	FLOOR
105.55	0.1546	1/3
105.55	0.2723	154
105.55	0.4699	Normal
105.55	0.5431	Kurast Undercity
105.55	0.5911	IV
105.55	0.6856	Reward Upgrades (0/4) •
105.55	0.7410	& Attunement: Ignite Beacons, Slay
105.55	0.7819	Monsters
105.55	0.8247	Time Bonus: Slay Afflicted Monsters
105.55	0.8667	Reach District Boss before time expires •
105.55	0.9192	District Run
106.63	0.0644	| 6:32 AM
106.63	0.0662	Ziggurat District
106.63	0.1168	FLOOR
106.63	0.1546	173
106.63	0.2732	153
106.63	0.4691	Normal
106.63	0.5442	Kurast Undercity
106.63	0.5911	IV
106.63	0.6856	Reward Upgrades (0/4) •
106.63	0.7426	& Attunement: Ignite Beacons, Slay
106.63	0.7819	Monsters
106.63	0.8263	Time Bonus: Slay Afflicted Monsters
106.63	0.8667	Reach District Boss before time expires •
106.63	0.9192	District Run
107.67	0.0651	| 6:32 AN
107.67	0.0670	Ziggurat District
107.67	0.1160	FLOOR
107.67	0.1538	1/3
107.67	0.2723	152
107.67	0.4691	Normal
107.67	0.5438	Kurast Undercity
107.67	0.5919	IV
107.67	0.6856	Reward Upgrades (0/4) •
107.67	0.7426	& Attunement: Ignite Beacons, Slay
107.67	0.7819	Monsters
107.67	0.8230	Time Bonus: Slay Afflicted Monsters
107.67	0.8667	Reach District Boss before time expires •
107.67	0.9192	District Run
108.72	0.0670	Ziggurat District © | 6:32 AM
108.72	0.1168	FLOOR
108.72	0.1546	1/3
108.72	0.2723	151
108.72	0.4691	Normal
108.72	0.5439	Kurast Undercity
108.72	0.5911	• IV
108.72	0.6856	Reward Upgrades (0/4) •
108.72	0.7409	& Attunement: Ignite Beacons, Slay
108.72	0.7819	Monsters
108.72	0.8263	Time Bonus: Slay Afflicted Monsters
108.72	0.8686	Reach District Boss before time expires
108.72	0.9180	District Run fl
109.77	0.0670	Ziggurat District © | 6:32 AM
109.77	0.1168	FLOOR
109.77	0.1546	1/3
109.77	0.2732	149
109.77	0.4691	Normal
109.77	0.5438	Kurast Undercity
109.77	0.6856	Reward Upgrades (0/4) •
109.77	0.7410	& Attunement: Ignite Beacons, Slay
109.77	0.7819	Monsters
109.77	0.8263	Time Bonus: Slay Afflicted Monsters
109.77	0.8667	Reach District Boss before time expires •
109.77	0.9192	District Run
110.81	0.0644	› | 6:32 AM
110.81	0.0670	Ziggurat District
110.81	0.1160	FLOOR
110.81	0.1546	1/3
110.81	0.2732	148
110.81	0.4691	Normal
110.81	0.5438	Kurast Undercity
110.81	0.5911	IV
110.81	0.6856	Reward Upgrades (0/4) •
110.81	0.7401	& Attunement: Ignite Beacons, Slay
110.81	0.7819	Monsters
110.81	0.8247	Time Bonus: Slay Afflicted Monsters
110.81	0.8667	Reach District Boss before time expires •
110.81	0.9192	District Run
111.83	0.0670	Ziggurat District © | 6:32 AM
111.83	0.1168	FLOOR
111.83	0.1546	1/3
111.83	0.2732	147
111.83	0.4691	Normal
111.83	0.5438	Kurast Undercity
111.83	0.5911	III IV
111.83	0.6856	Reward Upgrades (0/4) •
111.83	0.7426	& Attunement: Ignite Beacons, Slay
111.83	0.7819	Monsters
111.83	0.8253	* Time Bonus: Slay Afflicted Monsters
111.83	0.8647	Reach District Boss before time expires
111.83	0.9192	District Run
112.87	0.0670	Ziggurat District © | 6:32 AM
112.87	0.1160	FLOOR
112.87	0.1546	1/3
112.87	0.2732	146
112.87	0.4691	Normal
112.87	0.5438	Kurast Undercity
112.87	0.5919	IV
112.87	0.6856	Reward Upgrades (0/4) •
112.87	0.7409	& Attunement: Ignite Beacons, Slay
112.87	0.7814	Monsters
112.87	0.8263	- Time Bonus: Slay Afflicted Monsters
112.87	0.8667	Reach District Boss before time expires •
112.87	0.9192	District Run
113.92	0.0644	| 6:32 AM
113.92	0.0662	Ziggurat District G
113.92	0.1160	FLOOR
113.92	0.1546	1/3
113.92	0.2732	145
113.92	0.4691	Normal
113.92	0.5438	Kurast Undercity
113.92	0.5919	IV
113.92	0.6856	Reward Upgrades (0/4)
113.92	0.7448	Attunement: Ignite Beacons, Slay
113.92	0.7819	Monsters
113.92	0.8263	Time Bonus: Slay Afflicted Monsters
113.92	0.8677	Reach District Boss before time expires •
113.92	0.9192	District Run
114.94	0.0653	| 6:32 AM
114.94	0.0662	Ziggurat District ©
114.94	0.1160	FLOOR
114.94	0.1538	1/3
114.94	0.2732	144
114.94	0.4691	Normal
114.94	0.5438	Kurast Undercity
114.94	0.5911	III IV
114.94	0.6856	Reward Upgrades (0/4) •
114.94	0.7448	Attunement: Ignite Beacons, Slay
114.94	0.7819	Monsters
114.94	0.8247	Time Bonus: Slay Afflicted Monsters
114.94	0.8668	Reach District Boss before time expires *
114.94	0.9180	District Run f
116.02	0.0644	| 6:32 AN
116.02	0.0662	Ziggurat District
116.02	0.1168	FLOOR
116.02	0.1538	1/3
116.02	0.2732	143
116.02	0.4691	Normal
116.02	0.5439	Kurast Undercity
116.02	0.5919	IV
116.02	0.5919	HI
116.02	0.6856	Reward Upgrades (0/4)
116.02	0.7417	& Attunement: Ignite Beacons, Slay
116.02	0.7819	Monsters
116.02	0.8262	Time Bonus: Slay Afflicted Monsters
116.02	0.8667	Reach District Boss before time expires •
116.02	0.9192	District Run
117.09	0.0644	| 6:32 AM
117.09	0.0670	Ziggurat District ©
117.09	0.1160	FLOOR
117.09	0.1546	1/3
117.09	0.2732	142
117.09	0.4691	Normal
117.09	0.5438	Kurast Undercity
117.09	0.5911	III IV
117.09	0.6856	Reward Upgrades (0/4) •
117.09	0.7419	& Attunement: Ignite Beacons, Slay
117.09	0.7819	Monsters
117.09	0.8256	Time Bonus: Slay Afflicted Monsters
117.09	0.8667	Reach District Boss before time expires •
117.09	0.9192	District Run
118.12	0.0636	1 6:32 AM
118.12	0.0667	Ziggurat District G
118.12	0.1160	FLOOR
118.12	0.1546	1/3
118.12	0.2732	141
118.12	0.4699	Normal
118.12	0.5438	Kurast Undercity
118.12	0.5911	IV
118.12	0.6856	Reward Upgrades (0/4) •
118.12	0.7400	& Attunement: Ignite Beacons, Slay
118.12	0.7819	Monsters
118.12	0.8263	- Time Bonus: Slay Afflicted Monsters
118.12	0.8675	Reach District Boss before time expires •
118.12	0.9192	District Run
119.20	0.0670	Ziggurat District © | 6:32 AM
119.20	0.1160	FLOOR
119.20	0.1546	1/3
119.20	0.2732	140
119.20	0.4699	Normal
119.20	0.5430	Kurast Undercity
119.20	0.5911	IV
119.20	0.6856	Reward Upgrades (0/4)
119.20	0.7409	& Attunement: Ignite Beacons, Slay
119.20	0.7819	Monsters
119.20	0.8263	• Time Bonus: Slay Afflicted Monsters
119.20	0.8662	Reach District Boss before time expires *
119.20	0.9180	District Run Y
120.23	0.0646	| 6:32 AM
120.23	0.0670	Ziggurat District ©
120.23	0.1160	FLOOR
120.23	0.1546	1/3
120.23	0.2732	139
120.23	0.4691	Normal
120.23	0.5438	Kurast Undercity
120.23	0.5911	IV
120.23	0.6856	Reward Upgrades (0/4) •
120.23	0.7402	& Attunement: Ignite Beacons, Slay
120.23	0.7819	Monsters
120.23	0.8263	- Time Bonus: Slay Afflicted Monsters
120.23	0.8677	Reach District Boss before time expires
120.23	0.9192	District Run
121.25	0.0644	| 6:32 AM
121.25	0.0667	Ziggurat District ©
121.25	0.1160	FLOOR
121.25	0.1538	1/3
121.25	0.2732	138
121.25	0.4691	Normal
121.25	0.5438	Kurast Undercity
121.25	0.5911	III IV
121.25	0.6856	Reward Upgrades (0/4) •
121.25	0.7419	& Attunement: Ignite Beacons, Slay
121.25	0.7819	Monsters
121.25	0.8245	& Time Bonus: Slay Afflicted Monsters
121.25	0.8660	Reach District Boss before time expires
121.25	0.9192	District Run
122.28	0.0644	| 6:32 AN
122.28	0.0670	Ziggurat District ©
122.28	0.1160	FLOOR
122.28	0.1546	1/3
122.28	0.2732	137
122.28	0.4699	Normal
122.28	0.5438	Kurast Undercity
122.28	0.5911	IV
122.28	0.6856	Reward Upgrades (0/4)
122.28	0.7401	& Attunement: Ignite Beacons, Slay
122.28	0.7823	Monsters
122.28	0.8243	Z Time Bonus: Slay Afflicted Monsters *
122.28	0.8676	Reach District Boss before time expires •
122.28	0.9192	District Run
123.31	0.0658	Ziggurat District © | 6:32 AM
123.31	0.1168	FLOOR
123.31	0.1546	1/3
123.31	0.2732	136
123.31	0.4691	Normal
123.31	0.5439	Kurast Undercity
123.31	0.5911	IV
123.31	0.6856	Reward Upgrades (0/4) •
123.31	0.7400	& Attunement: Ignite Beacons, Slay
123.31	0.7808	Monsters
123.31	0.8263	- Time Bonus: Slay Afflicted Monsters
123.31	0.8676	Reach District Boss before time expires •
123.31	0.9192	District Run
124.37	0.0670	Ziggurat District © | 6:32 AM
124.37	0.1160	FLOOR
124.37	0.1546	1/3
124.37	0.2732	135
124.37	0.4691	Normal
124.37	0.5129	Vengeful Spirit
124.37	0.5438	Kurast Undercity
124.37	0.5911	III IV
124.37	0.6856	Reward Upgrades (0/4) •
124.37	0.7412	& Attunement: Ignite Beacons, Slay
124.37	0.7819	Monsters
124.37	0.8245	& Time Bonus: Slay Afflicted Monsters
124.37	0.8667	Reach District Boss before time expires •
124.37	0.9180	District Run f
125.40	0.0670	Ziggurat District © | 6:32 AM
125.40	0.1160	FLOOR
125.40	0.1546	1/3
125.40	0.2732	134
125.40	0.4691	Normal
125.40	0.5129	Vengeful Spirit
125.40	0.5438	Kurast Undercity
125.40	0.5911	• IV
125.40	0.6856	Reward Upgrades (0/4) •
125.40	0.7410	& Attunement: Ignite Beacons, Slay
125.40	0.7819	Monsters
125.40	0.8245	& Time Bonus: Slay Afflicted Monsters
125.40	0.8667	Reach District Boss before time expires •
125.40	0.9180	District Run f
126.46	0.0670	Ziggurat District © | 6:32 AM
126.46	0.1160	FLOOR
126.46	0.1546	1/3
126.46	0.2732	133
126.46	0.4691	Normal
126.46	0.5438	Kurast Undercity
126.46	0.5911	III IV
126.46	0.6856	Reward Upgrades (0/4) •
126.46	0.7426	& Attunement: Ignite Beacons, Slay
126.46	0.7819	Monsters
126.46	0.8250	- Time Bonus: Slay Afflicted Monsters
126.46	0.8667	Reach District Boss before time expires •
126.46	0.9180	District Run fl
127.50	0.0651	| 6:32 AN
127.50	0.0670	Ziggurat District G
127.50	0.1160	FLOOR
127.50	0.1546	1/3
127.50	0.2732	132
127.50	0.4699	Normal
127.50	0.5438	Kurast Undercity
127.50	0.5911	IV
127.50	0.6856	Reward Upgrades (0/4) •
127.50	0.7410	& Attunement: Ignite Beacons, Slay
127.50	0.7820	Monsters
127.50	0.8242	Z Time Bonus: Slay Afflicted Monsters
127.50	0.8677	Reach District Boss before time expires •
127.50	0.9180	District Run f
128.53	0.0670	Ziggurat District © | 6:32 AM
128.53	0.1160	FLOOR
128.53	0.1546	1/3
128.53	0.2732	131
128.53	0.4699	Normal
128.53	0.5440	Kurast Undercity
128.53	0.5911	III IV
128.53	0.6856	Reward Upgrades (0/4) •
128.53	0.7400	& Attunement: Ignite Beacons, Slay
128.53	0.7819	Monsters
128.53	0.8240	7 Time Bonus: Slay Afflicted Monsters
128.53	0.8668	• Reach District Boss before time expires •
128.53	0.9192	District Run
129.57	0.0670	Ziggurat District © | 6:32 AM
129.57	0.1160	FLOOR
129.57	0.1546	1/3
129.57	0.2732	130
129.57	0.4699	Normal
129.57	0.5438	Kurast Undercity
129.57	0.5911	III IV
129.57	0.6856	Reward Upgrades (0/4)
129.57	0.7426	& Attunement: Ignite Beacons, Slay
129.57	0.7819	Monsters
129.57	0.8258	& Time Bonus: Slay Afflicted Monsters
129.57	0.8677	Reach District Boss before time expires *
129.57	0.9192	District Run
130.61	0.0670	Ziggurat District © | 6:32 AM
130.61	0.1160	FLOOR
130.61	0.1546	1/3
130.61	0.2732	129
130.61	0.4691	Normal
130.61	0.5438	Kurast Undercity
130.61	0.5911	IV
130.61	0.6856	Reward Upgrades (0/4) •
130.61	0.7400	& Attunement: Ignite Beacons, Slay
130.61	0.7819	Monsters
130.61	0.8238	Time Bonus: Slay Afflicted Monsters *
130.61	0.8667	Reach District Boss before time expires •
130.61	0.9192	District Run
131.63	0.0658	Ziggurat District © | 6:32 AM
131.63	0.1160	FLOOR
131.63	0.1546	1/3
131.63	0.2732	128
131.63	0.4691	Normal
131.63	0.5438	Kurast Undercity
131.63	0.5911	IV
131.63	0.6856	Reward Upgrades (0/4) •
131.63	0.7400	& Attunement: Ignite Beacons, Slay
131.63	0.7819	Monsters
131.63	0.8242	Z Time Bonus: Slay Afflicted Monsters
131.63	0.8667	Reach District Boss before time expires •
131.63	0.9192	District Run
132.68	0.0646	| 6:32 AM
132.68	0.0670	Ziggurat District G
132.68	0.1160	FLOOR
132.68	0.1546	1/3
132.68	0.2732	127
132.68	0.4691	Normal
132.68	0.5438	Kurast Undercity
132.68	0.5919	IV
132.68	0.6856	Reward Upgrades (0/4) •
132.68	0.7410	& Attunement: Ignite Beacons, Slay
132.68	0.7819	Monsters
132.68	0.8238	& Time Bonus: Slay Afflicted Monsters •
132.68	0.8653	Reach District Boss before time expires *
132.68	0.9180	District Run fY
133.70	0.0651	| 6:32 AN
133.70	0.0667	Ziggurat District G
133.70	0.1160	FLOOR
133.70	0.1546	1/3
133.70	0.2732	126
133.70	0.4699	Normal
133.70	0.5438	Kurast Undercity
133.70	0.5911	IV
133.70	0.5919	II
133.70	0.6856	Reward Upgrades (0/4) •
133.70	0.7409	& Attunement: Ignite Beacons, Slay
133.70	0.7819	Monsters
133.70	0.8247	Time Bonus: Slay Afflicted Monsters
133.70	0.8654	Reach District Boss before time expires
133.70	0.9189	District Run fel
134.74	0.0670	Ziggurat District © | 6:32 AM
134.74	0.1160	FLOOR
134.74	0.1546	1/3
134.74	0.2741	124
134.74	0.4699	Normal
134.74	0.5438	Kurast Undercity
134.74	0.5911	IV
134.74	0.6856	Reward Upgrades (0/4) •
134.74	0.7402	& Attunement: Ignite Beacons, Slay
134.74	0.7819	Monsters
134.74	0.8241	- Time Bonus: Slay Afflicted Monsters
134.74	0.8668	Reach District Boss before time expires
134.74	0.9192	District Run
135.77	0.0670	Ziggurat District © | 6:32 AM
135.77	0.1160	FLOOR
135.77	0.1546	1/3
135.77	0.2732	124
135.77	0.4699	Normal
135.77	0.5438	Kurast Undercity
135.77	0.5919	IV
135.77	0.6856	Reward Upgrades (0/4) •
135.77	0.7419	& Attunement: Ignite Beacons, Slay
135.77	0.7819	Monsters
135.77	0.8247	Time Bonus: Slay Afflicted Monsters
135.77	0.8676	Reach District Boss before time expires •
135.77	0.9192	District Run
136.81	0.0644	1| 6:32 AM
136.81	0.0670	Ziggurat District ©
136.81	0.1160	FLOOR
136.81	0.1546	1/3
136.81	0.2732	122
136.81	0.4691	Normal
136.81	0.5438	Kurast Undercity
136.81	0.5911	IV
136.81	0.6856	Reward Upgrades (0/4) •
136.81	0.7400	& Attunement: Ignite Beacons, Slay
136.81	0.7819	Monsters
136.81	0.8241	& Time Bonus: Slay Afflicted Monsters
136.81	0.8653	Reach District Boss before time expires *
136.81	0.9192	District Run
137.83	0.0651	| 6:32 AM
137.83	0.0670	Ziggurat District ©
137.83	0.1160	FLOOR
137.83	0.1546	1/3
137.83	0.2732	121
137.83	0.4691	Normal
137.83	0.5438	Kurast Undercity
137.83	0.5919	IV
137.83	0.6856	Reward Upgrades (0/4)
137.83	0.7409	& Attunement: Ignite Beacons, Slay
137.83	0.7809	Monsters
137.83	0.8243	Z Time Bonus: Slay Afflicted Monsters *
137.83	0.8675	Reach District Boss before time expires •
137.83	0.9192	District Run
138.89	0.0670	Ziggurat District © | 6:32 AM
138.89	0.1160	FLOOR
138.89	0.1546	1/3
138.89	0.2732	120
138.89	0.4699	Normal
138.89	0.5430	Kurast Undercity
138.89	0.5911	III IV
138.89	0.6856	Reward Upgrades (0/4) •
138.89	0.7401	& Attunement: Ignite Beacons, Slay
138.89	0.7819	Monsters
138.89	0.8229	& Time Bonus: Slay Afflicted Monsters •
138.89	0.8655	Reach District Boss before time expires *
138.89	0.9189	District Run f
139.92	0.0636	›| 6:33 AN
139.92	0.0670	Ziggurat District ©
139.92	0.1168	FLOOR
139.92	0.1546	1/3
139.92	0.2732	119
139.92	0.4691	Normal
139.92	0.5438	Kurast Undercity
139.92	0.5911	- IV
139.92	0.6856	Reward Upgrades (0/4) •
139.92	0.7419	& Attunement: Ignite Beacons, Slay
139.92	0.7819	Monsters
139.92	0.8247	& Time Bonus: Slay Afflicted Monsters
139.92	0.8668	Reach District Boss before time expires •
139.92	0.9192	District Run
140.95	0.0636	| 6:33 AN
140.95	0.0670	Ziggurat District ©
140.95	0.1164	FLOOR
140.95	0.1546	1/3
140.95	0.2732	118
140.95	0.4691	Normal
140.95	0.5438	Kurast Undercity
140.95	0.5911	IV
140.95	0.6856	Reward Upgrades (0/4) •
140.95	0.7419	& Attunement: Ignite Beacons, Slay
140.95	0.7819	Monsters
140.95	0.8263	Time Bonus: Slay Afflicted Monsters
140.95	0.8667	Reach District Boss before time expires •
140.95	0.9192	District Run
142.02	0.0636	| 6:33 AN
142.02	0.0670	Ziggurat District ©
142.02	0.1160	FLOOR
142.02	0.1546	1/3
142.02	0.2732	117
142.02	0.4691	Normal
142.02	0.5438	Kurast Undercity
142.02	0.5911	III IV
142.02	0.6856	Reward Upgrades (0/4) •
142.02	0.7418	& Attunement: Ignite Beacons, Slay
142.02	0.7819	Monsters
142.02	0.8256	Time Bonus: Slay Afflicted Monsters
142.02	0.8667	Reach District Boss before time expires •
142.02	0.9192	District Run
143.05	0.0670	Ziggurat District © | 6:33 AM
143.05	0.1153	FLOOR
143.05	0.1521	1/3
143.05	0.2732	116
143.05	0.4691	Normal
143.05	0.5438	Kurast Undercity
143.05	0.5911	III IV
143.05	0.6856	Reward Upgrades (0/4)
143.05	0.7419	& Attunement: Ignite Beacons, Slay
143.05	0.7809	Monsters
143.05	0.8256	Time Bonus: Slay Afflicted Monsters
143.05	0.8677	Reach District Boss before time expires *
143.05	0.9192	District Run
144.14	0.0658	Ziggurat District © | 6:33 AN
144.14	0.1160	FLOOR
144.14	0.1546	1/3
144.14	0.2741	115
144.14	0.4691	Normal
144.14	0.5438	Kurast Undercity
144.14	0.5919	IV
144.14	0.6856	Reward Upgrades (0/4)
144.14	0.7400	& Attunement: Ignite Beacons, Slay
144.14	0.7819	Monsters
144.14	0.8209	• Time Bonus: Slay Afflicted Monsters
144.14	0.8676	Reach District Boss before time expires •
144.14	0.9192	District Run
145.21	0.0658	Ziggurat District © | 6:33 AN
145.21	0.1164	FLOOR
145.21	0.1546	1/3
145.21	0.2732	114
145.21	0.4697	Normal
145.21	0.5439	Kurast Undercity
145.21	0.5911	IV
145.21	0.6856	Reward Upgrades (0/4) •
145.21	0.7440	Attunement: Ignite Beacons, Slay
145.21	0.7819	Monsters
145.21	0.8209	• Time Bonus: Slay Afflicted Monsters
145.21	0.8667	Reach District Boss before time expires •
145.21	0.9192	District Run
146.24	0.0636	1 6:33 AM
146.24	0.0670	Ziggurat District ©
146.24	0.1168	FLOOR
146.24	0.1546	1/3
146.24	0.2732	113
146.24	0.4706	Normal
146.24	0.5438	Kurast Undercity
146.24	0.5911	IV
146.24	0.6856	Reward Upgrades (0/4) •
146.24	0.7426	& Attunement: Ignite Beacons, Slay
146.24	0.7819	Monsters
146.24	0.8247	Time Bonus: Slay Afflicted Monsters
146.24	0.8667	Reach District Boss before time expires •
146.24	0.9192	District Run
147.26	0.0658	Ziggurat District © | 6:33 AN
147.26	0.1168	FLOOR
147.26	0.1546	1/3
147.26	0.2732	112
147.26	0.4691	Normal
147.26	0.5438	Kurast Undercity
147.26	0.5911	III IV
147.26	0.6856	Reward Upgrades (0/4) •
147.26	0.7426	& Attunement: Ignite Beacons, Slay
147.26	0.7819	Monsters
147.26	0.8263	Time Bonus: Slay Afflicted Monsters
147.26	0.8668	Reach District Boss before time expires •
147.26	0.9192	District Run
148.29	0.0670	Ziggurat District © | 6:33 AM
148.29	0.1168	FLOOR
148.29	0.1546	1/3
148.29	0.2732	111
148.29	0.4691	Normal
148.29	0.5441	Kurast Undercity '
148.29	0.5919	IV
148.29	0.6856	Reward Upgrades (0/4)
148.29	0.7418	& Attunement: Ignite Beacons, Slay
148.29	0.7819	Monsters
148.29	0.8263	Time Bonus: Slay Afflicted Monsters
148.29	0.8668	Reach District Boss before time expires
148.29	0.9192	District Run
149.32	0.0636	1 6:33 AM
149.32	0.0670	Ziggurat District ©
149.32	0.1168	FLOOR
149.32	0.1546	1/3
149.32	0.2741	110
149.32	0.4691	Normal
149.32	0.5438	Kurast Undercity
149.32	0.5911	IV
149.32	0.6856	Reward Upgrades (0/4) •
149.32	0.7410	& Attunement: Ignite Beacons, Slay
149.32	0.7819	Monsters
149.32	0.8263	- Time Bonus: Slay Afflicted Monsters
149.32	0.8667	Reach District Boss before time expires •
149.32	0.9192	District Run
150.38	0.0644	| 6:33 AN
150.38	0.0670	Ziggurat District ©
150.38	0.1160	FLOOR
150.38	0.1546	1/3
150.38	0.2741	109
150.38	0.4691	Normal
150.38	0.5438	Kurast Undercity
150.38	0.5919	IV
150.38	0.6856	Reward Upgrades (0/4) •
150.38	0.7425	& Attunement: Ignite Beacons, Slay
150.38	0.7806	Monsters
150.38	0.8263	Time Bonus: Slay Afflicted Monsters
150.38	0.8667	Reach District Boss before time expires •
150.38	0.9192	District Run
151.44	0.0670	Ziggurat District © | 6:33 AM
151.44	0.1160	FLOOR
151.44	0.1546	1/3
151.44	0.2732	108
151.44	0.4691	Normal
151.44	0.5439	Kurast Undercity
151.44	0.5911	IV
151.44	0.6856	Reward Upgrades (0/4) •
151.44	0.7419	& Attunement: Ignite Beacons, Slay
151.44	0.7809	Monsters
151.44	0.8263	Time Bonus: Slay Afflicted Monsters
151.44	0.8667	Reach District Boss before time expires •
151.44	0.9192	District Run
156.63	0.0651	| 6:33 AM
156.63	0.0670	Ziggurat District
156.63	0.1168	FLOOR
156.63	0.1546	2/3
156.63	0.2732	138
156.63	0.4691	Normal
156.63	0.5438	Kurast Undercity
156.63	0.5911	III IV
156.63	0.6856	Reward Upgrades (0/4) •
156.63	0.7440	• Attunement: Ignite Beacons, Slay
156.63	0.7819	Monsters
156.63	0.8243	- Time Bonus: Slay Afflicted Monsters
156.63	0.8667	Reach District Boss before time expires •
156.63	0.9192	District Run
157.65	0.0636	| 6:33 AM
157.65	0.0670	Ziggurat District ©
157.65	0.1160	FLOOR
157.65	0.1546	2/3
157.65	0.2732	138
157.65	0.4691	Normal
157.65	0.5438	Kurast Undercity
157.65	0.5911	IV
157.65	0.6856	Reward Upgrades (0/4) •
157.65	0.7424	& Attunement: Ignite Beacons, Slay
157.65	0.7819	Monsters
157.65	0.8231	- Time Bonus: Slay Afflicted Monsters
157.65	0.8667	Reach District Boss before time expires •
157.65	0.9192	District Run
158.69	0.0653	| 6:33 AN
158.69	0.0670	Ziggurat District ©
158.69	0.1168	FLOOR
158.69	0.1538	2/3
158.69	0.2732	138
158.69	0.3935	Q
158.69	0.4697	Normal
158.69	0.5438	Kurast Undercity
158.69	0.5919	III IV
158.69	0.6856	Reward Upgrades (0/4)
158.69	0.7440	• Attunement: Ignite Beacons, Slay
158.69	0.7819	Monsters
158.69	0.8263	Time Bonus: Slay Afflicted Monsters
158.69	0.8686	Reach District Boss before time expires
158.69	0.9192	District Run
159.87	0.0637	| 6:33 AM
159.87	0.0670	Ziggurat District
159.87	0.1160	FLOOR
159.87	0.1538	2/3
159.87	0.2732	138
159.87	0.4691	Normal
159.87	0.5441	Kurast Undercity
159.87	0.5911	IV
159.87	0.6856	Reward Upgrades (0/4) •
159.87	0.7419	& Attunement: Ignite Beacons, Slay
159.87	0.7819	Monsters
159.87	0.8256	Time Bonus: Slay Afflicted Monsters
159.87	0.8667	Reach District Boss before time expires •
159.87	0.9192	District Run
160.92	0.0644	| 6:33 AM
160.92	0.0670	Ziggurat District ©
160.92	0.1168	FLOOR
160.92	0.1538	2/3
160.92	0.2732	137
160.92	0.4691	Normal
160.92	0.5438	Kurast Undercity
160.92	0.5911	III IV
160.92	0.6856	Reward Upgrades (0/4) •
160.92	0.7427	& Attunement: Ignite Beacons, Slay
160.92	0.7809	Monsters
160.92	0.8263	Time Bonus: Slay Afflicted Monsters
160.92	0.8668	Reach District Boss before time expires
160.92	0.9192	District Run
161.96	0.0644	| 6:33 AM
161.96	0.0670	Ziggurat District G
161.96	0.1168	FLOOR
161.96	0.1538	2/3
161.96	0.2732	136
161.96	0.4691	Normal
161.96	0.5431	Kurast Undercity
161.96	0.5911	• IV
161.96	0.6856	Reward Upgrades (0/4) •
161.96	0.7434	& Attunement: Ignite Beacons, Slay
161.96	0.7819	Monsters
161.96	0.8256	Time Bonus: Slay Afflicted Monsters
161.96	0.8651	Reach District Boss before time expires
161.96	0.9192	District Run
163.02	0.0644	| 6:33 AM
163.02	0.0667	Ziggurat District ©
163.02	0.1168	FLOOR
163.02	0.1538	2/3
163.02	0.2732	135
163.02	0.4691	Normal
163.02	0.5438	Kurast Undercity
163.02	0.5911	• IV
163.02	0.6856	Reward Upgrades (0/4) •
163.02	0.7426	& Attunement: Ignite Beacons, Slay
163.02	0.7819	Monsters
163.02	0.8256	Time Bonus: Slay Afflicted Monsters
163.02	0.8651	Reach District Boss before time expires
163.02	0.9192	District Run
164.12	0.0643	| 6:33 AM
164.12	0.0670	Ziggurat District G
164.12	0.1168	FLOOR
164.12	0.1538	2/3
164.12	0.2732	134
164.12	0.4691	Normal
164.12	0.5438	Kurast Undercity
164.12	0.5911	- IV
164.12	0.6856	Reward Upgrades (0/4)
164.12	0.7425	& Attunement: Ignite Beacons, Slay
164.12	0.7819	Monsters
164.12	0.8290	* Time Bogus SayiAfflicted Monsters
164.12	0.8667	Reach District Boss before time expires •
164.12	0.9180	District Run Y
165.25	0.0658	Ziggurat District © | 6:33 AN
165.25	0.1160	FLOOR
165.25	0.1538	2/3
165.25	0.2732	133
165.25	0.4691	Normal
165.25	0.5430	Kurast Undercity
165.25	0.5911	III IV
165.25	0.6856	Reward Upgrades (0/4)
165.25	0.7400	§ Attunement: Ignite Beacons, Slay
165.25	0.7814	Monsters
165.25	0.8242	& Time Bonus: Slay Afflicted Monsters
165.25	0.8653	Reach District Boss before time expires
165.25	0.9192	District Run
166.37	0.0636	› | 6:33 AN
166.37	0.0663	Ziggurat District ©
166.37	0.1168	FLOOR
166.37	0.1546	2/3
166.37	0.2732	132
166.37	0.4691	Normal
166.37	0.5438	Kurast Undercity
166.37	0.5919	IV
166.37	0.6856	Reward Upgrades (0/4) •
166.37	0.7440	Attunement: Ignite Beacons, Slay
166.37	0.7819	Monsters
166.37	0.8242	2 Time Bonus: Slay Afflicted Monsters
166.37	0.8677	Reach District Boss before time expires *
166.37	0.9192	District Run
167.51	0.0662	Ziggurat District © | 6:33 AM
167.51	0.1168	FLOOR
167.51	0.1546	2/3
167.51	0.2736	131
167.51	0.4699	Normal
167.51	0.5438	Kurast Undercity
167.51	0.5911	III IV
167.51	0.6856	Reward Upgrades (0/4)
167.51	0.7410	& Attunement: Ignite Beacons, Slay
167.51	0.7819	Monsters
167.51	0.8247	Time Bonus: Slay Afflicted Monsters
167.51	0.8668	Reach District Boss before time expires
167.51	0.9192	District Run
168.69	0.0658	Ziggurat District © | 6:33 AN
168.69	0.1164	FLOOR
168.69	0.1538	2/3
168.69	0.2732	130
168.69	0.4691	Normal
168.69	0.5438	Kurast Undercity
168.69	0.5911	IV
168.69	0.6856	Reward Upgrades (0/4) •
168.69	0.7440	Attunement: Ignite Beacons, Slay
168.69	0.7809	Monsters
168.69	0.8247	Time Bonus: Slay Afflicted Monsters
168.69	0.8676	Reach District Boss before time expires •
168.69	0.9192	District Run
169.75	0.0658	Ziggurat District © | 6:33 AN
169.75	0.1164	FLOOR
169.75	0.1538	2/3
169.75	0.2732	129
169.75	0.4691	Normal
169.75	0.5438	Kurast Undercity
169.75	0.5911	IV
169.75	0.6856	Reward Upgrades (0/4) •
169.75	0.7425	& Attunement: Ignite Beacons, Slay
169.75	0.7819	Monsters
169.75	0.8263	Time Bonus: Slay Afflicted Monsters
169.75	0.8667	Reach District Boss before time expires •
169.75	0.9192	District Run
170.84	0.0658	Ziggurat District © | 6:33 AN
170.84	0.1164	FLOOR
170.84	0.1546	2/3
170.84	0.2732	127
170.84	0.4691	Normal
170.84	0.5438	Kurast Undercity
170.84	0.5911	IV
170.84	0.6856	Reward Upgrades (0/4) •
170.84	0.7418	& Attunement: Ignite Beacons, Slay
170.84	0.7819	Monsters
170.84	0.8247	Time Bonus: Slay Afflicted Monsters
170.84	0.8667	Reach District Boss before time expires •
170.84	0.9192	District Run
171.95	0.0658	Ziggurat District © | 6:33 AN
171.95	0.1160	FLOOR
171.95	0.1538	2/3
171.95	0.2732	126
171.95	0.4691	Normal
171.95	0.5438	Kurast Undercity
171.95	0.5911	IV
171.95	0.6856	Reward Upgrades (0/4) •
171.95	0.7426	& Attunement: Ignite Beacons, Slay
171.95	0.7819	Monsters
171.95	0.8247	Time Bonus: Slay Afflicted Monsters
171.95	0.8667	Reach District Boss before time expires •
171.95	0.9192	District Run
173.09	0.0658	Ziggurat District © | 6:33 AN
173.09	0.1203	FLOOR
173.09	0.1538	-2/3-
173.09	0.2732	125
173.09	0.4691	Normal
173.09	0.5438	Kurast Undercity
173.09	0.5919	IV
173.09	0.6856	Reward Upgrades (0/4) •
173.09	0.7418	& Attunement: Ignite Beacons, Slay
173.09	0.7819	Monsters
173.09	0.8247	Time Bonus: Slay Afflicted Monsters
173.09	0.8667	Reach District Boss before time expires •
173.09	0.9192	District Run
174.15	0.0658	Ziggurat District © | 6:33 AN
174.15	0.0885	Spirit
174.15	0.1168	FLOOR
174.15	0.1538	2/3
174.15	0.2732	124
174.15	0.4691	Normal
174.15	0.5438	Kurast Undercity
174.15	0.5911	IV
174.15	0.6856	Reward Upgrades (0/4) •
174.15	0.7418	& Attunement: Ignite Beacons, Slay
174.15	0.7819	Monsters
174.15	0.8263	Time Bonus: Slay Afflicted Monsters
174.15	0.8667	Reach District Boss before time expires •
174.15	0.9192	District Run
175.26	0.0658	Ziggurat District © | 6:33 AN
175.26	0.1164	FLOOR
175.26	0.1538	2/3
175.26	0.2732	123
175.26	0.3617	Q
175.26	0.4691	Normal
175.26	0.5438	Kurast Undercity
175.26	0.5911	• IV
175.26	0.6856	Reward Upgrades (0/4) •
175.26	0.7428	& Attunement: Ignite Beacons, Slay
175.26	0.7819	Monsters
175.26	0.8209	• Time Bonus: Slay Afflicted Monsters
175.26	0.8667	Reach District Boss before time expires •
175.26	0.9192	District Run
176.44	0.0658	Ziggurat District © | 6:33 AN
176.44	0.1168	FLOOR
176.44	0.1546	2/3
176.44	0.2732	122
176.44	0.4691	Normal
176.44	0.5438	Kurast Undercity
176.44	0.5911	III IV
176.44	0.6856	Reward Upgrades (0/4) •
176.44	0.7434	& Attunement: Ignite Beacons, Slay
176.44	0.7819	Monsters
176.44	0.8209	Time Bonus: Slay Afflicted Monsters
176.44	0.8667	Reach District Boss before time expires •
176.44	0.9192	District Run
177.57	0.0541	Vell￾
177.57	0.0644	| 6:33 AM
177.57	0.0670	Ziggurat District ©
177.57	0.1160	FLOOR
177.57	0.1538	273.
177.57	0.2732	121
177.57	0.3265	Z
177.57	0.4699	Normal
177.57	0.5442	Kurast Undercity 1
177.57	0.5911	IV
177.57	0.6856	Reward Upgrades (0/4)
177.57	0.7440	Attunement: Ignite Beacons, Slay
177.57	0.7819	Monsters
177.57	0.8263	Time Bonus: Slay Afflicted Monsters
177.57	0.8668	Reach District Boss before time expires *
177.57	0.9192	District Run
178.73	0.0658	Ziggurat District © | 6:33 AN
178.73	0.1164	FLOOR
178.73	0.1538	2/3
178.73	0.2741	120
178.73	0.4691	Normal
178.73	0.5430	Kurast Undercity
178.73	0.5911	IV
178.73	0.6856	Reward Upgrades (0/4) •
178.73	0.7418	& Attunement: Ignite Beacons, Slay
178.73	0.7819	Monsters
178.73	0.8234	& Time Bonus: Slay Afflicted Monsters •
178.73	0.8667	Reach District Boss before time expires •
178.73	0.9192	District Run
179.83	0.0670	Ziggurat District © | 6:33 AM
179.83	0.1164	FLOOR
179.83	0.1538	2/3
179.83	0.2732	163
179.83	0.4691	Normal
179.83	0.5438	Kurast Undercity
179.83	0.5911	IV
179.83	0.6856	Reward Upgrades (0/4) •
179.83	0.7426	& Attunement: Ignite Beacons, Slay
179.83	0.7819	Monsters
179.83	0.8247	Time Bonus: Slay Afflicted Monsters
179.83	0.8686	Reach District Boss before time expires
179.83	0.9192	District Run
180.91	0.0636	J 6:33 AN
180.91	0.0662	Ziggurat District C
180.91	0.1160	FLOOR
180.91	0.1538	2/3
180.91	0.2741	162
180.91	0.3119	P:
180.91	0.3136	ator
180.91	0.4691	Normal
180.91	0.5438	Kurast Undercity
180.91	0.5919	IV
180.91	0.6856	Reward Upgrades (0/4) •
180.91	0.7410	& Attunement: Ignite Beacons, Slay
180.91	0.7819	Monsters
180.91	0.8247	Time Bonus: Slay Afflicted Monsters
180.91	0.8668	Reach District Boss before time expires *
180.91	0.9192	District Run
182.01	0.0670	Ziggurat District © | 6:33 AM
182.01	0.1160	FLOOR
182.01	0.1538	2/3
182.01	0.2869	161
182.01	0.4691	Normal
182.01	0.5438	Kurast Undercity
182.01	0.5911	IV
182.01	0.6856	Reward Upgrades (0/4) •
182.01	0.7419	& Attunement: Ignite Beacons, Slay
182.01	0.7819	Monsters
182.01	0.8263	• Time Bonus: Slay Afflicted Monsters
182.01	0.8686	Reach District Boss before time expires
182.01	0.9192	District Run
183.20	0.0670	Ziggurat District © | 6:33 AM
183.20	0.1160	FLOOR
183.20	0.1538	2/3
183.20	0.2732	160
183.20	0.4691	Normal
183.20	0.5438	Kurast Undercity
183.20	0.5911	IV
183.20	0.6856	Reward Upgrades (0/4) •
183.20	0.7419	& Attunement: Ignite Beacons, Slay
183.20	0.7819	Monsters
183.20	0.8242	& Time Bonus: Slay Afflicted Monsters
183.20	0.8667	Reach District Boss before time expires •
183.20	0.9192	District Run
184.28	0.0658	Ziggurat District © | 6:33 AN
184.28	0.1168	FLOOR
184.28	0.1538	2/3
184.28	0.2728	159
184.28	0.4691	Normal
184.28	0.5438	Kurast Undercity
184.28	0.5911	IV
184.28	0.6856	Reward Upgrades (0/4) •
184.28	0.7448	& Attunement: Ignite Beacons, Slay
184.28	0.7819	Monsters
184.28	0.8247	Time Bonus: Slay Afflicted Monsters
184.28	0.8677	Reach District Boss before time expires •
184.28	0.9192	District Run
185.40	0.0658	Ziggurat District © | 6:33 AN
185.40	0.1160	FLOOR
185.40	0.1538	2/3
185.40	0.2732	158
185.40	0.4691	Normal
185.40	0.5438	Kurast Undercity
185.40	0.5925	III IV
185.40	0.6856	Reward Upgrades (0/4)
185.40	0.7434	& Attunement: Ignite Beacons, Slay
185.40	0.7819	Monsters
185.40	0.8187	& Time Bonus: Slay Afflicted Monsters
185.40	0.8667	Reach District Boss before time expires •
185.40	0.9192	District Run
186.45	0.0636	›| 6:33 AN
186.45	0.0663	Ziggurat District ©
186.45	0.1160	FLOOR
186.45	0.1538	2/3
186.45	0.2727	157
186.45	0.4691	Normal
186.45	0.5438	Kurast Undercity
186.45	0.5911	IV
186.45	0.6856	Reward Upgrades (0/4) •
186.45	0.7448	Attunement: Ignite Beacons, Slay
186.45	0.7819	Monsters
186.45	0.8256	Time Bonus: Slay Afflicted Monsters
186.45	0.8668	Reach District Boss before time expires •
186.45	0.9192	District Run
187.51	0.0658	Ziggurat District © | 6:33 AN
187.51	0.1168	FLOOR
187.51	0.1538	2/3
187.51	0.2732	156
187.51	0.4691	Normal
187.51	0.5438	Kurast Undercity
187.51	0.5911	IV
187.51	0.6856	Reward Upgrades (0/4) •
187.51	0.7410	& Attunement: Ignite Beacons, Slay
187.51	0.7819	Monsters
187.51	0.8247	Time Bonus: Slay Afflicted Monsters
187.51	0.8667	Reach District Boss before time expires •
187.51	0.9192	District Run
188.63	0.0644	| 6:33 AN
188.63	0.0670	Ziggurat District ©
188.63	0.1168	FLOOR
188.63	0.1546	2/3
188.63	0.2723	155
188.63	0.4691	Normal
188.63	0.5438	Kurast Undercity
188.63	0.5911	III IV
188.63	0.6856	Reward Upgrades (0/4) •
188.63	0.7440	Attunement: Ignite Beacons, Slay
188.63	0.7809	Monsters
188.63	0.8263	Time Bonus: Slay Afflicted Monsters
188.63	0.8668	Reach District Boss before time expires •
188.63	0.9192	District Run
189.67	0.0658	Ziggurat District © | 6:33 AN
189.67	0.1160	FLOOR
189.67	0.1546	2/3
189.67	0.2723	154
189.67	0.4691	Normal
189.67	0.5438	Kurast Undercity
189.67	0.5911	IV
189.67	0.6856	Reward Upgrades (0/4) •
189.67	0.7440	Attunement: Ignite Beacons, Slay
189.67	0.7819	Monsters
189.67	0.8246	Time Bonus: Slay Afflicted Monsters •
189.67	0.8667	Reach District Boss before time expires •
189.67	0.9192	District Run
190.72	0.0645	| 6:33 AM
190.72	0.0670	Ziggurat District ©
190.72	0.1168	FLOOR
190.72	0.1546	2/3
190.72	0.2732	153
190.72	0.4691	Normal
190.72	0.5438	Kurast Undercity
190.72	0.5911	IV
190.72	0.6856	Reward Upgrades (0/4)
190.72	0.7425	& Attunement: Ignite Beacons, Slay
190.72	0.7819	Monsters
190.72	0.8263	Time Bonus: Slay Afflicted Monsters
190.72	0.8668	Reach District Boss before time expires •
190.72	0.9192	District Run
191.82	0.0658	Ziggurat District © | 6:33 AN
191.82	0.1153	FLOOR
191.82	0.1538	2/3
191.82	0.2732	151
191.82	0.4691	Normal
191.82	0.5438	Kurast Undercity
191.82	0.5919	III IV
191.82	0.6856	Reward Upgrades (0/4) •
191.82	0.7412	& Attunement: Ignite Beacons, Slay
191.82	0.7819	Monsters
191.82	0.8263	Time Bonus: Slay Afflicted Monsters
191.82	0.8667	Reach District Boss before time expires •
191.82	0.9192	District Run
192.87	0.0658	Ziggurat District © | 6:33 AN
192.87	0.1168	FLOOR
192.87	0.1546	273
192.87	0.2727	150
192.87	0.4691	Normal
192.87	0.5438	Kurast Undercity
192.87	0.5919	IV
192.87	0.6856	Reward Upgrades (0/4)
192.87	0.7440	Attunement: Ignite Beacons, Slay
192.87	0.7819	Monsters
192.87	0.8239	Time Bonus: Slay Afflicted Monsters
192.87	0.8668	Reach District Boss before time expires
192.87	0.9192	District Run
193.92	0.0658	Ziggurat District © | 6:33 AN
193.92	0.1168	FLOOR
193.92	0.1546	2/3
193.92	0.2732	149
193.92	0.4691	Normal
193.92	0.5438	Kurast Undercity
193.92	0.5911	III IV
193.92	0.6856	Reward Upgrades (0/4)
193.92	0.7401	& Attunement: Ignite Beacons, Slay
193.92	0.7820	Monsters
193.92	0.8238	- Time Bonus: Slay Afflicted Monsters
193.92	0.8677	Reach District Boss before time expires
193.92	0.9192	District Run
195.03	0.0646	Ziggurat District © | 6:33 AM
195.03	0.1158	FLOOR
195.03	0.1538	2/3
195.03	0.2732	148
195.03	0.4699	Normal
195.03	0.5438	Kurast Undercity
195.03	0.5911	III IV
195.03	0.6856	Reward Upgrades (0/4)
195.03	0.7400	& Attunement: Ignite Beacons, Slay
195.03	0.7819	Monsters
195.03	0.8244	& Time Bonus: Slay Afflicted Monsters
195.03	0.8668	Reach District Boss before time expires
195.03	0.9192	District Run
196.09	0.0658	Ziggurat District © | 6:33 AN
196.09	0.1159	FLOOR
196.09	0.1538	2/3
196.09	0.2732	147
196.09	0.3265	Z
196.09	0.4699	Normal
196.09	0.5438	Kurast Undercity
196.09	0.5919	III IV
196.09	0.6856	Reward Upgrades (0/4)
196.09	0.7401	& Attunement: Ignite Beacons, Slay
196.09	0.7818	Monsters
196.09	0.8247	Time Bonus: Slay Afflicted Monsters
196.09	0.8650	Reach District Boss before time expires
196.09	0.9192	District Run
197.24	0.0646	Ziggurat District © | 6:33 AM
197.24	0.1159	FLOOR
197.24	0.1538	2/3
197.24	0.2732	146
197.24	0.4691	Normal
197.24	0.5438	Kurast Undercity
197.24	0.5919	III IV
197.24	0.6856	Reward Upgrades (0/4)
197.24	0.7409	& Attunement: Ignite Beacons, Slay
197.24	0.7819	Monsters
197.24	0.8247	Time Bonus: Slay Afflicted Monsters
197.24	0.8650	Reach District Boss before time expires
197.24	0.9189	District Run f
198.38	0.0658	Ziggurat District © | 6:33 AN
198.38	0.1159	FLOOR
198.38	0.1538	2/3
198.38	0.2431	Q
198.38	0.2732	145
198.38	0.4691	Normal
198.38	0.5438	Kurast Undercity
198.38	0.5919	III IV
198.38	0.6856	Reward Upgrades (0/4)
198.38	0.7416	- Attunement: Ignite Beacons, Slay
198.38	0.7819	Monsters
198.38	0.8209	Z Time Bonus: Slay Afflicted Monsters
198.38	0.8667	Reach District Boss before time expires
198.38	0.9192	District Run
199.43	0.0646	Ziggurat District © | 6:33 AN
199.43	0.1168	FLOOR
199.43	0.1538	2/3
199.43	0.2732	144
199.43	0.4691	Normal
199.43	0.5438	Kurast Undercity
199.43	0.5919	III IV
199.43	0.6856	Reward Upgrades (0/4)
199.43	0.7398	& Attunement: Ignite Beacons, Slay
199.43	0.7819	Monsters
199.43	0.8247	Z Time Bonus: Slay Afflicted Monsters
199.43	0.8677	Reach District Boss before time expires
199.43	0.9192	District Run
200.50	0.0658	Ziggurat District © | 6:34 AN
200.50	0.1168	FLOOR
200.50	0.1538	2/3
200.50	0.2732	143
200.50	0.4691	Normal
200.50	0.5438	Kurast Undercity
200.50	0.5919	IV
200.50	0.6856	Reward Upgrades (0/4)
200.50	0.7409	& Attunement: Ignite Beacons, Slay
200.50	0.7819	Monsters
200.50	0.8232	Time Bonus: Slay Afflicted Monsters •
200.50	0.8675	Reach District Boss before time expires •
200.50	0.9189	District Run f
201.58	0.0658	Ziggurat District © | 6:34 AN
201.58	0.1160	FLOOR
201.58	0.1538	2/3
201.58	0.2732	142
201.58	0.4691	Normal
201.58	0.5454	Kurast Undercity Y
201.58	0.5919	IV
201.58	0.6856	Reward Upgrades (0/4)
201.58	0.7419	& Attunement: Ignite Beacons, Slay
201.58	0.7819	Monsters
201.58	0.8239	- Time Bonus: Slay Afflicted Monsters
201.58	0.8668	Reach District Boss before time expires
201.58	0.9192	District Run
202.69	0.0644	| 6:34 AM
202.69	0.0670	Ziggurat District ©
202.69	0.1160	FLOOR
202.69	0.1538	2/3
202.69	0.2732	141
202.69	0.4691	Normal
202.69	0.5438	Kurast Undercity
202.69	0.5911	IV
202.69	0.6856	Reward Upgrades (0/4) •
202.69	0.7419	& Attunement: Ignite Beacons, Slay
202.69	0.7819	Monsters
202.69	0.8245	& Time Bonus: Slay Afflicted Monsters
202.69	0.8675	Reach District Boss before time expires •
202.69	0.9180	District Run fY
203.80	0.0653	| 6:34 AN
203.80	0.0670	Ziggurat District G
203.80	0.1168	FLOOR
203.80	0.1546	2/3
203.80	0.2736	139
203.80	0.4691	Normal
203.80	0.5438	Kurast Undercity
203.80	0.5911	IV
203.80	0.6856	Reward Upgrades (0/4) •
203.80	0.7410	& Attunement: Ignite Beacons, Slay
203.80	0.7819	Monsters
203.80	0.8263	- Time Bonus: Slay Afflicted Monsters
203.80	0.8668	Reach District Boss before time expires •
203.80	0.9192	District Run
204.87	0.0659	Ziggurat District © | 6:34 AN
204.87	0.1164	FLOOR
204.87	0.1538	2/3
204.87	0.2732	138
204.87	0.4691	Normal
204.87	0.5438	Kurast Undercity
204.87	0.5911	III IV
204.87	0.6856	Reward Upgrades (0/4) •
204.87	0.7409	& Attunement: Ignite Beacons, Slay
204.87	0.7819	Monsters
204.87	0.8242	2 Time Bonus: Slay Afflicted Monsters
204.87	0.8667	Reach District Boss before time expires •
204.87	0.9192	District Run
205.93	0.0670	Ziggurat District © | 6:34 AM
205.93	0.1168	FLOOR
205.93	0.1538	2/3
205.93	0.2732	137
205.93	0.4691	Normal
205.93	0.5438	Kurast Undercity
205.93	0.5911	IV
205.93	0.6856	Reward Upgrades (0/4) •
205.93	0.7426	& Attunement: Ignite Beacons, Slay
205.93	0.7819	Monsters
205.93	0.8242	& Time Bonus: Slay Afflicted Monsters
205.93	0.8667	Reach District Boss before time expires •
205.93	0.9192	District Run
207.03	0.0658	Ziggurat District © | 6:34 AN
207.03	0.1164	FLOOR
207.03	0.1546	2/3
207.03	0.2732	136
207.03	0.4691	Normal
207.03	0.5438	Kurast Undercity
207.03	0.5925	III IV
207.03	0.6856	Reward Upgrades (0/4) •
207.03	0.7427	& Attunement: Ignite Beacons, Slay
207.03	0.7819	Monsters
207.03	0.8239	Time Bonus: Slay Afflicted Monsters
207.03	0.8676	Reach District Boss before time expires •
207.03	0.9192	District Run
208.12	0.0658	Ziggurat District © | 6:34 AN
208.12	0.1168	FLOOR
208.12	0.1546	2/3
208.12	0.2732	135
208.12	0.4691	Normal
208.12	0.5438	Kurast Undercity
208.12	0.5925	III IV
208.12	0.6856	Reward Upgrades (0/4) •
208.12	0.7418	& Attunement: Ignite Beacons, Slay
208.12	0.7819	Monsters
208.12	0.8239	Time Bonus: Slay Afflicted Monsters
208.12	0.8676	Reach District Boss before time expires •
208.12	0.9192	District Run
209.24	0.0658	Ziggurat District © | 6:34 AN
209.24	0.1168	FLOOR
209.24	0.1538	2/3
209.24	0.2732	134
209.24	0.4691	Normal
209.24	0.5438	Kurast Undercity
209.24	0.5911	IV
209.24	0.5919	HI
209.24	0.6856	Reward Upgrades (0/4) •
209.24	0.7433	& Attunement: Ignite Beacons, Slay
209.24	0.7819	Monsters
209.24	0.8256	Time Bonus: Slay Afflicted Monsters
209.24	0.8668	Reach District Boss before time expires •
209.24	0.9192	District Run
210.36	0.0658	Ziggurat District © | 6:34 AM
210.36	0.1164	FLOOR
210.36	0.1538	2/3
210.36	0.2732	133
210.36	0.4691	Normal
210.36	0.5438	Kurast Undercity
210.36	0.5911	IV
210.36	0.6856	Reward Upgrades (0/4) •
210.36	0.7441	& Attunement: Ignite Beacons, Slay
210.36	0.7819	Monsters
210.36	0.8256	Time Bonus: Slay Afflicted Monsters
210.36	0.8668	Reach District Boss before time expires •
210.36	0.9192	District Run
211.50	0.0658	Ziggurat District © | 6:34 AN
211.50	0.1160	FLOOR
211.50	0.1546	2/3
211.50	0.2732	132
211.50	0.4691	Normal
211.50	0.5438	Kurast Undercity
211.50	0.5911	IV
211.50	0.6856	Reward Upgrades (0/4)
211.50	0.7448	Attunement: Ignite Beacons, Slay
211.50	0.7819	Monsters
211.50	0.8256	Time Bonus: Slay Afflicted Monsters
211.50	0.8667	Reach District Boss before time expires •
211.50	0.9192	District Run
212.61	0.0658	Ziggurat District © | 6:34 AN
212.61	0.1164	FLOOR
212.61	0.1538	2/3
212.61	0.2732	131
212.61	0.4691	Normal
212.61	0.5438	Kurast Undercity
212.61	0.5919	IV
212.61	0.6856	Reward Upgrades (0/4) •
212.61	0.7448	Attunement: Ignite Beacons, Slay
212.61	0.7819	Monsters
212.61	0.8256	Time Bonus: Slay Afflicted Monsters
212.61	0.8668	Reach District Boss before time expires •
212.61	0.9192	District Run
213.82	0.0644	| 6:34 AM
213.82	0.0663	Ziggurat District ©
213.82	0.1164	FLOOR
213.82	0.1538	2/3
213.82	0.2732	174
213.82	0.4691	Normal
213.82	0.5438	Kurast Undercity
213.82	0.5919	IV
213.82	0.6856	Reward Upgrades (0/4) •
213.82	0.7441	& Attunement: Ignite Beacons, Slay
213.82	0.7809	Monsters
213.82	0.8209	Time Bonus: Slay Afflicted Monsters
213.82	0.8667	Reach District Boss before time expires •
213.82	0.9192	District Run
214.95	0.0653	|| 6:34 AN
214.95	0.0670	Ziggurat District ©
214.95	0.1168	FLOOR
214.95	0.1538	2/3
214.95	0.2732	173
214.95	0.4691	Normal
214.95	0.5438	Kurast Undercity
214.95	0.5919	IV
214.95	0.6856	Reward Upgrades (0/4)
214.95	0.7425	& Attunement: Ignite Beacons, Slay
214.95	0.7819	Monsters
214.95	0.8256	Time Bonus: Slay Afflicted Monsters
214.95	0.8667	Reach District Boss before time expires •
214.95	0.9192	District Run
216.05	0.0653	| 6:34 AN
216.05	0.0670	Ziggurat District ©
216.05	0.1164	FLOOR
216.05	0.1538	2/3
216.05	0.2732	172
216.05	0.4691	Normal
216.05	0.5438	Kurast Undercity
216.05	0.5919	IV
216.05	0.6856	Reward Upgrades (0/4)
216.05	0.7440	Attunement: Ignite Beacons, Slay
216.05	0.7819	Monsters
216.05	0.8256	Time Bonus: Slay Afflicted Monsters
216.05	0.8667	Reach District Boss before time expires •
216.05	0.9192	District Run
217.11	0.0653	| 6:34 AN
217.11	0.0670	Ziggurat District ©
217.11	0.1168	FLOOR
217.11	0.1538	2/3
217.11	0.2732	171
217.11	0.4691	Normal
217.11	0.5438	Kurast Undercity
217.11	0.5919	IV
217.11	0.6856	Reward Upgrades (0/4) •
217.11	0.7426	& Attunement: Ignite Beacons, Slay
217.11	0.7819	Monsters
217.11	0.8187	& Time Bonus: Slay Afflicted Monsters
217.11	0.8676	Reach District Boss before time expires •
217.11	0.9180	District Run fY
218.20	0.0644	| 6:34 AM
218.20	0.0662	Ziggurat District
218.20	0.1168	FLOOR
218.20	0.1538	2/3
218.20	0.2732	170
218.20	0.4699	Normal
218.20	0.5438	Kurast Undercity
218.20	0.5911	III IV
218.20	0.6856	Reward Upgrades (0/4) •
218.20	0.7419	& Attunement: Ignite Beacons, Slay
218.20	0.7819	Monsters
218.20	0.8263	Time Bonus: Slay Afflicted Monsters
218.20	0.8667	Reach District Boss before time expires •
218.20	0.9192	District Run
219.31	0.0653	| 6:34 AN
219.31	0.0670	Ziggurat District ©
219.31	0.1168	FLOOR
219.31	0.1538	2/3
219.31	0.2732	169
219.31	0.4691	Normal
219.31	0.5438	Kurast Undercity
219.31	0.5919	IV
219.31	0.6856	Reward Upgrades (0/4) •
219.31	0.7409	& Attunement: Ignite Beacons, Slay
219.31	0.7809	Monsters
219.31	0.8263	- Time Bonus: Slay Afflicted Monsters
219.31	0.8667	Reach District Boss before time expires •
219.31	0.9192	District Run
220.37	0.0662	| 6:34 AM
220.37	0.0670	Ziggurat District ©
220.37	0.1168	FLOOR
220.37	0.1546	2/3
220.37	0.2732	168
220.37	0.4691	Normal
220.37	0.5438	Kurast Undercity
220.37	0.5911	III IV
220.37	0.6856	Reward Upgrades (0/4) •
220.37	0.7400	& Attunement: Ignite Beacons, Slay
220.37	0.7819	Monsters
220.37	0.8239	• Time Bonus: Slay Afflicted Monsters
220.37	0.8667	Reach District Boss before time expires •
220.37	0.9192	District Run
221.47	0.0654	| 6:34 AN
221.47	0.0670	Ziggurat District ©
221.47	0.1168	FLOOR
221.47	0.1538	2/3
221.47	0.2732	167
221.47	0.4691	Normal
221.47	0.5438	Kurast Undercity
221.47	0.5919	IV
221.47	0.6856	Reward Upgrades (0/4) •
221.47	0.7411	& Attunement: Ignite Beacons, Slay
221.47	0.7819	Monsters
221.47	0.8187	• Time Bonus: Slay Afflicted Monsters
221.47	0.8667	Reach District Boss before time expires •
221.47	0.9192	District Run
222.52	0.0653	| 6:34 AN
222.52	0.0670	Ziggurat District ©
222.52	0.1168	FLOOR
222.52	0.1538	2/3
222.52	0.2732	166
222.52	0.4691	Normal
222.52	0.5438	Kurast Undercity
222.52	0.5919	IV
222.52	0.6856	Reward Upgrades (0/4) •
222.52	0.7426	& Attunement: Ignite Beacons, Slay
222.52	0.7819	Monsters
222.52	0.8209	• Time Bonus: Slay Afflicted Monsters
222.52	0.8667	Reach District Boss before time expires •
222.52	0.9192	District Run
223.62	0.0653	| 6:34 AN
223.62	0.0670	Ziggurat District ©
223.62	0.1168	FLOOR
223.62	0.1538	2/3
223.62	0.2732	165
223.62	0.4691	Normal
223.62	0.5438	Kurast Undercity
223.62	0.5911	IV
223.62	0.6856	Reward Upgrades (0/4)
223.62	0.7434	& Attunement: Ignite Beacons, Slay
223.62	0.7819	Monsters
223.62	0.8209	Time Bonus: Slay Afflicted Monsters
223.62	0.8674	Reach District Boss before time expires •
223.62	0.9192	District Run
224.69	0.0662	| 6:34 AM
224.69	0.0670	Ziggurat District G
224.69	0.1168	FLOOR
224.69	0.1546	2/3
224.69	0.2732	164
224.69	0.4691	Normal
224.69	0.5438	Kurast Undercity
224.69	0.5911	IV
224.69	0.6856	Reward Upgrades (0/4) •
224.69	0.7419	& Attunement: Ignite Beacons, Slay
224.69	0.7819	Monsters
224.69	0.8263	- Time Bonus: Slay Afflicted Monsters
224.69	0.8668	Reach District Boss before time expires
224.69	0.9192	District Run
225.77	0.0653	6:34 AN
225.77	0.0670	Ziggurat District G
225.77	0.1160	FLOOR
225.77	0.1546	2/3
225.77	0.2736	163
225.77	0.4691	Normal
225.77	0.5438	Kurast Undercity
225.77	0.5919	IV
225.77	0.6856	Reward Upgrades (0/4)
225.77	0.7419	& Attunement: Ignite Beacons, Slay
225.77	0.7819	Monsters
225.77	0.8263	- Time Bonus: Slay Afflicted Monsters
225.77	0.8668	Reach District Boss before time expires
225.77	0.9192	District Run
226.86	0.0653	6:34 AN
226.86	0.0670	Ziggurat District G
226.86	0.1168	FLOOR
226.86	0.1546	2/3
226.86	0.2732	161
226.86	0.4691	Normal
226.86	0.5438	Kurast Undercity
226.86	0.5919	IV
226.86	0.6856	Reward Upgrades (0/4)
226.86	0.7419	& Attunement: Ignite Beacons, Slay
226.86	0.7819	Monsters
226.86	0.8263	- Time Bonus: Slay Afflicted Monsters
226.86	0.8668	Reach District Boss before time expires
226.86	0.9192	District Run
227.93	0.0653	6:34 AN
227.93	0.0662	Ziggurat District
227.93	0.1168	FLOOR
227.93	0.1546	2/3
227.93	0.2741	160
227.93	0.4691	Normal
227.93	0.5438	Kurast Undercity
227.93	0.5919	IV
227.93	0.6856	Reward Upgrades (0/4)
227.93	0.7419	& Attunement: Ignite Beacons, Slay
227.93	0.7819	Monsters
227.93	0.8263	Time Bonus: Slay Afflicted Monsters
227.93	0.8677	Reach District Boss before time expires
227.93	0.9192	District Run
228.98	0.0655	| 6:34 AN
228.98	0.0670	Ziggurat District ©
228.98	0.1168	FLOOR
228.98	0.1538	2/3
228.98	0.2723	159
228.98	0.4691	Normal
228.98	0.5438	Kurast Undercity
228.98	0.5911	IV
228.98	0.6856	Reward Upgrades (0/4)
228.98	0.7419	& Attunement: Ignite Beacons, Slay
228.98	0.7819	Monsters
228.98	0.8256	Time Bonus: Slay Afflicted Monsters
228.98	0.8668	Reach District Boss before time expires
228.98	0.9192	District Run
230.09	0.0655	| 6:34 AN
230.09	0.0670	Ziggurat District ©
230.09	0.1168	FLOOR
230.09	0.1546	2/3
230.09	0.2732	158
230.09	0.4691	Normal
230.09	0.5438	Kurast Undercity
230.09	0.5919	IV
230.09	0.6856	Reward Upgrades (0/4)
230.09	0.7410	& Attunement: Ignite Beacons, Slay
230.09	0.7819	Monsters
230.09	0.8256	Time Bonus: Slay Afflicted Monsters
230.09	0.8650	Reach District Boss before time expires
230.09	0.9192	District Run
231.19	0.0670	Ziggurat District © | 6:34 AM
231.19	0.1168	FLOOR
231.19	0.1546	2/3
231.19	0.2723	157
231.19	0.4691	Normal
231.19	0.5438	Kurast Undercity
231.19	0.5911	IV
231.19	0.6856	Reward Upgrades (0/4)
231.19	0.7417	& Attunement: Ignite Beacons, Slay
231.19	0.7819	Monsters
231.19	0.8247	Time Bonus: Slay Afflicted Monsters
231.19	0.8668	Reach District Boss before time expires •
231.19	0.9192	District Run
232.27	0.0653	| 6:34 AIN
232.27	0.0670	Ziggurat District G
232.27	0.1168	FLOOR
232.27	0.1546	2/3
232.27	0.2723	156
232.27	0.4691	Normal
232.27	0.5438	Kurast Undercity
232.27	0.5919	IV
232.27	0.6856	Reward Upgrades (0/4) •
232.27	0.7419	& Attunement: Ignite Beacons, Slay
232.27	0.7819	Monsters
232.27	0.8247	Time Bonus: Slay Afflicted Monsters
232.27	0.8667	Reach District Boss before time expires •
232.27	0.9192	District Run
233.38	0.0670	Ziggurat District © | 6:34 AM
233.38	0.1160	FLOOR
233.38	0.1538	2/3
233.38	0.2728	155
233.38	0.4691	Normal
233.38	0.5438	Kurast Undercity
233.38	0.5911	• IV
233.38	0.6856	Reward Upgrades (0/4) •
233.38	0.7381	& Attunement: Ignite Beacons, Slay
233.38	0.7819	Monsters
233.38	0.8251	- Time Bonus: Slay Afflicted Monsters
233.38	0.8668	Reach District Boss before time expires *
233.38	0.9141	party
233.38	0.9192	District Run
234.47	0.0658	Ziggurat District © | 6:34 AN
234.47	0.1160	FLOOR
234.47	0.1538	2/3
234.47	0.2723	154
234.47	0.4691	Normal
234.47	0.5438	Kurast Undercity
234.47	0.5919	IV
234.47	0.6856	Reward Upgrades (0/4) •
234.47	0.7426	& Attunement: Ignite Beacons, Slay
234.47	0.7819	Monsters
234.47	0.8248	- Time Bonus: Slay Afflicted Monsters
234.47	0.8668	Reach District Boss before time expires •
234.47	0.9185	District Run f
235.53	0.0670	Ziggurat District © | 6:34 AM
235.53	0.1168	FLOOR
235.53	0.1538	2/3
235.53	0.2728	153
235.53	0.4691	Normal
235.53	0.5438	Kurast Undercity
235.53	0.5919	IV
235.53	0.6856	Reward Upgrades (0/4) •
235.53	0.7417	& Attunement: Ignite Beacons, Slay
235.53	0.7809	Monsters
235.53	0.8249	- Time Bonus: Slay Afflicted Monsters
235.53	0.8660	Reach District Boss before time expires •
235.53	0.9180	District Run fa
236.60	0.0658	Ziggurat District © | 6:34 AN
236.60	0.1160	FLOOR
236.60	0.1538	2/3
236.60	0.2728	152
236.60	0.4691	Normal
236.60	0.5438	Kurast Undercity
236.60	0.5919	IV
236.60	0.6856	Reward Upgrades (0/4) •
236.60	0.7419	& Attunement: Ignite Beacons, Slay
236.60	0.7809	Monsters
236.60	0.8247	& Time Bonus: Slay Afflicted Monsters
236.60	0.8668	Reach District Boss before time expires •
236.60	0.9180	District Run f
237.77	0.0658	Ziggurat District © | 6:34 AN
237.77	0.1160	FLOOR
237.77	0.1538	2/3
237.77	0.2723	150
237.77	0.4691	Normal
237.77	0.5438	Kurast Undercity
237.77	0.5911	IV
237.77	0.6856	Reward Upgrades (0/4)
237.77	0.7419	& Attunement: Ignite Beacons, Slay
237.77	0.7819	Monsters
237.77	0.8209	• Time Bonus: Slay Afflicted Monsters
237.77	0.8675	Reach District Boss before time expires •
237.77	0.9192	District Run
238.87	0.0658	Ziggurat District © | 6:34 AN
238.87	0.1168	FLOOR
238.87	0.1538	2/3
238.87	0.2732	149
238.87	0.4691	Normal
238.87	0.5430	Kurast Undercity
238.87	0.5911	III IV
238.87	0.6856	Reward Upgrades (0/4)
238.87	0.7410	& Attunement: Ignite Beacons, Slay
238.87	0.7805	Monsters
238.87	0.8263	• Time Bonus: Slay Afflicted Monsters
238.87	0.8653	Reach District Boss before time expires *
238.87	0.9180	District Run f
239.96	0.0658	Ziggurat District © | 6:34 AN
239.96	0.1168	FLOOR
239.96	0.1538	2/3
239.96	0.2732	148
239.96	0.4691	Normal
239.96	0.5438	Kurast Undercity
239.96	0.5911	IV
239.96	0.6856	Reward Upgrades (0/4) •
239.96	0.7409	& Attunement: Ignite Beacons, Slay
239.96	0.7819	Monsters
239.96	0.8239	• Time Bonus: Slay Afflicted Monsters •
239.96	0.8677	Reach District Boss before time expires *
239.96	0.9192	District Run
241.03	0.0658	Ziggurat District © | 6:34 AN
241.03	0.1168	FLOOR
241.03	0.1538	2/3
241.03	0.2732	147
241.03	0.4691	Normal
241.03	0.5455	Kurast Undercity 1a
241.03	0.6856	Reward Upgrades (0/4)
241.03	0.7409	& Attunement: Ignite Beacons, Slay
241.03	0.7819	Monsters
241.03	0.8209	• Time Bonus: Slay Afflicted Monsters
241.03	0.8674	Reach District Boss before time expires •
241.03	0.9192	District Run
242.10	0.0659	Ziggurat District © | 6:34 AN
242.10	0.1168	FLOOR
242.10	0.1538	2/3
242.10	0.2732	146
242.10	0.4691	Normal
242.10	0.5438	Kurast Undercity
242.10	0.5919	IV
242.10	0.6856	Reward Upgrades (0/4)
242.10	0.7440	Attunement: Ignite Beacons, Slay
242.10	0.7819	Monsters
242.10	0.8239	Time Bonus: Slay Afflicted Monsters
242.10	0.8668	Reach District Boss before time expires
242.10	0.9192	District Run
242.10	0.9888	Cond Shinit Ragean
243.19	0.0653	| 6:34 AN
243.19	0.0662	Ziggurat District
243.19	0.1160	FLOOR
243.19	0.1538	2/3
243.19	0.2732	145
243.19	0.4691	Normal
243.19	0.5438	Kurast Undercity
243.19	0.5919	IV
243.19	0.6856	Reward Upgrades (0/4) •
243.19	0.7420	& Attunement: Ignite Beacons, Slay
243.19	0.7819	Monsters
243.19	0.8262	Z Time Bonus: Slay Afflicted Monsters
243.19	0.8665	Reach District Boss before time expires •
243.19	0.9192	District Run
243.19	0.9888	Cond Gainit Ragcan
244.22	0.0658	Ziggurat District © | 6:34 AN
244.22	0.1160	FLOOR
244.22	0.1538	2/3
244.22	0.2732	144
244.22	0.4691	Normal
244.22	0.5438	Kurast Undercity
244.22	0.5911	IV
244.22	0.6856	Reward Upgrades (0/4) •
244.22	0.7448	Attunement: Ignite Beacons, Slay
244.22	0.7819	Monsters
244.22	0.8209	- Time Bonus: Slay Afflicted Monsters
244.22	0.8668	Reach District Boss before time expires •
244.22	0.9192	District Run
244.22	0.9888	Cand Crisit Rancon
245.27	0.0658	Ziggurat District © | 6:34 AN
245.27	0.1160	FLOOR
245.27	0.1538	2/3
245.27	0.2732	143
245.27	0.4691	Normal
245.27	0.5438	Kurast Undercity
245.27	0.5911	III IV
245.27	0.6856	Reward Upgrades (0/4) •
245.27	0.7411	& Attunement: Ignite Beacons, Slay
245.27	0.7819	Monsters
245.27	0.8263	Time Bonus: Slay Afflicted Monsters
245.27	0.8686	Reach District Boss before time expires
245.27	0.9192	District Run
245.27	0.9888	Cand Crisit Ragcan
246.31	0.0658	Ziggurat District © | 6:34 AN
246.31	0.1168	FLOOR
246.31	0.1538	2/3
246.31	0.2732	142
246.31	0.4691	Normal
246.31	0.5440	Kurast Undercity
246.31	0.5911	III IV
246.31	0.6856	Reward Upgrades (0/4)
246.31	0.7410	& Attunement: Ignite Beacons, Slay
246.31	0.7809	Monsters
246.31	0.8243	Z Time Bonus: Slay Afflicted Monsters
246.31	0.8667	Reach District Boss before time expires •
246.31	0.9192	District Run
246.31	0.9880	Cond Chinit Racean
247.34	0.0644	| 6:34 AN
247.34	0.0670	Ziggurat District ©
247.34	0.1168	FLOOR
247.34	0.1538	2/3
247.34	0.2732	141
247.34	0.4691	Normal
247.34	0.5430	Kurast Undercity
247.34	0.5919	IV
247.34	0.6856	Reward Upgrades (0/4) •
247.34	0.7410	& Attunement: Ignite Beacons, Slay
247.34	0.7792	Monsters
247.34	0.8239	& Time Bonus: Slay Afflicted Monsters •
247.34	0.8653	Reach District Boss before time expires *
247.34	0.9179	District Run fY
247.34	0.9888	Cond Crisit Rancon
248.38	0.0636	) 6:34 AM
248.38	0.0670	Ziggurat District ©
248.38	0.1168	FLOOR
248.38	0.1538	2/3
248.38	0.2732	140
248.38	0.4691	Normal
248.38	0.5438	Kurast Undercity
248.38	0.5926	III IV
248.38	0.6856	Reward Upgrades (0/4)
248.38	0.7410	& Attunement: Ignite Beacons, Slay
248.38	0.7801	Monsters
248.38	0.8234	- Time Bonus: Slay Afflicted Monsters
248.38	0.8668	Reach District Boss before time expires •
248.38	0.9192	District Run
248.38	0.9897	one Smit agann
249.43	0.0657	Wrathful Phziggüfat District © | 6:34 AN
249.43	0.0893	Wrathful Spirit
249.43	0.1168	FLOOR
249.43	0.1538	2/3
249.43	0.2732	139
249.43	0.4691	Normal
249.43	0.5430	Kurast Undercity
249.43	0.5911	III IV
249.43	0.6856	Reward Upgrades (0/4) •
249.43	0.7397	& Attunement: Ignite Beacons, Slay
249.43	0.7801	Monsters
249.43	0.8238	Z Time Bonus: Slay Afflicted Monsters
249.43	0.8666	Reach District Boss before time expires
249.43	0.9180	District Run fy
249.43	0.9888	Cand Caisit Raganr
250.50	0.0646	Ziggurat District © | 6:34 AN
250.50	0.1160	FLOOR
250.50	0.1538	2/3
250.50	0.2732	138
250.50	0.4699	Normal
250.50	0.5430	Kurast Undercity
250.50	0.6856	Reward Upgrades (0/4)
250.50	0.7400	& Attunement: Ignite Beacons, Slay
250.50	0.7819	Monsters
250.50	0.8241	- Time Bonus: Slay Afflicted Monsters
250.50	0.8656	Reach District Boss before time expires *
250.50	0.9179	District Run f
250.50	0.9888	and Shinit Rancan
251.60	0.0644	| 6:34 AN
251.60	0.0670	Ziggurat District G
251.60	0.1160	FLOOR
251.60	0.1538	2/3
251.60	0.2732	137
251.60	0.4691	Normal
251.60	0.5438	Kurast Undercity
251.60	0.5911	IV
251.60	0.5919	HI
251.60	0.6856	Reward Upgrades (0/4)
251.60	0.7418	& Attunement: Ignite Beacons, Slay
251.60	0.7807	Monsters
251.60	0.8224	& Time Bonus: Slay Afflicted Monsters
251.60	0.8650	Reach District Boss before time expires
251.60	0.9192	District Run
251.60	0.9888	Cand Crisit Rancon
252.64	0.0644	| 6:34 AN
252.64	0.0662	Ziggurat District O
252.64	0.1160	FLOOR
252.64	0.1538	2/3
252.64	0.2732	136
252.64	0.2894	thful P
252.64	0.3230	athful
252.64	0.4691	Normal
252.64	0.5438	Kurast Undercity
252.64	0.5911	III IV
252.64	0.6856	Reward Upgrades (0/4)
252.64	0.7410	& Attunement: Ignite Beacons, Slay
252.64	0.7801	Monsters
252.64	0.8239	7 Time Bonus: Slay Afflicted Monsters
252.64	0.8650	Reach District Boss before time expires
252.64	0.9192	District Run
252.64	0.9888	Gand Shinit Racean
253.69	0.0644	| 6:34 AM
253.69	0.0662	Ziggurat District
253.69	0.1160	FLOOR
253.69	0.1538	2/3
253.69	0.2732	135
253.69	0.4691	Normal
253.69	0.5438	Kurast Undercity
253.69	0.5926	III IV
253.69	0.6856	Reward Upgrades (0/4) •
253.69	0.7418	& Attunement: Ignite Beacons, Slay
253.69	0.7801	Monsters
253.69	0.8239	& Time Bonus: Slay Afflicted Monsters
253.69	0.8707	Reach District Boss before time expires
253.69	0.9202	District Run
254.82	0.0644	| 6:34 AM
254.82	0.0670	Ziggurat District ©
254.82	0.1160	FLOOR
254.82	0.1538	2/3
254.82	0.2741	133
254.82	0.4691	Normal
254.82	0.5438	Kurast Undercity
254.82	0.5919	IV
254.82	0.6856	Reward Upgrades (0/4) •
254.82	0.7401	& Attunement: Ignite Beacons, Slay
254.82	0.7801	Monsters
254.82	0.8243	Z Time Bonus: Slay Afflicted Monsters
254.82	0.8668	Reach District Boss before time expires *
254.82	0.9192	District Run
254.82	0.9888	rond Sni it Rancan
255.91	0.0652	| 6:34 AN
255.91	0.0662	Ziggurat District
255.91	0.1168	FLOOR
255.91	0.1538	2/3
255.91	0.2732	132
255.91	0.4691	Normal
255.91	0.5438	Kurast Undercity
255.91	0.5919	IV
255.91	0.6856	Reward Upgrades (0/4) •
255.91	0.7419	& Attunement: Ignite Beacons, Slay
255.91	0.7809	Monsters
255.91	0.8245	& Time Bonus: Slay Afflicted Monsters
255.91	0.8667	Reach District Boss before time expires •
255.91	0.9192	District Run
255.91	0.9888	Chand Crisit Ragcan
256.97	0.0644	› | 6:34 AM
256.97	0.0670	Ziggurat District ©
256.97	0.1168	FLOOR
256.97	0.1538	2/3
256.97	0.2732	131
256.97	0.4697	Normal
256.97	0.5438	Kurast Undercity
256.97	0.6856	Reward Upgrades (0/4)
256.97	0.7419	& Attunement: Ignite Beacons, Slay
256.97	0.7814	Monsters
256.97	0.8242	& Time Bonus: Slay Afflicted Monsters
256.97	0.8647	Reach District Boss before time expires
256.97	0.9192	District Run
256.97	0.9888	Cand Crisit Rancan
257.99	0.0636	) | 6:34 AM
257.99	0.0670	Ziggurat District ©
257.99	0.1168	FLOOR
257.99	0.1538	2/3
257.99	0.2732	130
257.99	0.4691	Normal
257.99	0.5430	Kurast Undercity
257.99	0.5911	III IV
257.99	0.6856	Reward Upgrades (0/4)
257.99	0.7419	& Attunement: Ignite Beacons, Slay
257.99	0.7801	Monsters
257.99	0.8263	- Time Bonus: Slay Afflicted Monsters
257.99	0.8660	Reach District Boss before time expires
257.99	0.9195	District Run
257.99	0.9888	Cond Crisis Rancan
259.06	0.0670	Ziggurat District © | 6:34 AM
259.06	0.1164	FLOOR
259.06	0.1538	2/3
259.06	0.2216	Wra
259.06	0.2741	129
259.06	0.4709	Normal
259.06	0.5432	Kurast Undercity
259.06	0.5919	IV
259.06	0.6856	Reward Upgrades (0/4)
259.06	0.7400	& Attunement: Ignite Beacons, Slay
259.06	0.7801	Monsters
259.06	0.8242	• Time Bonus: Slay Afflicted Monsters
259.06	0.8650	Reach District Boss before time expires
259.06	0.9177	District Run f
259.06	0.9888	Cane Crit Rar
260.08	0.0670	Ziggurat District © | 6:35 AM
260.08	0.1164	FLOOR
260.08	0.1538	2/3
260.08	0.2216	Wrat
260.08	0.2741	128
260.08	0.4718	Normal
260.08	0.5432	Kurast Undercity
260.08	0.5936	IV
260.08	0.6858	Reward Upgrades (0/4)
260.08	0.7391	& Attunement: Ignite Beacons, Slay
260.08	0.7808	Monsters
260.08	0.8245	2 Time Bonus: Slay Afflicted Monsters
260.08	0.8650	Reach District Boss before time expires
260.08	0.9184	District Run f
261.12	0.0670	Ziggurat District © | 6:35 AM
261.12	0.1164	FLOOR
261.12	0.1538	2/3
261.12	0.2096	Wrathfu
261.12	0.2732	127
261.12	0.4691	Normal
261.12	0.5445	Kurast Undercity 1
261.12	0.5911	ITI IV
261.12	0.6856	Reward Upgrades (0/4)
261.12	0.7390	& Attunement: Ignite Beacons, Slay
261.12	0.7814	Monsters
261.12	0.8247	Time Bonus: Slay Afflicted Monsters
261.12	0.8650	Reach District Boss before time expires
261.12	0.9192	District Run
261.12	0.9888	Cond Crisis Ran
262.14	0.0644	| 6:35 AM
262.14	0.0662	Ziggurat District
262.14	0.1160	FLOOR
262.14	0.1538	2/3
262.14	0.2741	126
262.14	0.4691	Normal
262.14	0.5443	Kurast Undercity 1
262.14	0.5919	III IV
262.14	0.6856	Reward Upgrades (0/4)
262.14	0.7409	& Attunement: Ignite Beacons, Slay
262.14	0.7801	Monsters
262.14	0.8263	- Time Bonus: Slay Afflicted Monsters
262.14	0.8603	Reach District Boss before time expires
262.14	0.9178	District Run fY
262.14	0.9888	Gmnd Sai ir Rancan
263.19	0.0644	| 6:35 AN
263.19	0.0662	Ziggurat District G
263.19	0.1168	FLOOR
263.19	0.1538	2/3
263.19	0.2732	125
263.19	0.4691	Normal
263.19	0.5438	Kurast Undercity
263.19	0.5919	IV
263.19	0.6856	Reward Upgrades (0/4) •
263.19	0.7427	& Attunement: Ignite Beacons, Slay
263.19	0.7819	Monsters
263.19	0.8262	- Time Bonus: Slay Afflicted Monsters
263.19	0.8676	Reach District Boss before time expires •
263.19	0.9192	District Run
263.19	0.9888	Cand Shinit Rancan
264.23	0.0644	| 6:35 AN
264.23	0.0670	Ziggurat District ©
264.23	0.1168	FLOOR
264.23	0.1538	2/3
264.23	0.2741	124
264.23	0.4691	Normal
264.23	0.5438	Kurast Undercity
264.23	0.5919	IV
264.23	0.6856	Reward Upgrades (0/4) •
264.23	0.7425	& Attunement: Ignite Beacons, Slay
264.23	0.7819	Monsters
264.23	0.8263	• Time Bonus: Slay Afflicted Monsters
264.23	0.8677	Reach District Boss before time expires
264.23	0.9192	District Run
264.23	0.9888	Cand Saint Ragcan
265.35	0.0644	| 6:35 AM
265.35	0.0670	Ziggurat District G
265.35	0.1168	FLOOR
265.35	0.1538	2/3
265.35	0.2732	123
265.35	0.4697	Normal
265.35	0.5438	Kurast Undercity
265.35	0.5911	III IV
265.35	0.6856	Reward Upgrades (0/4)
265.35	0.7417	& Attunement: Ignite Beacons, Slay
265.35	0.7819	Monsters
265.35	0.8263	Time Bonus: Slay Afflicted Monsters
265.35	0.8668	Reach District Boss before time expires
265.35	0.9192	District Run
265.35	0.9888	Cand Crisit Ragcan
266.46	0.0644	| 6:35 AN
266.46	0.0670	Ziggurat District ©
266.46	0.1168	FLOOR
266.46	0.1538	2/3
266.46	0.2732	122
266.46	0.4691	Normal
266.46	0.5438	Kurast Undercity
266.46	0.5919	IV
266.46	0.6856	Reward Upgrades (0/4)
266.46	0.7426	& Attunement: Ignite Beacons, Slay
266.46	0.7819	Monsters
266.46	0.8256	Time Bonus: Slay Afflicted Monsters
266.46	0.8686	Reach District Boss before time expires
266.46	0.9192	District Run
266.46	0.9888	Cand Saisit Ragean
267.63	0.0636	| 6:35 AM
267.63	0.0670	Ziggurat District ©
267.63	0.1168	FLOOR
267.63	0.1538	2/3
267.63	0.2732	121
267.63	0.4691	Normal
267.63	0.5438	Kurast Undercity
267.63	0.5919	IV
267.63	0.6856	Reward Upgrades (0/4) •
267.63	0.7410	& Attunement: Ignite Beacons, Slay
267.63	0.7819	Monsters
267.63	0.8263	Time Bonus: Slay Afflicted Monsters
267.63	0.8651	Reach District Boss before time expires
267.63	0.9192	District Run
267.63	0.9888	Cand Saisit Ragcan
268.70	0.0644	| 6:35 AM
268.70	0.0662	Ziggurat District
268.70	0.1168	FLOOR
268.70	0.1572	213
268.70	0.2741	120
268.70	0.4691	Normal
268.70	0.5438	Kurast Undercity
268.70	0.5911	IV
268.70	0.6856	Reward Upgrades (0/4) •
268.70	0.7419	& Attunement: Ignite Beacons, Slay
268.70	0.7809	Monsters
268.70	0.8245	& Time Bonus: Slay Afflicted Monsters
268.70	0.8667	Reach District Boss before time expires •
268.70	0.9192	District Run
268.70	0.9888	Grand Crisit Rancon
269.79	0.0644	| 6:35 AM
269.79	0.0662	Ziggurat District
269.79	0.1160	FLOOR
269.79	0.1538	2/3
269.79	0.2741	118
269.79	0.4691	Normal
269.79	0.5438	Kurast Undercity
269.79	0.5919	IV
269.79	0.6856	Reward Upgrades (0/4) •
269.79	0.7402	& Attunement: Ignite Beacons, Slay
269.79	0.7819	Monsters
269.79	0.8240	- Time Bonus: Slay Afflicted Monsters
269.79	0.8667	Reach District Boss before time expires •
269.79	0.9179	District Run f
269.79	0.9888	Fond Gri it Rancon
270.84	0.0644	| 6:35 AM
270.84	0.0662	Ziggurat District
270.84	0.1160	FLOOR
270.84	0.1538	2/3
270.84	0.2732	117
270.84	0.4691	Normal
270.84	0.5438	Kurast Undercity
270.84	0.5911	III IV
270.84	0.6856	Reward Upgrades (0/4) •
270.84	0.7391	& Attunement: Ignite Beacons, Slay
270.84	0.7814	Monsters
270.84	0.8239	- Time Bonus: Slay Afflicted Monsters
270.84	0.8655	Reach District Boss before time expires
270.84	0.9180	District Run f
270.84	0.9888	Cond Crisit Ragean
271.94	0.0644	| 6:35 AM
271.94	0.0670	Ziggurat District G
271.94	0.1151	FLOOR
271.94	0.1538	2/3
271.94	0.2741	116
271.94	0.4691	Normal
271.94	0.5431	Kurast Undercity
271.94	0.5911	IV
271.94	0.6856	Reward Upgrades (0/4)
271.94	0.7400	& Attunement: Ignite Beacons, Slay
271.94	0.7814	Monsters
271.94	0.8230	- Time Bonus: Slay Afflicted Monsters
271.94	0.8649	Reach District Boss before time expires
271.94	0.9192	District Run
271.94	0.9888	Grand Crisis Rancan
272.97	0.0644	| 6:35 AM
272.97	0.0662	Ziggurat District
272.97	0.1151	FLOOR
272.97	0.1538	2/3
272.97	0.2741	115
272.97	0.4691	Normal
272.97	0.5430	Kurast Undercity
272.97	0.5919	IV
272.97	0.6915	Wrathful Phantoneward Upgrades (0/4)
272.97	0.7421	rAttlinement: Ignite Beacons, Slay
272.97	0.7819	Monsters
272.97	0.8187	- Time Bonus: Slay Afflicted Monsters
272.97	0.8708	Reach District Boss before time expires •
272.97	0.9167	WrathfuDistriet Run TY
272.97	0.9888	Cond Crisit Ragnan
274.00	0.0644	| 6:35 AM
274.00	0.0670	Ziggurat District G
274.00	0.1160	FLOOR
274.00	0.1538	2/3
274.00	0.2741	114
274.00	0.4691	Normal
274.00	0.5430	Kurast Undercity
274.00	0.5919	IV
274.00	0.6856	Reward Upgrades (0/4) •
274.00	0.7393	& Attunement: Ignite Beačönsi Slay
274.00	0.7741	Wrathoh Sters
274.00	0.8233	- Time Bonus: Slay Afflicted Monsters
274.00	0.8668	Reach District Boss before time expires
274.00	0.9179	District Run Py
274.00	0.9888	Gand Snisit Ranean
275.05	0.0644	| 6:35 AM
275.05	0.0670	Ziggurat District G
275.05	0.1151	FLOOR
275.05	0.1538	2/3
275.05	0.2741	113
275.05	0.4691	Normal
275.05	0.5425	Kurast Undercity
275.05	0.5706	Wraith
275.05	0.6066	Wrathan Spi
275.05	0.6856	Reward Upgrades (0/4)
275.05	0.7391	& Attunement: Ignite Beacons, Slay
275.05	0.7814	Monsters
275.05	0.8241	- Time Bonus: Slay Afflicted Monsters
275.05	0.8642	Reach District Boss before time expires
275.05	0.9202	District Run
276.14	0.0644	| 6:35 AM
276.14	0.0662	Ziggurat District
276.14	0.1164	FLOOR
276.14	0.1538	2/3
276.14	0.2732	112
276.14	0.4691	Normal
276.14	0.5437	Kurast Undercity 1
276.14	0.5914	III IV V
276.14	0.6269	WratI
276.14	0.6856	Reward Upgrades (0/4)
276.14	0.7400	& Attunement: Ignite Beacons, Slay
276.14	0.7801	Monsters
276.14	0.8251	- Time Bonus: Slay Afflicted Monsters
276.14	0.8663	Reach District Boss before time expires •
276.14	0.9192	District Run
276.14	0.9897	Smirit Ragean
277.16	0.0644	| 6:35 AN
277.16	0.0670	Ziggurat District ©
277.16	0.1151	FLOOR
277.16	0.1538	2/3
277.16	0.2732	111
277.16	0.4691	Normal
277.16	0.5455	Kurast Undercity Y
277.16	0.5917	III IV V
277.16	0.6297	Wratl
277.16	0.6856	Reward Upgrades (0/4)
277.16	0.7409	& Attunement: Ignite Beacons, Slay
277.16	0.7816	Monsters
277.16	0.8245	& Time Bonus: Slay Afflicted Monsters
277.16	0.8668	Reach District Boss before time expires
277.16	0.9184	District Run
277.16	0.9888	Cond Sinit Rane
278.28	0.0644	| 6:35 AM
278.28	0.0662	Ziggurat District
278.28	0.1168	FLOOR
278.28	0.1538	2/3
278.28	0.2741	110
278.28	0.4691	Normal
278.28	0.5432	Kurast Undercity '
278.28	0.5911	IV
278.28	0.6856	Reward Upgrades (0/4)
278.28	0.7053	Wraith
278.28	0.7421	& Attunement: Ignite Beačönsh SlaSpirit
278.28	0.7819	Monsters
278.28	0.8187	- Time Bonus: Slay Afflicted Monsters
278.28	0.8658	Reach District Boss before time expires •
278.28	0.9192	District Run
278.28	0.9888	Land Crisit Rageon
279.38	0.0644	| 6:35 AM
279.38	0.0662	Ziggurat District G
279.38	0.1164	FLOOR
279.38	0.1538	2/3
279.38	0.2732	109
279.38	0.4691	Normal
279.38	0.5438	Kurast Undercity
279.38	0.5919	IV
279.38	0.6856	Reward Upgrades (0/4) •
279.38	0.7409	& Attunement: Ignite Beacons, Slay
279.38	0.7819	Monsters
279.38	0.8240	& Time Bonus: Slay Afflicted Monsters
279.38	0.8686	Reach District Boss beforeitime expires
279.38	0.9012	Wrathtul Spirit.
279.38	0.9192	District Run
279.38	0.9888	Gand Snisit Rancon
280.44	0.0644	| 6:35 AM
280.44	0.0662	Ziggurat District C
280.44	0.1164	FLOOR
280.44	0.1538	2/3
280.44	0.2732	108
280.44	0.4691	Normal
280.44	0.5441	Kurast Undercity
280.44	0.5926	III IV
280.44	0.6856	Reward Upgrades (0/4)
280.44	0.7066	Wraith
280.44	0.7400	& Attunement Ignite Beacons, Slay
280.44	0.7814	Monsters
280.44	0.8209	• Time Bonus: Slay Afflicted Monsters
280.44	0.8651	Reach District Boss before time expires
280.44	0.9192	District Run
280.44	0.9888	Cond Sai it Rancon
281.51	0.0644	| 6:35 AN
281.51	0.0670	Ziggurat District G
281.51	0.1164	FLOOR
281.51	0.1538	2/3
281.51	0.2723	107
281.51	0.4691	Normal
281.51	0.5441	Kurast Undercity
281.51	0.5925	III IV
281.51	0.6837	ReWard Upgrades (0/4) •
281.51	0.7099	Wrathful Spirit
281.51	0.7410	& Attunement: Ignite Beacons, Slay
281.51	0.7814	Monsters
281.51	0.8232	- Time Bonus: Slay Afflicted Monsters
281.51	0.8651	Reach District Boss before time expires
281.51	0.9192	District Run
281.51	0.9888	Cond Snisit Rancon
282.60	0.0644	| 6:35 AM
282.60	0.0670	Ziggurat District G
282.60	0.1164	FLOOR
282.60	0.1538	2/3
282.60	0.2732	106
282.60	0.4691	Normal
282.60	0.5432	Kurast Undercity
282.60	0.5919	IV
282.60	0.6835	ReWard Upgrades (0/4) •
282.60	0.7113	Wrathful Spirit
282.60	0.7392	& Attunement: Ignite Beacons, Slay
282.60	0.7819	Monsters
282.60	0.8248	Z Time Bonus: Slay Afflicted Monsters
282.60	0.8660	Reach District Boss before time expires •
282.60	0.9192	District Run
282.60	0.9888	Cand Sanit Ragean
283.66	0.0644	| 6:35 AM
283.66	0.0662	Ziggurat District
283.66	0.1164	FLOOR
283.66	0.1538	2/3
283.66	0.2732	105
283.66	0.4691	Normal
283.66	0.5431	Kurast Undercity
283.66	0.5919	IV
283.66	0.6840	ReWard Upgrades (0/4) •
283.66	0.7113	Wrathful Spirit
283.66	0.7392	& Attunement: Ignite Beacons, Slay
283.66	0.7814	Monsters
283.66	0.8236	- Time Bonus: Slay Afflicted Monsters
283.66	0.8676	Reach District Boss before time expires •
283.66	0.9192	District Run
283.66	0.9888	Cand Sai it Rancon
284.80	0.0644	| 6:35 AM
284.80	0.0662	Ziggurat District O
284.80	0.1164	FLOOR
284.80	0.1538	2/3
284.80	0.2732	103
284.80	0.4691	Normal
284.80	0.5431	Kurast Undercity
284.80	0.5919	IV
284.80	0.6840	ReWard Upgrades (0/4) •
284.80	0.7101	Wrathful Spirit
284.80	0.7392	& Attunement: Ignite Beacons, Slay
284.80	0.7814	Monsters
284.80	0.8242	& Time Bonus: Slay Afflicted Monsters
284.80	0.8677	Reach District Boss before time expires •
284.80	0.9192	District Run
284.80	0.9888	Crone Crisit Rancon
285.92	0.0644	| 6:35 AM
285.92	0.0662	Ziggurat District
285.92	0.1164	FLOOR
285.92	0.1529	2/3
285.92	0.2732	102
285.92	0.4691	Normal
285.92	0.5434	Kurast Undercity
285.92	0.5919	IV
285.92	0.6828	Weward Upgrades (0/4) •
285.92	0.7075	Wrathful Spirit
285.92	0.7401	& Attunement: Ignite Beacons, Slay
285.92	0.7819	Monsters
285.92	0.8248	- Time Bonus: Slay Afflicted Monsters
285.92	0.8658	Reach District Boss before time expires
285.92	0.9192	District Run
285.92	0.9888	Cond Cisit Rancon
287.04	0.0644	| 6:35 AM
287.04	0.0662	Ziggurat District O
287.04	0.1160	FLOOR
287.04	0.1538	2/3
287.04	0.2732	101
287.04	0.4691	Normal
287.04	0.5438	Kurast Undercity
287.04	0.5926	III IV
287.04	0.6856	Reward Upgrades (0/4) •
287.04	0.7122	Wraith
287.04	0.7438	Attunement: Ignite Beacons, Slay
287.04	0.7819	Monsters
287.04	0.8256	Time Bonus: Slay Afflicted Monsters
287.04	0.8677	Reach District Boss before time expires
287.04	0.9192	District Run
287.04	0.9888	Lond Snisit Ragcan
288.11	0.0644	| 6:35 AM
288.11	0.0670	Ziggurat District G
288.11	0.1164	FLOOR
288.11	0.1538	2/3
288.11	0.2732	100
288.11	0.4691	Normal
288.11	0.5395	Wraith
288.11	0.5438	Kurast Undercity
288.11	0.5765	Wrathful Spirit
288.11	0.5911	IV
288.11	0.6856	Reward Upgrades (0/4) •
288.11	0.7418	• Attunement: Ignite Beacons, Slay
288.11	0.7819	Monsters
288.11	0.8242	- Time Bonus: Slay Afflicted Monsters
288.11	0.8655	Reach District Boss before time expires
288.11	0.9192	District Run
288.11	0.9888	Cand Crisit Rancan
289.20	0.0644	| 6:35 AM
289.20	0.0662	Ziggurat District
289.20	0.1160	FLOOR
289.20	0.1538	2/3
289.20	0.2732	99
289.20	0.4167	h
289.20	0.4527	Spirit
289.20	0.4691	Normal
289.20	0.5438	Kurast Undercity
289.20	0.5911	IV
289.20	0.6856	Reward Upgrades (0/4)
289.20	0.7410	& Attunement: Ignite Beacons, Slay
289.20	0.7819	Monsters
289.20	0.8245	& Time Bonus: Slay Afflicted Monsters
289.20	0.8668	Reach District Boss before time expires *
289.20	0.9192	District Run
289.20	0.9888	Land Chi it Rancon
290.28	0.0644	| 6:35 AM
290.28	0.0662	Ziggurat District
290.28	0.1160	FLOOR
290.28	0.1538	2/3
290.28	0.2732	98
290.28	0.4691	Normal
290.28	0.5266	Wraith
290.28	0.5438	Kurast Undercity
290.28	0.5619	rathful Spirit
290.28	0.5911	- IV
290.28	0.6856	Reward Upgrades (0/4)
290.28	0.7410	& Attunement: Ignite Beacons, Slay
290.28	0.7814	Monsters
290.28	0.8242	- Time Bonus: Slay Afflicted Monsters
290.28	0.8668	Reach District Boss before time expires *
290.28	0.9192	District Run
290.28	0.9888	Can Chi it Rancon
291.38	0.0644	| 6:35 AM
291.38	0.0662	Ziggurat District
291.38	0.1160	FLOOR
291.38	0.1538	2/3
291.38	0.2723	97
291.38	0.4691	Normal
291.38	0.5438	Kurast Undercity
291.38	0.5925	IV
291.38	0.6856	Reward Upgrades (0/4) •
291.38	0.7418	& Attunement: Ignite Beacons, Slay
291.38	0.7808	Monsters
291.38	0.8245	& Time Bonus: Slay Afflicted Monsters
291.38	0.8668	Reach District Boss before time expires *
291.38	0.9192	District Run
292.44	0.0644	| 6:35 AM
292.44	0.0662	Ziggurat District
292.44	0.1160	FLOOR
292.44	0.1538	2/3
292.44	0.2732	96
292.44	0.4691	Normal
292.44	0.5438	Kurast Undercity
292.44	0.5919	IV
292.44	0.6856	Reward Upgrades (0/4) •
292.44	0.7409	& Attunement: Ignite Beacons, Slay
292.44	0.7814	Monsters
292.44	0.8239	& Time Bonus: Slay Afflicted Monsters *
292.44	0.8668	Reach District Boss before time expires *
292.44	0.9192	District Run
292.44	0.9888	Can Crisit Rancon
293.50	0.0644	| 6:35 AM
293.50	0.0662	Ziggurat District
293.50	0.1160	FLOOR
293.50	0.1538	2/3
293.50	0.2732	95
293.50	0.4691	Normal
293.50	0.5438	Kurast Undercity
293.50	0.5911	IV
293.50	0.6856	Reward Upgrades (0/4)
293.50	0.7410	& Attunement: Ignite Beacons, Slay
293.50	0.7808	Monsters
293.50	0.8245	& Time Bonus: Slay Afflicted Monsters
293.50	0.8662	Reach District Boss before time expires •
293.50	0.9192	District Run
293.50	0.9897	Lond Shirit Ragenn
294.66	0.0644	| 6:35 AM
294.66	0.0662	Ziggurat District
294.66	0.1160	FLOOR
294.66	0.1538	2/3
294.66	0.2732	94
294.66	0.4691	Normal
294.66	0.5438	Kurast Undercity
294.66	0.5926	III IV
294.66	0.6856	Reward Upgrades (0/4) •
294.66	0.7139	eful Spirit
294.66	0.7419	& Attunement: Ignite Beacons, Slay
294.66	0.7819	Monsters
294.66	0.8247	Time Bonus: Slay Afflicted Monsters
294.66	0.8668	Reach District Boss before time expires *
294.66	0.9192	District Run
294.66	0.9888	Cana Sai it Rancon
295.70	0.0658	Ziggurat District © | 6:35 AN
295.70	0.1160	FLOOR
295.70	0.1538	2/3
295.70	0.2732	93
295.70	0.4691	Normal
295.70	0.5455	Kurast Undercity fa
295.70	0.5901	III IV
295.70	0.6856	Reward Upgrades (0/4)
295.70	0.7400	& Attunement: Ignite Beacons, Slay
295.70	0.7801	Monsters
295.70	0.8237	- Time Bonus: Slay Afflicted Monsters
295.70	0.8641	Reach District Boss before time expires
295.70	0.9234	District Run
295.70	0.9888	Cond Saisit Ragon
296.74	0.0658	Ziggurat District © | 6:35 AN
296.74	0.1168	FLOOR
296.74	0.1538	2/3
296.74	0.2741	92
296.74	0.4705	Normal
296.74	0.5429	Kurast Undercity
296.74	0.5936	II / III IV
296.74	0.6857	/ Reward Upgrades (0/4)
296.74	0.7398	& Attunement: Ignite Beacons, Slay
296.74	0.7814	Monsters
296.74	0.8222	- Time Bonus: Slay Afflicted Monsters
296.74	0.8642	Reach District Boss before time expires
296.74	0.9178	District Run fa
297.80	0.0658	Ziggurat District © | 6:35 AN
297.80	0.1160	FLOOR
297.80	0.1546	2/3
297.80	0.2732	90
297.80	0.4691	Normal
297.80	0.5431	Kurast Undercity
297.80	0.5911	III IV
297.80	0.6856	* Reward Upgrades (0/4)
297.80	0.7404	& Attunement: Ignite Beacons, Slay
297.80	0.7801	Wrathful PhaMonsters
297.80	0.8215	& Time Bonus: Slay Affitted Monsters
297.80	0.8660	Reach District Boss before time expires
297.80	0.9162	District Run fY
298.97	0.0658	Ziggurat District © | 6:35 AN
298.97	0.1160	FLOOR
298.97	0.1538	2/3
298.97	0.2732	89
298.97	0.4697	Normal
298.97	0.5432	Kurast Undercity f
298.97	0.5911	III IV
298.97	0.6856	Reward Upgrades (0/4)
298.97	0.7414	& Attunement: Ignite Beacons, Slay
298.97	0.7814	Monsters
298.97	0.8237	- Time Bonus: Slay Afflicted Monsters
298.97	0.8650	Reach District Boss before time expires
298.97	0.9176	District Run fa
300.05	0.0658	Ziggurat District © | 6:35 AN
300.05	0.1160	FLOOR
300.05	0.1546	2/3
300.05	0.2732	88
300.05	0.4697	Normal
300.05	0.5431	Kurast Undercity
300.05	0.5936	II / III IV
300.05	0.6856	* Reward Upgrades (0/4)
300.05	0.7399	& Attunement: Ignite Beacons, Slay
300.05	0.7814	Monsters
300.05	0.8213	- Time Bonus: Slay Afflicted Monsters
300.05	0.8624	Reach District Boss before time expires
300.05	0.9175	District Run fa
301.08	0.0658	Ziggurat District © | 6:35 AN
301.08	0.1160	FLOOR
301.08	0.1538	2/3
301.08	0.2723	87
301.08	0.4691	Normal
301.08	0.5442	Kurast Undercity 1
301.08	0.5911	/ III IV
301.08	0.6853	/ Reward Upgrades (0/4)
301.08	0.7398	& Attunement: Ignite Beacons, Slay
301.08	0.7814	Monsters
301.08	0.8196	- Time Bonus: Slay Afflicted Monsters
301.08	0.8634	Reach District Boss before time expires
301.08	0.9176	District Run fa
302.15	0.0658	Ziggurat District © | 6:35 AN
302.15	0.1160	FLOOR
302.15	0.1538	2/3
302.15	0.2732	86
302.15	0.4691	Normal
302.15	0.5437	Kurast Undercity
302.15	0.6845	Reward Upgrades (0/4)
302.15	0.7413	& Attunement: Ignite Beacons, Slay
302.15	0.7814	Monsters
302.15	0.8204	- Time Bonus: Slay Afflicted Monsters
302.15	0.8650	Reach District Boss before time expires
302.15	0.9176	District Run f
303.25	0.0670	Ziggurat District © | 6:35 AM
303.25	0.1160	FLOOR
303.25	0.1538	2/3
303.25	0.2732	85
303.25	0.4691	Normal
303.25	0.5438	Kurast Undercity
303.25	0.5911	IV
303.25	0.6856	Reward Upgrades (0/4)
303.25	0.7411	& Attunement: Ignite Beacons, Slay
303.25	0.7792	Monsters
303.25	0.8263	- Time Bonus: Slay Afflicted Monsters
303.25	0.8660	Reach District Boss before time expires
303.25	0.9192	District Run
304.37	0.0636	| 6:35 AN
304.37	0.0670	Ziggurat District G
304.37	0.1160	FLOOR
304.37	0.1538	2/3
304.37	0.2732	84
304.37	0.4691	Normal
304.37	0.5438	Kurast Undercity
304.37	0.5919	IV
304.37	0.6856	Reward Upgrades (0/4)
304.37	0.7419	& Attunement: Ignite Beacons, Slay
304.37	0.7801	Monsters
304.37	0.8263	Time Bonus: Slay Afflicted Monsters
304.37	0.8677	Reach District Boss before time expires
304.37	0.9192	District Run
304.37	0.9888	Cond Crisit Ran
305.48	0.0636	| 6:35 AN
305.48	0.0670	Ziggurat District
305.48	0.1160	FLOOR
305.48	0.1538	2/3
305.48	0.2732	83
305.48	0.4691	Normal
305.48	0.5438	Kurast Undercity
305.48	0.5911	II IV
305.48	0.6856	Reward Upgrades (0/4)
305.48	0.7426	& Attunement: Ignite Beacons, Slay
305.48	0.7801	Monsters
305.48	0.8263	- Time Bonus: Slay Afflicted Monsters
305.48	0.8657	Reach District Boss before time expires
305.48	0.9180	District Run fY
305.48	0.9888	Cond Crisit Rancon
306.57	0.0636	| 6:35 AN
306.57	0.0670	Ziggurat District ©
306.57	0.1160	FLOOR
306.57	0.1538	2/3
306.57	0.2741	82
306.57	0.4691	Normal
306.57	0.5431	Kurast Undercity
306.57	0.5911	- IV
306.57	0.6856	Reward Upgrades (0/4)
306.57	0.7419	& Attunement: Ignite Beacons, Slay
306.57	0.7814	Monsters
306.57	0.8263	Time Bonus: Slay Afflicted Monsters
306.57	0.8677	Reach District Boss before time expires
306.57	0.9179	District Run py
307.66	0.0644	| 6:35 AN
307.66	0.0670	Ziggurat District ©
307.66	0.1160	FLOOR
307.66	0.1538	2/3
307.66	0.2732	81
307.66	0.4691	Normal
307.66	0.5445	Kurast Undercity Y
307.66	0.5919	III IV
307.66	0.6856	Reward Upgrades (0/4)
307.66	0.7401	& Attunement: Ignite Beacons, Slay
307.66	0.7819	Monsters
307.66	0.8263	Time Bonus: Slay Afflicted Monsters
307.66	0.8668	Reach District Boss before time expires *
307.66	0.9195	District Run
307.66	0.9897	Pond Smirit agen
308.77	0.0644	| 6:35 AN
308.77	0.0670	Ziggurat District ©
308.77	0.1160	FLOOR
308.77	0.1538	2/3
308.77	0.2732	79
308.77	0.4691	Normal
308.77	0.5438	Kurast Undercity
308.77	0.5911	• IV
308.77	0.6856	Reward Upgrades (0/4) •
308.77	0.7424	• Attunement: Ignite Beacons, Slay •
308.77	0.7814	Monsters
308.77	0.8247	& Time Bonus: Slay Afflicted Monsters
308.77	0.8653	Reach District Boss before time expires *
308.77	0.9181	District Run f
308.77	0.9888	Lone Shiit Rancon
310.04	0.0658	Ziggurat District © | 6:35 AN
310.04	0.1168	FLOOR
310.04	0.1538	2/3
310.04	0.2732	78
310.04	0.4691	Normal
310.04	0.5438	Kurast Undercity
310.04	0.5911	IV
310.04	0.6856	Reward Upgrades (0/4) •
310.04	0.7402	& Attunement: Ignite Beacons, Slay
310.04	0.7809	Monsters
310.04	0.8247	Time Bonus: Slay Afflicted Monsters
310.04	0.8677	Reach District Boss before time expires *
310.04	0.9192	District Run
310.04	0.9888	Cand Crisit Ragcan
311.08	0.0636	| 6:35 AN
311.08	0.0670	Ziggurat District ©
311.08	0.1168	FLOOR
311.08	0.1538	2/3
311.08	0.2732	77
311.08	0.4691	Normal
311.08	0.5455	Kurast Undercity fa
311.08	0.5928	HI IV
311.08	0.6856	Reward Upgrades (0/4) •
311.08	0.7412	& Attunement: Ignite Beacons, Slay
311.08	0.7792	Monsters
311.08	0.8253	& Time Bonus: Slay Afflicted Monsters
311.08	0.8677	Reach District Boss before time expires
311.08	0.9192	District Run
311.08	0.9888	Cond Crisis Rancan
312.13	0.0644	| 6:35 AM
312.13	0.0670	Ziggurat District ©
312.13	0.1168	FLOOR
312.13	0.1538	2/3
312.13	0.2741	76
312.13	0.4691	Normal
312.13	0.5438	Kurast Undercity
312.13	0.5919	HI IV
312.13	0.6856	Reward Upgrades (0/4)
312.13	0.7418	& Attunement: Ignite Beacons, Slay
312.13	0.7792	Monsters
312.13	0.8244	& Time Bonus: Slay Afflicted Monsters
312.13	0.8657	Reach District Boss before time expires
312.13	0.9192	District Run
312.13	0.9888	and Sai it Rancan
313.22	0.0658	Ziggurat District © | 6:35 AM
313.22	0.1168	FLOOR
313.22	0.1538	2/3
313.22	0.2741	75
313.22	0.4691	Normal
313.22	0.5430	Kurast Undercity
313.22	0.5919	III IV
313.22	0.6856	Reward Upgrades (0/4)
313.22	0.7409	& Attunement: Ignite Beacons, Slay
313.22	0.7807	Monsters
313.22	0.8244	& Time Bonus: Slay Afflicted Monsters
313.22	0.8665	Reach District Boss before time expires
313.22	0.9192	District Run
313.22	0.9888	and Sri it Rancan
314.28	0.0659	Ziggurat District © | 6:35 AN
314.28	0.1168	FLOOR
314.28	0.1538	2/3
314.28	0.2732	74
314.28	0.4691	Normal
314.28	0.5430	Kurast Undercity
314.28	0.5919	III IV
314.28	0.6856	Reward Upgrades (0/4)
314.28	0.7400	& Attunement: Ignite Beacons, Slay
314.28	0.7792	Monsters
314.28	0.8239	- Time Bonus: Slay Afflicted Monsters
314.28	0.8657	Reach District Boss before time expires
314.28	0.9192	District Run
314.28	0.9888	Cand Sri it Rancan
315.34	0.0644	| 6:35 AN
315.34	0.0667	Ziggurat District G
315.34	0.1168	FLOOR
315.34	0.1538	2/3
315.34	0.2741	73
315.34	0.4691	Normal
315.34	0.5430	Kurast Undercity
315.34	0.5919	HI IV
315.34	0.6856	Reward Upgrades (0/4)
315.34	0.7400	& Attunement: Ignite Beacons, Slay
315.34	0.7792	Monsters
315.34	0.8242	Z Time Bonus: Slay Afflicted Monsters
315.34	0.8665	Reach District Boss before time expires
315.34	0.9192	District Run
315.34	0.9888	Cand Sri it Rancan
316.43	0.0636	| 6:35 AN
316.43	0.0670	Ziggurat District ©
316.43	0.1168	FLOOR
316.43	0.1538	2/3
316.43	0.2741	72
316.43	0.4691	Normal
316.43	0.5430	Kurast Undercity
316.43	0.5919	III IV
316.43	0.6856	Reward Upgrades (0/4)
316.43	0.7409	& Attunement: Ignite Beacons, Slay
316.43	0.7792	Monsters
316.43	0.8245	& Time Bonus: Slay Afflicted Monsters
316.43	0.8665	Reach District Boss before time expires
316.43	0.9192	District Run
316.43	0.9888	Cond Sri it Rancan
317.50	0.0636	| 6:35 AN
317.50	0.0670	Ziggurat District ©
317.50	0.1168	FLOOR
317.50	0.1538	2/3
317.50	0.2741	71
317.50	0.4691	Normal
317.50	0.5432	Kurast Undercity
317.50	0.5919	III IV
317.50	0.6856	Reward Upgrades (0/4)
317.50	0.7409	& Attunement: Ignite Beacons, Slay
317.50	0.7792	Monsters
317.50	0.8242	Z Time Bonus: Slay Afflicted Monsters
317.50	0.8665	Reach District Boss before time expires
317.50	0.9141	party
317.50	0.9192	District Run
317.50	0.9888	Cand Sri it Rancan
318.62	0.0643	| 6:35 AN
318.62	0.0670	Ziggurat District ©
318.62	0.1160	FLOOR
318.62	0.1538	2/3
318.62	0.2741	70
318.62	0.4691	Normal
318.62	0.5438	Kurast Undercity
318.62	0.5919	IV
318.62	0.6856	Reward Upgrades (0/4)
318.62	0.7417	& Attunement: Ignite Beacons, Slay
318.62	0.7819	Monsters
318.62	0.8256	Time Bonus: Slay Afflicted Monsters
318.62	0.8667	Reach District Boss before time expires •
318.62	0.9192	District Run
318.62	0.9888	Cand Sai it Rancan
319.68	0.0636	| 6:35 AM
319.68	0.0670	Ziggurat District
319.68	0.1160	FLOOR
319.68	0.1538	2/3
319.68	0.2732	69
319.68	0.4699	Normal
319.68	0.5438	Kurast Undercity
319.68	0.5919	III IV
319.68	0.6856	Reward Upgrades (0/4)
319.68	0.7401	& Attunement: Ignite Beacons, Slay
319.68	0.7814	Monsters
319.68	0.8247	& Time Bonus: Slay Afflicted Monsters
319.68	0.8667	Reach District Boss before time expires •
319.68	0.9192	District Run
319.68	0.9888	Cand Crisit Ragcan
320.83	0.0644	| 6:36 AM
320.83	0.0670	Ziggurat District ©
320.83	0.1168	FLOOR
320.83	0.1538	2/3
320.83	0.2732	67
320.83	0.4691	Normal
320.83	0.5438	Kurast Undercity
320.83	0.5911	III IV
320.83	0.6856	Reward Upgrades (0/4) •
320.83	0.7410	& Attunement: Ignite Beacons, Slay
320.83	0.7809	Monsters
320.83	0.8245	& Time Bonus: Slay Afflicted Monsters
320.83	0.8667	Reach District Boss before time expires •
320.83	0.9192	District Run
320.83	0.9691	tom
320.83	0.9888	Cand Sai it Ragean
321.98	0.0653	| 6:36 AN
321.98	0.0670	Ziggurat District ©
321.98	0.1168	FLOOR
321.98	0.1538	2/3
321.98	0.2732	66
321.98	0.4691	Normal
321.98	0.5438	Kurast Undercity
321.98	0.5911	III IV
321.98	0.6856	Reward Upgrades (0/4) •
321.98	0.7410	& Attunement: Ignite Beacons, Slay
321.98	0.7819	Monsters
321.98	0.8236	& Time Bonus: Slay Afflicted Monsters
321.98	0.8686	Reach District Boss before time expires
321.98	0.9192	District Run
321.98	0.9888	Cand Sai it Ragcan
323.03	0.0644	| 6:36 AM
323.03	0.0670	Ziggurat District ©
323.03	0.1168	FLOOR
323.03	0.1546	2/3
323.03	0.2732	65
323.03	0.4699	Normal
323.03	0.5438	Kurast Undercity
323.03	0.5911	III IV
323.03	0.6856	Reward Upgrades (0/4)
323.03	0.7410	& Attunement: Ignite Beacons, Slay
323.03	0.7809	Monsters
323.03	0.8242	Z Time Bonus: Slay Afflicted Monsters
323.03	0.8686	Reach District Boss before time expires
323.03	0.9192	District Run
323.03	0.9888	Cand Sai it Ragcan
324.10	0.0651	| 6:36 AN
324.10	0.0670	Ziggurat District ©
324.10	0.1160	FLOOR
324.10	0.1546	2/3
324.10	0.2741	64
324.10	0.4691	Normal
324.10	0.5438	Kurast Undercity
324.10	0.5911	IV
324.10	0.5919	II
324.10	0.6856	Reward Upgrades (0/4) •
324.10	0.7410	& Attunement: Ignite Beacons, Slay
324.10	0.7809	Monsters
324.10	0.8248	- Time Bonus: Slay Afflicted Monsters
324.10	0.8667	Reach District Boss before time expires •
324.10	0.9192	District Run
324.10	0.9888	Cand Sai it Ragcan
325.23	0.0651	| 6:36 AN
325.23	0.0670	Ziggurat District ©
325.23	0.1168	FLOOR
325.23	0.1546	2/3
325.23	0.2741	63
325.23	0.4691	Normal
325.23	0.5438	Kurast Undercity
325.23	0.5919	III IV
325.23	0.6856	Reward Upgrades (0/4) •
325.23	0.7412	& Attunement: Ignite Beacons, Slay
325.23	0.7809	Monsters
325.23	0.8245	& Time Bonus: Slay Afflicted Monsters
325.23	0.8667	Reach District Boss before time expires •
325.23	0.9192	District Run
325.23	0.9888	Chand Sai it Rancon
326.30	0.0651	| 6:36 AN
326.30	0.0670	Ziggurat District ©
326.30	0.1160	FLOOR
326.30	0.1538	2/3
326.30	0.2741	62
326.30	0.4691	Normal
326.30	0.5438	Kurast Undercity
326.30	0.5911	III IV
326.30	0.6856	Reward Upgrades (0/4) •
326.30	0.7409	& Attunement: Ignite Beacons, Slay
326.30	0.7809	Monsters
326.30	0.8245	& Time Bonus: Slay Afflicted Monsters
326.30	0.8667	Reach District Boss before time expires •
326.30	0.9192	District Run
326.30	0.9888	Cand Sai it Ragcan
327.39	0.0651	| 6:36 AN
327.39	0.0670	Ziggurat District ©
327.39	0.1160	FLOOR
327.39	0.1538	2/3
327.39	0.2732	61
327.39	0.4691	Normal
327.39	0.5438	Kurast Undercity
327.39	0.5911	IV
327.39	0.5919	II
327.39	0.6856	Reward Upgrades (0/4) •
327.39	0.7412	& Attunement: Ignite Beacons, Slay
327.39	0.7809	Monsters
327.39	0.8245	& Time Bonus: Slay Afflicted Monsters
327.39	0.8667	Reach District Boss before time expires •
327.39	0.9192	District Run
327.39	0.9888	Cand Sai it Ragcan
328.52	0.0653	| 6:36 AN
328.52	0.0670	Ziggurat District
328.52	0.1160	FLOOR
328.52	0.1538	2/3
328.52	0.2741	60
328.52	0.4691	Normal
328.52	0.5438	Kurast Undercity
328.52	0.5911	III IV
328.52	0.6856	Reward Upgrades (0/4) •
328.52	0.7409	& Attunement: Ignite Beacons, Slay
328.52	0.7809	Monsters
328.52	0.8245	2 Time Bonus: Slay Afflicted Monsters
328.52	0.8667	Reach District Boss before time expires •
328.52	0.9192	District Run
328.52	0.9888	Cand Saint Ragcan
329.57	0.0644	| 6:36 AM
329.57	0.0670	Ziggurat District ©
329.57	0.1160	FLOOR
329.57	0.1538	2/3
329.57	0.2732	59
329.57	0.4691	Normal
329.57	0.5438	Kurast Undercity
329.57	0.5911	III IV
329.57	0.6856	Reward Upgrades (0/4) •
329.57	0.7412	& Attunement: Ignite Beacons, Slay
329.57	0.7809	Monsters
329.57	0.8263	- Time Bonus: Slay Afflicted Monsters
329.57	0.8667	Reach District Boss before time expires •
329.57	0.9192	District Run
329.57	0.9888	Cand Crisit Ragcan
330.67	0.0651	| 6:36 AN
330.67	0.0670	Ziggurat District ©
330.67	0.1168	FLOOR
330.67	0.1538	2/3
330.67	0.2732	58
330.67	0.4691	Normal
330.67	0.5438	Kurast Undercity
330.67	0.5911	III IV
330.67	0.6856	Reward Upgrades (0/4) •
330.67	0.7412	& Attunement: Ignite Beacons, Slay
330.67	0.7809	Monsters
330.67	0.8245	& Time Bonus: Slay Afflicted Monsters
330.67	0.8667	Reach District Boss before time expires •
330.67	0.9192	District Run
330.67	0.9888	Grand Crisit Ragcan
331.74	0.0644	| 6:36 AM
331.74	0.0670	Ziggurat District ©
331.74	0.1160	FLOOR
331.74	0.1538	2/3
331.74	0.2741	57
331.74	0.4691	Normal
331.74	0.5438	Kurast Undercity
331.74	0.5911	III IV
331.74	0.6856	Reward Upgrades (0/4) •
331.74	0.7410	& Attunement: Ignite Beacons, Slay
331.74	0.7809	Monsters
331.74	0.8245	& Time Bonus: Slay Afflicted Monsters
331.74	0.8667	Reach District Boss before time expires •
331.74	0.9192	District Run
331.74	0.9888	Gand Crisit Ragcan
332.89	0.0651	| 6:36 AN
332.89	0.0670	Ziggurat District ©
332.89	0.1168	FLOOR
332.89	0.1538	2/3
332.89	0.2732	55
332.89	0.4699	Normal
332.89	0.5438	Kurast Undercity
332.89	0.5911	III IV
332.89	0.6856	Reward Upgrades (0/4) •
332.89	0.7412	& Attunement: Ignite Beacons, Slay
332.89	0.7809	Monsters
332.89	0.8245	& Time Bonus: Slay Afflicted Monsters
332.89	0.8668	Reach District Boss before time expires
332.89	0.9192	District Run
332.89	0.9888	Cand Crisit Ragcan
334.05	0.0651	| 6:36 AM
334.05	0.0670	Ziggurat District ©
334.05	0.1160	FLOOR
334.05	0.1538	2/3
334.05	0.2732	54
334.05	0.4699	Normal
334.05	0.5438	Kurast Undercity
334.05	0.5911	IV
334.05	0.5919	II
334.05	0.6856	Reward Upgrades (0/4) •
334.05	0.7411	& Attunement: Ignite Beacons, Slay
334.05	0.7819	Monsters
334.05	0.8262	- Time Bonus: Slay Afflicted Monsters
334.05	0.8667	Reach District Boss before time expires •
334.05	0.9192	District Run
335.15	0.0644	| 6:36 AM
335.15	0.0670	Ziggurat District G
335.15	0.1168	FLOOR
335.15	0.1546	2/3
335.15	0.2732	53
335.15	0.4691	Normal
335.15	0.5438	Kurast Undercity
335.15	0.5911	IV
335.15	0.5919	II
335.15	0.6856	Reward Upgrades (0/4) •
335.15	0.7404	& Attunement: Ignite Beacons, Slay
335.15	0.7809	Monsters
335.15	0.8241	- Time Bonus: Slay Afflicted Monsters
335.15	0.8660	Reach District Boss before time expires •
335.15	0.9192	District Run
336.19	0.0636	| 6:36 AN
336.19	0.0670	Ziggurat District ©
336.19	0.1168	FLOOR
336.19	0.1538	2/3
336.19	0.2741	52
336.19	0.4691	Normal
336.19	0.5438	Kurast Undercity
336.19	0.5911	III IV
336.19	0.6856	Reward Upgrades (0/4) •
336.19	0.7419	& Attunement: Ignite Beacons, Slay
336.19	0.7819	Monsters
336.19	0.8242	& Time Bonus: Slay Afflicted Monsters
336.19	0.8660	Reach District Boss before time expires
336.19	0.9192	District Run
337.25	0.0651	| 6:36 AN
337.25	0.0670	Ziggurat District ©
337.25	0.1168	FLOOR
337.25	0.1546	2/3
337.25	0.2732	51
337.25	0.4691	Normal
337.25	0.5438	Kurast Undercity
337.25	0.5919	III IV
337.25	0.6856	Reward Upgrades (0/4) •
337.25	0.7410	& Attunement: Ignite Beacons, Slay
337.25	0.7809	Monsters
337.25	0.8243	Z Time Bonus: Slay Afflicted Monsters
337.25	0.8676	Reach District Boss before time expires •
337.25	0.9192	District Run
338.30	0.0644	| 6:36 AM
338.30	0.0665	Ziggurat District G
338.30	0.1168	FLOOR
338.30	0.1538	2/3
338.30	0.2732	50
338.30	0.4699	Normal
338.30	0.5439	Kurast Undercity
338.30	0.5919	III IV
338.30	0.6856	Reward Upgrades (0/4) •
338.30	0.7420	& Attunement: Ignite Beacons, Slay
338.30	0.7819	Monsters
338.30	0.8241	- Time Bonus: Slay Afflicted Monsters
338.30	0.8667	Reach District Boss before time expires •
338.30	0.9192	District Run
339.35	0.0644	| 6:36 AM
339.35	0.0662	Ziggurat District
339.35	0.1160	FLOOR
339.35	0.1538	2/3
339.35	0.2732	49
339.35	0.4691	Normal
339.35	0.5438	Kurast Undercity
339.35	0.5911	IV
339.35	0.6856	Reward Upgrades (0/4) •
339.35	0.7412	& Attunement: Ignite Beacons, Slay
339.35	0.7814	Monsters
339.35	0.8241	Z Time Bonus: Slay Afflicted Monsters
339.35	0.8653	Reach District Boss before time expires *
339.35	0.9180	District Run f
340.40	0.0658	Ziggurat District © | 6:36 AN
340.40	0.1168	FLOOR
340.40	0.1538	2/3
340.40	0.2741	48
340.40	0.4691	Normal
340.40	0.5438	Kurast Undercity
340.40	0.5919	IV
340.40	0.6856	Reward Upgrades (0/4) •
340.40	0.7397	& Attunement: Ignite Beacons, Slay •
340.40	0.7819	Monsters
340.40	0.8253	Z Time Bonus: Slay Afflicted Monsters
340.40	0.8675	Reach District Boss before time expires •
340.40	0.9180	District Run fa
341.55	0.0644	6:36 AN
341.55	0.0670	Ziggurat District G
341.55	0.1164	FLOOR
341.55	0.1538	2/3
341.55	0.2732	47
341.55	0.4699	Normal
341.55	0.5438	Kurast Undercity
341.55	0.5911	IV
341.55	0.6856	Reward Upgrades (0/4) •
341.55	0.7409	& Attunement: Ignite Beacons, Slay
341.55	0.7816	Monsters
341.55	0.8263	- Time Bonus: Slay Afflicted Monsters
341.55	0.8675	Reach District Boss before time expires •
341.55	0.9189	District Run f
342.60	0.0644	| 6:36 AN
342.60	0.0670	Ziggurat District ©
342.60	0.1168	FLOOR
342.60	0.1538	2/3
342.60	0.2741	46
342.60	0.4691	Normal
342.60	0.5430	Kurast Undercity
342.60	0.5919	IV
342.60	0.6856	Reward Upgrades (0/4)
342.60	0.7400	& Attunement: Ignite Beacons, Slay
342.60	0.7819	Monsters
342.60	0.8263	- Time Bonus: Slay Afflicted Monsters
342.60	0.8659	Reach District Boss before time expires
342.60	0.9192	District Run
343.63	0.0653	| 6:36 AN
343.63	0.0670	Ziggurat District G
343.63	0.1168	FLOOR
343.63	0.1538	2/3
343.63	0.2732	45
343.63	0.4691	Normal
343.63	0.5438	Kurast Undercity
343.63	0.5919	IV
343.63	0.6856	Reward Upgrades (0/4)
343.63	0.7402	& Attunement: Ignite Beacons, Slay
343.63	0.7819	Monsters
343.63	0.8248	- Time Bonus: Slay Afflicted Monsters
343.63	0.8660	Reach District Boss before time expires •
343.63	0.9192	District Run
344.73	0.0644	| 6:36 AM
344.73	0.0670	Ziggurat District ©
344.73	0.1168	FLOOR
344.73	0.1538	2/3
344.73	0.2732	44
344.73	0.4699	Normal
344.73	0.5430	Kurast Undercity
344.73	0.5919	IV
344.73	0.6856	Reward Upgrades (0/4) •
344.73	0.7421	& Attunement: Ignite Beacons, Slay
344.73	0.7819	Monsters
344.73	0.8250	& Time Bonus: Slay Afflicted Monsters
344.73	0.8657	Reach District Boss before time expires
344.73	0.9192	District Run
345.75	0.0651	| 6:36 AN
345.75	0.0670	Ziggurat District G
345.75	0.1168	FLOOR
345.75	0.1538	2/3
345.75	0.2732	43
345.75	0.4691	Normal
345.75	0.5438	Kurast Undercity
345.75	0.5925	III IV
345.75	0.6856	Reward Upgrades (0/4)
345.75	0.7440	Attunement: Ignite Beacons, Slay
345.75	0.7814	Monsters
345.75	0.8247	Time Bonus: Slay Afflicted Monsters
345.75	0.8677	Reach District Boss before time expires
345.75	0.9180	District Run fl
346.82	0.0644	| 6:36 AN
346.82	0.0670	Ziggurat District ©
346.82	0.1168	FLOOR
346.82	0.1538	2/3
346.82	0.2732	41
346.82	0.4697	Normal
346.82	0.5463	Kurast Undercity fa
346.82	0.5926	III IV
346.82	0.6856	Reward Upgrades (0/4) •
346.82	0.7417	& Attunement: Ignite Beacons, Slay •
346.82	0.7819	Monsters
346.82	0.8263	Time Bonus: Slay Afflicted Monsters
346.82	0.8677	Reach District Boss before time expires •
346.82	0.9192	District Run
349.15	0.0636	Ziggurat District E
349.15	0.0644	| 6:36 AN
349.15	0.1168	FLOOR
349.15	0.1538	3/3
349.15	0.2732	71
349.15	0.4691	Normal
349.15	0.5431	Kurast Undercity
349.15	0.5926	III IV
349.15	0.6856	Reward Upgrades (0/4)
349.15	0.7418	& Attunement: Ignite Beacons, Slay
349.15	0.7819	Monsters
349.15	0.8256	Time Bonus: Slay Afflicted Monsters
349.15	0.8667	Reach District Boss before time expires •
349.15	0.9179	District Run My
350.18	0.0644	| 6:36 AM
350.18	0.0670	Ziggurat District ©
350.18	0.1160	FLOOR
350.18	0.1538	3/3
350.18	0.2732	71
350.18	0.4691	Normal
350.18	0.5430	Kurast Undercity
350.18	0.5911	III IV
350.18	0.6856	Reward Upgrades (0/4)
350.18	0.7448	Attunement: Ignite Beacons, Slay
350.18	0.7819	Monsters
350.18	0.8247	Time Bonus: Slay Afflicted Monsters
350.18	0.8667	Reach District Boss before time expires •
350.18	0.9180	District Run fY
351.25	0.0644	| 6:36 AN
351.25	0.0670	Ziggurat District ©
351.25	0.1160	FLOOR
351.25	0.1538	3/3
351.25	0.2732	71
351.25	0.4691	Normal
351.25	0.5430	Kurast Undercity
351.25	0.5911	III IV
351.25	0.6856	Reward Upgrades (0/4)
351.25	0.7448	Attunement: Ignite Beacons, Slay
351.25	0.7819	Monsters
351.25	0.8247	Time Bonus: Slay Afflicted Monsters
351.25	0.8667	Reach District Boss before time expires •
351.25	0.9178	District Run f
352.34	0.0644	| 6:36 AM
352.34	0.0670	Ziggurat District ©
352.34	0.1160	FLOOR
352.34	0.1538	3/3
352.34	0.2732	71
352.34	0.4691	Normal
352.34	0.5430	Kurast Undercity
352.34	0.5911	III IV
352.34	0.6856	Reward Upgrades (0/4)
352.34	0.7448	Attunement: Ignite Beacons, Slay
352.34	0.7819	Monsters
352.34	0.8247	Time Bonus: Slay Afflicted Monsters
352.34	0.8668	Reach District Boss before time expires •
352.34	0.9180	District Run f
353.43	0.0644	| 6:36 AM
353.43	0.0670	Ziggurat District ©
353.43	0.1160	FLOOR
353.43	0.1538	3/3
353.43	0.2732	71
353.43	0.4691	Normal
353.43	0.5431	Kurast Undercity
353.43	0.5911	III IV
353.43	0.6856	Reward Upgrades (0/4)
353.43	0.7440	Attunement: Ignite Beacons, Slay
353.43	0.7819	Monsters
353.43	0.8245	& Time Bonus: Slay Afflicted Monsters
353.43	0.8668	Reach District Boss before time expires •
353.43	0.9180	District Run f
354.51	0.0644	| 6:36 AN
354.51	0.0663	Ziggurat District ©
354.51	0.1160	FLOOR
354.51	0.1538	3/3
354.51	0.2723	71
354.51	0.4691	Normal
354.51	0.5430	Kurast Undercity
354.51	0.5911	IV
354.51	0.6856	Reward Upgrades (0/4)
354.51	0.7448	Attunement: Ignite Beacons, Slay
354.51	0.7819	Monsters
354.51	0.8247	Time Bonus: Slay Afflicted Monsters
354.51	0.8668	Reach District Boss before time expires *
354.51	0.9192	District Run
355.55	0.0658	Ziggurat District © | 6:36 AN
355.55	0.1160	FLOOR
355.55	0.1538	3/3
355.55	0.2732	71
355.55	0.4699	Normal
355.55	0.5438	Kurast Undercity
355.55	0.5911	IV
355.55	0.6856	Reward Upgrades (0/4)
355.55	0.7410	& Attunement: Ignite Beacons, Slay
355.55	0.7819	Monsters
355.55	0.8247	Time Bonus: Slay Afflicted Monsters
355.55	0.8677	Reach District Boss before time expires •
355.55	0.9192	District Run
356.62	0.0670	Ziggurat District © | 6:36 AM
356.62	0.1164	FLOOR
356.62	0.1538	3/3
356.62	0.2732	71
356.62	0.4691	Normal
356.62	0.5438	Kurast Undercity
356.62	0.5911	IV
356.62	0.6856	Reward Upgrades (0/4)
356.62	0.7418	& Attunement: Ignite Beacons, Slay
356.62	0.7819	Monsters
356.62	0.8263	Time Bonus: Slay Afflicted Monsters
356.62	0.8668	Reach District Boss before time expires *
356.62	0.9192	District Run
357.69	0.0658	Ziggurat District © | 6:36 AN
357.69	0.1164	FLOOR
357.69	0.1538	3/3
357.69	0.2732	71
357.69	0.3247	Z
357.69	0.4699	Normal
357.69	0.5438	Kurast Undercity
357.69	0.5919	III IV
357.69	0.6856	Reward Upgrades (0/4)
357.69	0.7409	§ Attunement: Ignite Beacons, Slay
357.69	0.7819	Monsters
357.69	0.8230	- Time Bonus: Slay Afflicted Monsters
357.69	0.8660	Reach District Boss before time expires •
357.69	0.9192	District Run
358.83	0.0644	| 6:36 AM
358.83	0.0671	Ziggurat District ©
358.83	0.1168	FLOOR
358.83	0.1538	3/3
358.83	0.2732	69
358.83	0.4691	Normal
358.83	0.5438	Kurast Undercity
358.83	0.5919	IV
358.83	0.6856	Reward Upgrades (0/4) •
358.83	0.7410	& Attunement: Ignite Beacons, Slay
358.83	0.7819	Monsters
358.83	0.8187	- Time Bonus: Slay Afflicted Monsters
358.83	0.8667	Reach District Boss before time expires •
358.83	0.9192	District Run
359.88	0.0653	| 6:36 AN
359.88	0.0670	Ziggurat District ©
359.88	0.1160	FLOOR
359.88	0.1546	373
359.88	0.2732	68
359.88	0.4691	Normal
359.88	0.5438	Kurast Undercity
359.88	0.5911	IV
359.88	0.6856	Reward Upgrades (0/4) •
359.88	0.7410	& Attunement: Ignite Beacons, Slay
359.88	0.7819	Monsters
359.88	0.8263	Time Bonus: Slay Afflicted Monsters
359.88	0.8667	Reach District Boss before time expires •
359.88	0.9192	District Run
360.95	0.0644	| 6:36 AM
360.95	0.0670	Ziggurat District ©
360.95	0.1168	FLOOR
360.95	0.1538	3/3
360.95	0.2732	67
360.95	0.4691	Normal
360.95	0.5438	Kurast Undercity
360.95	0.5911	- IV
360.95	0.6856	Reward Upgrades (0/4) •
360.95	0.7403	& Attunement: Ignite Beacons, Slay
360.95	0.7819	Monsters
360.95	0.8263	Time Bonus: Slay Afflicted Monsters
360.95	0.8667	Reach District Boss before time expires •
360.95	0.9192	District Run
362.02	0.0644	| 6:36 AM
362.02	0.0670	Ziggurat District ©
362.02	0.1168	FLOOR
362.02	0.1538	3/3
362.02	0.2741	66
362.02	0.4691	Normal
362.02	0.5438	Kurast Undercity
362.02	0.5919	IV
362.02	0.6856	Reward Upgrades (0/4) •
362.02	0.7419	& Attunement: Ignite Beacons, Slay
362.02	0.7819	Monsters
362.02	0.8263	- Time Bonus: Slay Afflicted Monsters
362.02	0.8667	Reach District Boss before time expires •
362.02	0.9192	District Run
363.10	0.0644	| 6:36 AM
363.10	0.0670	Ziggurat District ©
363.10	0.1168	FLOOR
363.10	0.1538	3/3
363.10	0.2732	65
363.10	0.4691	Normal
363.10	0.5438	Kurast Undercity
363.10	0.5919	IV
363.10	0.6856	Reward Upgrades (0/4)
363.10	0.7402	& Attunement: Ignite Beacons, Slay
363.10	0.7819	Monsters
363.10	0.8263	- Time Bonus: Slay Afflicted Monsters
363.10	0.8660	Reach District Boss before time expires •
363.10	0.9192	District Run
364.17	0.0635	| 6:36 AM
364.17	0.0670	Ziggurat District G
364.17	0.1168	FLOOR
364.17	0.1546	373
364.17	0.2741	64
364.17	0.4699	Normal
364.17	0.5438	Kurast Undercity
364.17	0.5919	IV
364.17	0.6856	Reward Upgrades (0/4)
364.17	0.7418	& Attunement: Ignite Beacons, Slay
364.17	0.7809	Monsters
364.17	0.8247	Time Bonus: Slay Afflicted Monsters
364.17	0.8667	Reach District Boss before time expires •
364.17	0.9192	District Run
365.32	0.0644	| 6:36 AM
365.32	0.0670	Ziggurat District G
365.32	0.1168	FLOOR
365.32	0.1546	373
365.32	0.2732	63
365.32	0.4691	Normal
365.32	0.5438	Kurast Undercity
365.32	0.5911	IV
365.32	0.6856	Reward Upgrades (0/4)
365.32	0.7409	& Attunement: Ignite Beacons, Slay
365.32	0.7809	Monsters
365.32	0.8247	Time Bonus: Slay Afflicted Monsters
365.32	0.8667	Reach District Boss before time expires •
365.32	0.9192	District Run
366.41	0.0644	| 6:36 AM
366.41	0.0670	Ziggurat District G
366.41	0.1168	FLOOR
366.41	0.1546	373
366.41	0.2741	62
366.41	0.4691	Normal
366.41	0.5438	Kurast Undercity
366.41	0.5911	IV
366.41	0.6856	Reward Upgrades (0/4)
366.41	0.7418	& Attunement: Ignite Beacons, Slay
366.41	0.7809	Monsters
366.41	0.8247	Time Bonus: Slay Afflicted Monsters
366.41	0.8668	Reach District Boss before time expires
366.41	0.9192	District Run
367.53	0.0644	| 6:36 AM
367.53	0.0670	Ziggurat District ©
367.53	0.1168	FLOOR
367.53	0.1546	373
367.53	0.2741	61
367.53	0.4691	Normal
367.53	0.5438	Kurast Undercity
367.53	0.5911	IV
367.53	0.6856	Reward Upgrades (0/4) •
367.53	0.7418	& Attunement: Ignite Beacons, Slay
367.53	0.7809	Monsters
367.53	0.8258	- Time Bonus: Slay Afflicted Monsters
367.53	0.8661	Reach District Boss before time expires
367.53	0.9192	District Run
368.67	0.0651	| 6:36 AN
368.67	0.0670	Ziggurat District ©
368.67	0.1168	FLOOR
368.67	0.1538	3/3
368.67	0.2732	60
368.67	0.4691	Normal
368.67	0.5438	Kurast Undercity
368.67	0.5911	IV
368.67	0.6856	Reward Upgrades (0/4) •
368.67	0.7409	& Attunement: Ignite Beacons, Slay
368.67	0.7809	Monsters
368.67	0.8247	Time Bonus: Slay Afflicted Monsters
368.67	0.8667	Reach District Boss before time expires •
368.67	0.9192	District Run
369.75	0.0644	| 6:36 AM
369.75	0.0670	Ziggurat District ©
369.75	0.1168	FLOOR
369.75	0.1538	373
369.75	0.2732	58
369.75	0.4691	Normal
369.75	0.5438	Kurast Undercity
369.75	0.5911	IV
369.75	0.6856	Reward Upgrades (0/4) •
369.75	0.7408	& Attunement: Ignite Beacons, Slay
369.75	0.7809	Monsters
369.75	0.8263	- Time Bonus: Slay Afflicted Monsters
369.75	0.8677	Reach District Boss before time expires
369.75	0.9192	District Run
370.79	0.0644	| 6:36 AM
370.79	0.0670	Ziggurat District G
370.79	0.1168	FLOOR
370.79	0.1538	3/3
370.79	0.2732	57
370.79	0.4691	Normal
370.79	0.5438	Kurast Undercity
370.79	0.5919	IV
370.79	0.6856	Reward Upgrades (0/4) •
370.79	0.7409	& Attunement: Ignite Beacons, Slay
370.79	0.7809	Monsters
370.79	0.8256	Time Bonus: Slay Afflicted Monsters
370.79	0.8667	Reach District Boss before time expires •
370.79	0.9179	District Run y
371.91	0.0644	| 6:36 AM
371.91	0.0670	Ziggurat District G
371.91	0.1168	FLOOR
371.91	0.1546	373
371.91	0.2723	56
371.91	0.4691	Normal
371.91	0.5438	Kurast Undercity
371.91	0.5919	IV
371.91	0.6856	Reward Upgrades (0/4) •
371.91	0.7418	& Attunement: Ignite Beacons, Slay
371.91	0.7819	Monsters
371.91	0.8209	• Time Bonus: Slay Afflicted Monsters
371.91	0.8667	Reach District Boss before time expires •
371.91	0.9192	District Run
372.96	0.0644	6:36 AN
372.96	0.0670	Ziggurat District G
372.96	0.1168	FLOOR
372.96	0.1546	373
372.96	0.2723	55
372.96	0.4691	Normal
372.96	0.5438	Kurast Undercity
372.96	0.5919	IV
372.96	0.6856	Reward Upgrades (0/4) •
372.96	0.7409	& Attunement: Ignite Beacons, Slay
372.96	0.7819	Monsters
372.96	0.8263	Time Bonus: Slay Afflicted Monsters
372.96	0.8667	Reach District Boss before time expires •
372.96	0.9192	District Run
374.06	0.0658	Ziggurat District © | 6:36 AN
374.06	0.1168	FLOOR
374.06	0.1538	3/3
374.06	0.2732	54
374.06	0.4699	Normal
374.06	0.5438	Kurast Undercity
374.06	0.5911	IV
374.06	0.6856	Reward Upgrades (0/4) •
374.06	0.7410	& Attunement: Ignite Beacons, Slay
374.06	0.7819	Monsters
374.06	0.8247	Time Bonus: Slay Afflicted Monsters
374.06	0.8677	Reach District Boss before time expires •
374.06	0.9189	District Run fa
375.15	0.0651	| 6:36 AN
375.15	0.0670	Ziggurat District ©
375.15	0.1168	FLOOR
375.15	0.1538	3/3
375.15	0.2732	53
375.15	0.4691	Normal
375.15	0.5438	Kurast Undercity
375.15	0.5919	IV
375.15	0.6856	Reward Upgrades (0/4) •
375.15	0.7409	& Attunement: Ignite Beacons, Slay
375.15	0.7809	Monsters
375.15	0.8238	& Time Bonus: Slay Afflicted Monsters •
375.15	0.8660	Reach District Boss before time expires •
375.15	0.9192	District Run
376.22	0.0641	| 6:36 AM
376.22	0.0670	Ziggurat District ©
376.22	0.1168	FLOOR
376.22	0.1546	373
376.22	0.2741	52
376.22	0.4691	Normal
376.22	0.5438	Kurast Undercity
376.22	0.5919	IV
376.22	0.6856	Reward Upgrades (0/4)
376.22	0.7420	& Attunement: Ignite Beacons, Slay
376.22	0.7819	Monsters
376.22	0.8253	& Time Bonus: Slay Afflicted Monsters
376.22	0.8677	Reach District Boss before time expires
376.22	0.9192	District Run
377.33	0.0644	| 6:36 AM
377.33	0.0670	Ziggurat District ©
377.33	0.1168	FLOOR
377.33	0.1538	3/3
377.33	0.2732	51
377.33	0.4691	Normal
377.33	0.5438	Kurast Undercity
377.33	0.5919	IV
377.33	0.6856	Reward Upgrades (0/4)
377.33	0.7426	& Attunement: Ignite Beacons, Slay
377.33	0.7819	Monsters
377.33	0.8263	WE Time Bonus: Slay Afflicted Monsters
377.33	0.8677	Reach District Boss before time expires
377.33	0.9192	District Run
378.45	0.0651	| 6:36 AN
378.45	0.0670	Ziggurat District G
378.45	0.1168	FLOOR
378.45	0.1538	3/3
378.45	0.2723	50
378.45	0.4691	Normal
378.45	0.5438	Kurast Undercity
378.45	0.5919	IV
378.45	0.6856	Reward Upgrades (0/4) •
378.45	0.7442	& Attunement: Ignite Beacons, Slay
378.45	0.7819	Monsters
378.45	0.8247	Time Bonus: Slay Afflicted Monsters
378.45	0.8668	Reach District Boss before time expires
378.45	0.9192	District Run
379.58	0.0653	| 6:36 AN
379.58	0.0670	Ziggurat District ©
379.58	0.1168	FLOOR
379.58	0.1546	373
379.58	0.2732	49
379.58	0.4691	Normal
379.58	0.5438	Kurast Undercity
379.58	0.5919	IV
379.58	0.6856	Reward Upgrades (0/4) •
379.58	0.7419	& Attunement: Ignite Beacons, Slay
379.58	0.7809	Monsters
379.58	0.8263	Time Bonus: Slay Afflicted Monsters
379.58	0.8667	Reach District Boss before time expires •
379.58	0.9192	District Run
380.77	0.0658	Ziggurat District © | 6:37 AN
380.77	0.1168	FLOOR
380.77	0.1546	3/3
380.77	0.2732	47
380.77	0.4699	Normal
380.77	0.5438	Kurast Undercity
380.77	0.5919	IV
380.77	0.6856	Reward Upgrades (0/4)
380.77	0.7408	& Attunement: Ignite Beacons, Slay
380.77	0.7819	Monsters
380.77	0.8232	Time Bonus: Slay Afflicted Monsters •
380.77	0.8667	Reach District Boss before time expires •
380.77	0.9192	District Run
381.90	0.0658	Ziggurat District © | 6:37 AN
381.90	0.1168	FLOOR
381.90	0.1546	373
381.90	0.2741	46
381.90	0.4691	Normal
381.90	0.5438	Kurast Undercity
381.90	0.5911	IV
381.90	0.6856	Reward Upgrades (0/4)
381.90	0.7419	& Attunement: Ignite Beacons, Slay
381.90	0.7814	Monsters
381.90	0.8237	Time Bonus: Slay Afflicted Monsters •
381.90	0.8660	Reach District Boss before time expires •
381.90	0.9192	District Run
383.00	0.0658	Ziggurat District © | 6:37 AN
383.00	0.1160	FLOOR
383.00	0.1538	3/3
383.00	0.2732	45
383.00	0.4699	Normal
383.00	0.5438	Kurast Undercity
383.00	0.5911	IV
383.00	0.6856	Reward Upgrades (0/4) •
383.00	0.7410	& Attunement: Ignite Beacons, Slay
383.00	0.7814	Monsters
383.00	0.8247	Time Bonus: Slay Afflicted Monsters *
383.00	0.8668	Reach District Boss before time expires
383.00	0.9179	District Run Py
384.08	0.0658	Ziggurat District © | 6:37 AN
384.08	0.1168	FLOOR
384.08	0.1538	3/3
384.08	0.2732	44
384.08	0.4699	Normal
384.08	0.5433	Kurast Undercity
384.08	0.5919	IV
384.08	0.6856	Reward Upgrades (0/4)
384.08	0.7425	& Attunement: Ignite Beacons, Slay
384.08	0.7819	Monsters
384.08	0.8256	Time Bonus: Slay Afflicted Monsters
384.08	0.8668	Reach District Boss before time expires
384.08	0.9192	District Run
385.18	0.0658	Ziggurat District © | 6:37 AN
385.18	0.1160	FLOOR
385.18	0.1538	3/3
385.18	0.2732	43
385.18	0.4691	Normal
385.18	0.5438	Kurast Undercity
385.18	0.5919	IV
385.18	0.6856	Reward Upgrades (0/4) •
385.18	0.7410	& Attunement: Ignite Beacons, Slay
385.18	0.7819	Monsters
385.18	0.8263	- Time Bonus: Slay Afflicted Monsters
385.18	0.8665	Reach District Boss before time expires •
385.18	0.9192	District Run
386.25	0.0646	| 6:37 AM
386.25	0.0670	Ziggurat District ©
386.25	0.1160	FLOOR
386.25	0.1538	3/3
386.25	0.2741	42
386.25	0.4691	Normal
386.25	0.5430	Kurast Undercity
386.25	0.5919	IV
386.25	0.6856	Reward Upgrades (0/4) •
386.25	0.7419	& Attunement: Ignite Beacons, Slay
386.25	0.7814	Monsters
386.25	0.8247	Time Bonus: Slay Afflicted Monsters
386.25	0.8668	Reach District Boss before time expires •
386.25	0.9192	District Run
387.36	0.0646	| 6:37 AN
387.36	0.0670	Ziggurat District ©
387.36	0.1160	FLOOR
387.36	0.1538	3/3
387.36	0.2732	41
387.36	0.4691	Normal
387.36	0.5438	Kurast Undercity
387.36	0.5919	IV
387.36	0.6856	Reward Upgrades (0/4) •
387.36	0.7410	& Attunement: Ignite Beacons, Slay
387.36	0.7819	Monsters
387.36	0.8256	Time Bonus: Slay Afflicted Monsters
387.36	0.8667	Reach District Boss before time expires •
387.36	0.9192	District Run
388.44	0.0646	| 6:37 AM
388.44	0.0670	Ziggurat District ©
388.44	0.1160	FLOOR
388.44	0.1538	3/3
388.44	0.2732	40
388.44	0.4691	Normal
388.44	0.5430	Kurast Undercity
388.44	0.5919	IV
388.44	0.5945	F
388.44	0.6856	Reward Upgrades (0/4) •
388.44	0.7419	& Attunement: Ignite Beacons, Slay
388.44	0.7819	Monsters
388.44	0.8239	Time Bonus: Slay Afflicted Monsters
388.44	0.8667	Reach District Boss before time expires •
388.44	0.9192	District Run
389.54	0.0658	Ziggurat District © | 6:37 AN
389.54	0.1160	FLOOR
389.54	0.1538	3/3
389.54	0.2732	39
389.54	0.4691	Normal
389.54	0.5430	Kurast Undercity
389.54	0.5919	IV
389.54	0.5945	F
389.54	0.6856	Reward Upgrades (0/4) •
389.54	0.7410	& Attunement: Ignite Beacons, Slay
389.54	0.7814	Monsters
389.54	0.8229	Time Bonus: Slay Afflicted Monsters •
389.54	0.8665	Reach District Boss before time expires •
389.54	0.9192	District Run
390.63	0.0636	| 6:37 AN
390.63	0.0670	Ziggurat District ©
390.63	0.1168	FLOOR
390.63	0.1538	3/3
390.63	0.2732	38
390.63	0.4699	Normal
390.63	0.5438	Kurast Undercity
390.63	0.5911	IV
390.63	0.6856	Reward Upgrades (0/4) •
390.63	0.7448	Attunement: Ignite Beacons, Slay
390.63	0.7819	Monsters
390.63	0.8263	Time Bonus: Slay Afflicted Monsters
390.63	0.8667	Reach District Boss before time expires •
390.63	0.9181	District Run fa
391.75	0.0658	Ziggurat District © | 6:37 AN
391.75	0.1168	FLOOR
391.75	0.1546	3/3
391.75	0.2723	37
391.75	0.4691	Normal
391.75	0.5438	Kurast Undercity
391.75	0.5911	IV
391.75	0.6856	Reward Upgrades (0/4) •
391.75	0.7426	& Attunement: Ignite Beacons, Slay
391.75	0.7809	Monsters
391.75	0.8263	- Time Bonus: Slay Afflicted Monsters
391.75	0.8667	Reach District Boss before time expires •
391.75	0.9192	District Run
392.85	0.0644	| 6:37 AM
392.85	0.0670	Ziggurat District ©
392.85	0.1160	FLOOR
392.85	0.1538	3/3
392.85	0.2732	35
392.85	0.4691	Normal
392.85	0.5438	Kurast Undercity
392.85	0.5911	IV
392.85	0.6856	Reward Upgrades (0/4) •
392.85	0.7401	& Attunement: Ignite Beacons, Slay
392.85	0.7819	Monsters
392.85	0.8263	Time Bonus: Slay Afflicted Monsters
392.85	0.8660	Reach District Boss before time expires •
392.85	0.9192	District Run
393.92	0.0636	| 6:37 AN
393.92	0.0670	Ziggurat District G
393.92	0.1168	FLOOR
393.92	0.1538	3/3
393.92	0.2732	34
393.92	0.4691	Normal
393.92	0.5442	Kurast Undercity I
393.92	0.5937	HI FIV
393.92	0.6856	Reward Upgrades (0/4) •
393.92	0.7410	& Attunement: Ignite Beacons, Slay
393.92	0.7819	Monsters
393.92	0.8229	& Time Bonus: Slay Afflicted Monsters •
393.92	0.8665	Reach District Boss before time expires •
393.92	0.9192	District Run
395.00	0.0653	| 6:37 AM
395.00	0.0670	Ziggurat District ©
395.00	0.1160	FLOOR
395.00	0.1538	3/3
395.00	0.2732	33
395.00	0.4691	Normal
395.00	0.5438	Kurast Undercity
395.00	0.5911	IV
395.00	0.6856	Reward Upgrades (0/4) •
395.00	0.7421	& Attunement: Ignite Beacons, Slay
395.00	0.7819	Monsters
395.00	0.8238	Time Bonus: Slay Afflicted Monsters •
395.00	0.8665	Reach District Boss before time expires •
395.00	0.9192	District Run
396.12	0.0654	| 6:37 AN
396.12	0.0670	Ziggurat District ©
396.12	0.1168	FLOOR
396.12	0.1538	3/3
396.12	0.2741	32
396.12	0.4691	Normal
396.12	0.5438	Kurast Undercity
396.12	0.5911	IV
396.12	0.6856	Reward Upgrades (0/4) •
396.12	0.7402	& Attunement: Ignite Beacons, Slay •
396.12	0.7819	Monsters
396.12	0.8230	2 Time Bonus: Slay Afflicted Monsters •
396.12	0.8665	Reach District Boss before time expires •
396.12	0.9192	District Run
397.18	0.0658	Ziggurat District © | 6:37 AN
397.18	0.1160	FLOOR
397.18	0.1546	3/3
397.18	0.2732	31
397.18	0.4691	Normal
397.18	0.5438	Kurast Undercity
397.18	0.5911	IV
397.18	0.6856	Reward Upgrades (0/4) •
397.18	0.7419	& Attunement: Ignite Beacons, Slay
397.18	0.7819	Monsters
397.18	0.8237	Time Bonus: Slay Afflicted Monsters •
397.18	0.8667	Reach District Boss before time expires •
397.18	0.9192	District Run
398.25	0.0658	Ziggurat District © | 6:37 AN
398.25	0.1168	FLOOR
398.25	0.1546	3/3
398.25	0.2732	30
398.25	0.4691	Normal
398.25	0.5438	Kurast Undercity
398.25	0.5911	IV
398.25	0.6856	Reward Upgrades (0/4) •
398.25	0.7375	& Attunement: Ignite Beacons, Slay
398.25	0.7819	Monsters
398.25	0.8245	& Time Bonus: Slay Afflicted Monsters
398.25	0.8675	Reach District Boss before time expires •
398.25	0.9141	party
398.25	0.9192	District Run
399.31	0.0658	Ziggurat District © | 6:37 AN
399.31	0.1160	FLOOR
399.31	0.1546	3/3
399.31	0.2741	29
399.31	0.4699	Normal
399.31	0.5454	Kurast Undercity Y
399.31	0.5911	III IV
399.31	0.6856	Reward Upgrades (0/4) •
399.31	0.7410	& Attunement: Ignite Beacons, Slay
399.31	0.7819	Monsters
399.31	0.8242	• Time Bonus: Slay Afflicted Monsters
399.31	0.8667	Reach District Boss before time expires •
399.31	0.9180	District Run f
400.45	0.0658	Ziggurat District © | 6:37 AN
400.45	0.1160	FLOOR
400.45	0.1538	3/3
400.45	0.2741	28
400.45	0.4699	Normal
400.45	0.5438	Kurast Undercity
400.45	0.5911	IV
400.45	0.6856	Reward Upgrades (0/4)
400.45	0.7418	& Attunement: Ignite Beacons, Slay
400.45	0.7819	Monsters
400.45	0.8263	- Time Bonus: Slay Afflicted Monsters
400.45	0.8667	Reach District Boss before time expires •
400.45	0.9192	District Run
401.68	0.0658	Ziggurat District © | 6:37 AN
401.68	0.1160	FLOOR
401.68	0.1546	373
401.68	0.2741	27
401.68	0.4691	Normal
401.68	0.5438	Kurast Undercity
401.68	0.5919	IV
401.68	0.6856	Reward Upgrades (0/4)
401.68	0.7418	& Attunement: Ignite Beacons, Slay
401.68	0.7819	Monsters
401.68	0.8247	Time Bonus: Slay Afflicted Monsters
401.68	0.8686	Reach District Boss before time expires
401.68	0.9192	District Run
402.75	0.0658	Ziggurat District © | 6:37 AN
402.75	0.1160	FLOOR
402.75	0.1546	373
402.75	0.2741	26
402.75	0.4691	Normal
402.75	0.5438	Kurast Undercity
402.75	0.5911	IV
402.75	0.6856	Reward Upgrades (1/4)
402.75	0.7401	& Attunement: Ignite Beacons, Slay
402.75	0.7818	Monsters
402.75	0.8247	& Time Bonus: Slay Afflicted Monsters
402.75	0.8646	Reach District Boss before time expires
402.75	0.9192	District Run
403.92	0.0658	Ziggurat District © | 6:37 AN
403.92	0.1168	FLOOR
403.92	0.1546	373
403.92	0.2741	24
403.92	0.4699	Normal
403.92	0.5438	Kurast Undercity
403.92	0.5911	IV
403.92	0.6856	Reward Upgrades (1/4)
403.92	0.7418	& Attunement: Ignite Beacons, Slay
403.92	0.7819	Monsters
403.92	0.8263	- Time Bonus: Slay Afflicted Monsters
403.92	0.8650	Reach District Boss before time expires
403.92	0.9192	District Run
404.97	0.0658	Ziggurat District © | 6:37 AN
404.97	0.1160	FLOOR
404.97	0.1546	373
404.97	0.2741	23
404.97	0.4691	Normal
404.97	0.5438	Kurast Undercity
404.97	0.5919	IV
404.97	0.6856	Reward Upgrades (1/4)
404.97	0.7432	& Attunement: Ignite Beacons, Slay
404.97	0.7819	Monsters
404.97	0.8263	Time Bonus: Slay Afflicted Monsters
404.97	0.8677	Reach District Boss before time expires
404.97	0.9180	District Run f
406.10	0.0670	Ziggurat District © | 6:37 AM
406.10	0.1168	FLOOR
406.10	0.1538	3/3
406.10	0.2741	22
406.10	0.4691	Normal
406.10	0.5438	Kurast Undercity
406.10	0.5911	III IV
406.10	0.6856	Reward Upgrades (1/4) •
406.10	0.7402	& Attunement: Ignite Beacons, Slay
406.10	0.7819	Monsters
406.10	0.8256	Time Bonus: Slay Afflicted Monsters
406.10	0.8667	Reach District Boss before time expires •
406.10	0.9192	District Run
407.22	0.0644	| 6:37 AM
407.22	0.0670	Ziggurat District ©
407.22	0.1168	FLOOR
407.22	0.1538	3/3
407.22	0.2741	21
407.22	0.4691	Normal
407.22	0.5438	Kurast Undercity
407.22	0.5911	III IV
407.22	0.6856	Reward Upgrades (1/4)
407.22	0.7433	& Attunement: Ignite Beacons, Slay
407.22	0.7819	Monsters
407.22	0.8256	Time Bonus: Slay Afflicted Monsters
407.22	0.8668	Reach District Boss before time expires *
407.22	0.9192	District Run
408.32	0.0653	| 6:37 AI
408.32	0.0670	Ziggurat District ©
408.32	0.1168	FLOOR
408.32	0.1538	3/3
408.32	0.2741	20
408.32	0.4691	Normal
408.32	0.5438	Kurast Undercity
408.32	0.5911	• IV
408.32	0.6856	Reward Upgrades (1/4)
408.32	0.7441	& Attunement: Ignite Beacons, Slay
408.32	0.7819	Monsters
408.32	0.8256	Time Bonus: Slay Afflicted Monsters
408.32	0.8667	Reach District Boss before time expires •
408.32	0.9192	District Run
409.47	0.0644	| 6:37 AM
409.47	0.0670	Ziggurat District ©
409.47	0.1168	FLOOR
409.47	0.1538	3/3
409.47	0.2732	19
409.47	0.4691	Normal
409.47	0.5438	Kurast Undercity
409.47	0.5911	IV
409.47	0.6856	Reward Upgrades (1/4)
409.47	0.7434	& Attunement: Ignite Beacons, Slay
409.47	0.7819	Monsters
409.47	0.8256	Time Bonus: Slay Afflicted Monsters
409.47	0.8667	Reach District Boss before time expires •
409.47	0.9192	District Run
410.55	0.0653	| 6:37 AM
410.55	0.0670	Ziggurat District ©
410.55	0.1168	FLOOR
410.55	0.1538	3/3
410.55	0.2732	18
410.55	0.4691	Normal
410.55	0.5438	Kurast Undercity
410.55	0.5911	III IV
410.55	0.6856	Reward Upgrades (1/4)
410.55	0.7433	• Attunement: Ignite Beacons, Slay
410.55	0.7819	Monsters
410.55	0.8209	• Time Bonus: Slay Afflicted Monsters
410.55	0.8677	Reach District Boss before time expires
410.55	0.9192	District Run
411.60	0.0653	| 6:37 AM
411.60	0.0670	Ziggurat District ©
411.60	0.1168	FLOOR
411.60	0.1538	3/3
411.60	0.2741	17
411.60	0.4691	Normal
411.60	0.5433	Kurast Undercity
411.60	0.5911	III IV
411.60	0.6856	Reward Upgrades (1/4)
411.60	0.7433	& Attunement: Ignite Beacons, Slay
411.60	0.7819	Monsters
411.60	0.8209	• Time Bonus: Slay Afflicted Monsters
411.60	0.8668	Reach District Boss before time expires
411.60	0.9192	District Run
412.77	0.0653	| 6:37 AI
412.77	0.0670	Ziggurat District ©
412.77	0.1160	FLOOR
412.77	0.1538	3/3
412.77	0.2741	16
412.77	0.4691	Normal
412.77	0.5438	Kurast Undercity
412.77	0.5911	IV
412.77	0.6856	Reward Upgrades (1/4)
412.77	0.7426	& Attunement: Ignite Beacons, Slay
412.77	0.7819	Monsters
412.77	0.8256	Time Bonus: Slay Afflicted Monsters
412.77	0.8677	Reach District Boss before time expires
412.77	0.9192	District Run
413.89	0.0653	›| 6:37 AI
413.89	0.0670	Ziggurat District ©
413.89	0.1168	FLOOR
413.89	0.1538	3/3
413.89	0.2741	14
413.89	0.4691	Normal
413.89	0.5438	Kurast Undercity
413.89	0.5911	III IV
413.89	0.6856	Reward Upgrades (1/4)
413.89	0.7426	& Attunement: Ignite Beacons, Slay
413.89	0.7819	Monsters
413.89	0.8209	• Time Bonus: Slay Afflicted Monsters
413.89	0.8677	Reach District Boss before time expires
413.89	0.9192	District Run
414.95	0.0670	Ziggurat District © | 6:37 AM
414.95	0.1168	FLOOR
414.95	0.1546	373
414.95	0.2741	13
414.95	0.4691	Normal
414.95	0.5438	Kurast Undercity
414.95	0.5911	IV
414.95	0.6856	Reward Upgrades (1/4) •
414.95	0.7441	& Attunement: Ignite Beacons, Slay
414.95	0.7819	Monsters
414.95	0.8209	Time Bonus: Slay Afflicted Monsters
414.95	0.8667	Reach District Boss before time expires •
414.95	0.9192	District Run
416.01	0.0662	| 6:57 AM
416.01	0.0670	Ziggurat District ©
416.01	0.1168	FLOOR
416.01	0.1538	373
416.01	0.2741	12
416.01	0.4691	Normal
416.01	0.5438	Kurast Undercity
416.01	0.5911	IV
416.01	0.5945	F
416.01	0.6856	Reward Upgrades (1/4) •
416.01	0.7441	& Attunement: Ignite Beacons, Slay
416.01	0.7819	Monsters
416.01	0.8239	Time Bonus: Slay Afflicted Monsters
416.01	0.8667	Reach District Boss before time expires •
416.01	0.9192	District Run '
417.14	0.0636	• 6:37 AM
417.14	0.0670	Ziggurat District ©
417.14	0.1168	FLOOR
417.14	0.1538	3/3
417.14	0.2732	11
417.14	0.4699	Normal
417.14	0.5438	Kurast Undercity
417.14	0.5919	IV
417.14	0.6856	Reward Upgrades (1/4) •
417.14	0.7448	Attunement: Ignite Beacons, Slay
417.14	0.7819	Monsters
417.14	0.8247	Time Bonus: Slay Afflicted Monsters
417.14	0.8668	Reach District Boss before time expires •
417.14	0.9192	District Run
418.18	0.0650	| 6:37 AM
418.18	0.0670	Ziggurat District ©
418.18	0.1168	FLOOR
418.18	0.1529	3/3
418.18	0.2741	10
418.18	0.4691	Normal
418.18	0.5438	Kurast Undercity
418.18	0.5919	IV
418.18	0.6856	Reward Upgrades (1/4) •
418.18	0.7427	& Attunement: Ignite Beacons, Slay
418.18	0.7819	Monsters
418.18	0.8263	Time Bonus: Slay Afflicted Monsters
418.18	0.8665	Reach District Boss before time expires •
418.18	0.9180	District Run fa
419.30	0.0658	Ziggurat District © | 6:37 AN
419.30	0.1164	FLOOR
419.30	0.1538	3/3
419.30	0.4699	Normal
419.30	0.5438	Kurast Undercity
419.30	0.5911	IV
419.30	0.5919	DOC
419.30	0.6856	Reward Upgrades (1/4)
419.30	0.7405	& Attunement: Ignite Beacons, Slay •
419.30	0.7819	Monsters
419.30	0.8240	2 Time Bonus: Slay Afflicted Monsters
419.30	0.8660	Reach District Boss before time expires
419.30	0.9192	District Run
420.40	0.0490	ted
420.40	0.0655	Ziggurat District © | 6:37 AM
420.40	0.1164	FLOOR
420.40	0.1546	3/3
420.40	0.2732	8
420.40	0.4699	Normal
420.40	0.5438	Kurast Undercity
420.40	0.5928	I IV
420.40	0.6856	Reward Upgrades (1/4) •
420.40	0.7412	& Attunement: Ignite Beacons, Slay
420.40	0.7819	Monsters
420.40	0.8240	- Time Bonus: Slay Afflicted Monsters
420.40	0.8655	Reach District Boss before time expires
420.40	0.9192	District Run
421.51	0.0490	Afflicted
421.51	0.0658	Ziggurat District © | 6:37 AN
421.51	0.1164	FLOOR
421.51	0.1538	3/3
421.51	0.2732	10
421.51	0.4699	Normal
421.51	0.5438	Kurast Undercity
421.51	0.5925	III IV
421.51	0.6856	Reward Upgrades (1/4) •
421.51	0.7413	& Attunement: Ignite Beacons, Slay
421.51	0.7819	Monsters
421.51	0.8238	& Time Bonus: Slay Afflicted Monsters •
421.51	0.8660	Reach District Boss before time expires •
421.51	0.9192	District Run
422.65	0.0642	) | 6:37 AN
422.65	0.0670	Ziggurat District ©
422.65	0.1160	FLOOR
422.65	0.1538	3/3
422.65	0.2715	9
422.65	0.3265	Z
422.65	0.4699	Normal
422.65	0.5438	Kurast Undercity
422.65	0.5911	IV
422.65	0.6856	Reward Upgrades (1/4) •
422.65	0.7448	Attunement: Ignite Beacons, Slay
422.65	0.7818	Monsters
422.65	0.8240	- Time Bonus: Slay Afflicted Monsters
422.65	0.8668	Reach District Boss before time expires *
422.65	0.9202	District Run
423.75	0.0659	Ziggurat District © | 6:37 AN
423.75	0.1168	FLOOR
423.75	0.1546	373
423.75	0.4699	Normal
423.75	0.5454	Kurast Undercity Y
423.75	0.5911	III IV
423.75	0.6856	Reward Upgrades (1/4)
423.75	0.7435	& Attunement: Ignite Beacons, Slay
423.75	0.7819	Monsters
423.75	0.8244	& Time Bonus: Slay Afflicted Monsters
423.75	0.8647	Reach District Boss before time expires
423.75	0.9202	District Run
424.80	0.0659	Ziggurat District © | 6:37 AN
424.80	0.1168	FLOOR
424.80	0.1538	3/3
424.80	0.4691	Normal
424.80	0.5442	Kurast Undercity 1
424.80	0.5919	III IV
424.80	0.6856	Reward Upgrades (1/4) •
424.80	0.7418	& Attunement: Ignite Beacons, Slay
424.80	0.7819	Monsters
424.80	0.8256	Time Bonus: Slay Afflicted Monsters
424.80	0.8649	Reach District Boss before time expires
424.80	0.9192	District Run
425.92	0.0670	Ziggurat District © | 6:37 AM
425.92	0.1168	FLOOR
425.92	0.1538	3/3
425.92	0.2723	5
425.92	0.3247	Z
425.92	0.4699	Normal
425.92	0.5441	Kurast Undercity
425.92	0.5919	III IV
425.92	0.6856	Reward Upgrades (1/4)
425.92	0.7418	& Attunement: Ignite Beacons, Slay
425.92	0.7819	Monsters
425.92	0.8244	2 Time Bonus: Slay Afflicted Monsters
425.92	0.8653	Reach District Boss before time expires •
425.92	0.9192	District Run
426.98	0.0670	Ziggurat District © | 6:37 AM
426.98	0.1168	FLOOR
426.98	0.1538	3/3
426.98	0.4699	Normal
426.98	0.5442	Kurast Undercity I
426.98	0.5919	• IV
426.98	0.6856	Reward Upgrades (1/4)
426.98	0.7426	& Attunement: Ignite Beacons, Slay
426.98	0.7819	Monsters
426.98	0.8247	Time Bonus: Slay Afflicted Monsters
426.98	0.8662	Reach District Boss before time expires •
426.98	0.9192	District Run
428.04	0.0659	Ziggurat District © | 6:37 AN
428.04	0.1168	FLOOR
428.04	0.1538	373
428.04	0.2732	6
428.04	0.4691	Normal
428.04	0.5442	Kurast Undercity I
428.04	0.5919	IV
428.04	0.6856	Reward Upgrades (1/4)
428.04	0.7448	Attunement: Ignite Beacons, Slay
428.04	0.7819	Monsters
428.04	0.8242	- Time Bonus: Slay Afflicted Monsters
428.04	0.8653	Reach District Boss before time expires•
428.04	0.9192	District Run
429.13	0.0658	Ziggurat District © | 6:37 AN
429.13	0.1168	FLOOR
429.13	0.1546	373
429.13	0.2723	5
429.13	0.4691	Normal
429.13	0.5442	Kurast Undercity 1
429.13	0.5919	III IV
429.13	0.6856	Reward Upgrades (1/4)
429.13	0.7448	Attunement: Ignite Beacons, Slay
429.13	0.7819	Monsters
429.13	0.8247	& Time Bonus: Slay Afflicted Monsters
429.13	0.8662	Reach District Boss before time expires•
429.13	0.9192	District Run
430.18	0.0659	Ziggurat District © | 6:37 AN
430.18	0.1168	FLOOR
430.18	0.1538	3/3
430.18	0.2732	4
430.18	0.3247	Z
430.18	0.4699	Normal
430.18	0.5443	Kurast Undercity 1
430.18	0.5919	III IV
430.18	0.6856	Reward Upgrades (1/4)
430.18	0.7417	& Attunement: Ignite Beacons, Slay
430.18	0.7819	Monsters
430.18	0.8247	& Time Bonus: Slay Afflicted Monsters
430.18	0.8646	Reach District Boss before time expires
430.18	0.9202	District Run
431.21	0.0636	› | 6:37 AN
431.21	0.0670	Ziggurat District ©
431.21	0.1168	FLOOR
431.21	0.1538	3/3
431.21	0.2732	3
431.21	0.3256	Z
431.21	0.4691	Normal
431.21	0.5437	Kurast Undercity I
431.21	0.5919	III IV
431.21	0.6856	Reward Upgrades (1/4)
431.21	0.7426	& Attunement: Ignite Beacons, Slay
431.21	0.7819	Monsters
431.21	0.8256	& Time Bonus: Slay Afflicted Monsters
431.21	0.8662	Reach District Boss before time expires •
431.21	0.9202	District Run
432.27	0.0658	Ziggurat District © | 6:37 AN
432.27	0.1168	FLOOR
432.27	0.1538	3/3
432.27	0.2732	3
432.27	0.3256	Z
432.27	0.4691	Normal
432.27	0.5437	Kurast Undercity 1
432.27	0.5919	III IV
432.27	0.6856	Reward Upgrades (1/4)
432.27	0.7426	& Attunement: Ignite Beacons, Slay
432.27	0.7819	Monsters
432.27	0.8244	& Time Bonus: Slay Afflicted Monsters
432.27	0.8655	Reach District Boss before time expires
432.27	0.9192	District Run
433.32	0.0670	Ziggurat District © | 6:37 AM
433.32	0.1168	FLOOR
433.32	0.1538	373
433.32	0.2741	2
433.32	0.4691	Normal
433.32	0.5438	Kurast Undercity
433.32	0.5926	III IV
433.32	0.5945	F
433.32	0.6856	Reward Upgrades (1/4)
433.32	0.7425	& Attunement: Ignite Beacons, Slay
433.32	0.7819	Monsters
433.32	0.8247	Time Bonus: Slay Afflicted Monsters
433.32	0.8676	Reach District Boss before time expires •
433.32	0.9180	District Run fY
434.42	0.0658	Ziggurat District © | 6:37 AN
434.42	0.1168	FLOOR
434.42	0.1538	3/3
434.42	0.2741	2
434.42	0.3247	Z
434.42	0.4691	Normal
434.42	0.5438	Kurast Undercity
434.42	0.5911	IV
434.42	0.6856	Reward Upgrades (1/4) •
434.42	0.7420	& Attunement: Ignite Beacons, Slay
434.42	0.7819	Monsters
434.42	0.8246	Time Bonus: Slay Afflicted Monsters •
434.42	0.8667	Reach District Boss before time expires •
434.42	0.9192	District Run
435.52	0.0670	Ziggurat District ©16:37 AN
435.52	0.1168	FLOOR
435.52	0.1538	3/3
435.52	0.4691	Normal
435.52	0.5438	Kurast Undercity
435.52	0.5919	IV
435.52	0.6856	Reward Upgrades (1/4)
435.52	0.7418	& Attunement: Ignite Beacons, Slay
435.52	0.7809	Monsters
435.52	0.8241	• Time Bonus: Slay Afflicted Monsters
435.52	0.8676	Reach District Boss before time expires •
435.52	0.9192	District Run
436.63	0.0670	Ziggurat District © | 6:37 AM
436.63	0.1160	FLOOR
436.63	0.1546	3/3
436.63	0.4691	Normal
436.63	0.5438	Kurast Undercity
436.63	0.5911	III IV
436.63	0.6856	Reward Upgrades (1/4)
436.63	0.7419	& Attunement: Ignite Beacons, Slay
436.63	0.7819	Monsters
436.63	0.8237	Time Bonus: Slay Afflicted Monsters •
436.63	0.8660	Reach District Boss before time expires •
436.63	0.9192	District Run
437.78	0.0644	| 6:37 AN
437.78	0.0670	Ziggurat District ©
437.78	0.1164	FLOOR
437.78	0.1546	3/3
437.78	0.4691	Normal
437.78	0.5438	Kurast Undercity
437.78	0.5911	IV
437.78	0.6924	District Run
438.84	0.0650	| 6:37 AM
438.84	0.0670	Ziggurat District ©
438.84	0.1160	FLOOR
438.84	0.1546	3/3
438.84	0.4691	Normal
438.84	0.5438	Kurast Undercity
438.84	0.5997	District Run
438.84	0.6074	LE E
439.97	0.0644	]| 6:38 AN
439.97	0.0670	Ziggurat District ©
439.97	0.1168	FLOOR
439.97	0.1546	3/3
439.97	0.4699	Normal
439.97	0.5438	Kurast Undercity
439.97	0.5997	District Run
441.06	0.0644	]| 6:38 AM
441.06	0.0670	Ziggurat District ©
441.06	0.1168	FLOOR
441.06	0.1546	373
441.06	0.4691	Normal
441.06	0.5439	Kurast Undercity
441.06	0.5997	District Run
442.12	0.0659	| 6:38 AM
442.12	0.0670	Ziggurat District ©
442.12	0.1168	FLOOR
442.12	0.1546	373
442.12	0.4691	Normal
442.12	0.5438	Kurast Undercity
442.12	0.5997	District Run
443.20	0.0662	| 6:38 AM
443.20	0.0667	Ziggurat District ©
443.20	0.1168	FLOOR
443.20	0.1546	373
443.20	0.4691	Normal
443.20	0.5431	Kurast Undercity
443.20	0.5997	District Run
444.28	0.0652	| 6:38 AN
444.28	0.0670	Ziggurat District ©
444.28	0.1168	FLOOR
444.28	0.1546	373
444.28	0.4691	Normal
444.28	0.5438	Kurast Undercity
444.28	0.5997	District Run
445.37	0.0654	| 6:38 AN
445.37	0.0670	Ziggurat District ©
445.37	0.1168	FLOOR
445.37	0.1546	373
445.37	0.4691	Normal
445.37	0.5439	Kurast Undercity
445.37	0.5997	District Run I
