0.00	0.0663	Ziggurat District TAB | 5:21 AN
0.00	0.1160	FLOOR
0.00	0.1538	1/3
0.00	0.2727	150
0.00	0.4699	Normal
0.00	0.5438	Kurast Undercity
0.00	0.5919	III IV
0.00	0.6856	Reward Upgrades (0/4) •
0.00	0.7434	& Attunement: Ignite Beacons, Slay
0.00	0.7816	Monsters
0.00	0.8247	Time Bonus: Slay Afflicted Monsters
0.00	0.8668	Reach District Boss before time expires •
0.00	0.9192	District Run
1.14	0.0663	Ziggurat District TAB | 5:21 AN
1.14	0.1160	FLOOR
1.14	0.1538	1/3
1.14	0.2727	150
1.14	0.4699	Normal
1.14	0.5438	Kurast Undercity
1.14	0.5919	III IV
1.14	0.6856	Reward Upgrades (0/4) •
1.14	0.7426	& Attunement: Ignite Beacons, Slay
1.14	0.7816	Monsters
1.14	0.8263	- Time Bonus: Slay Afflicted Monsters
1.14	0.8668	Reach District Boss before time expires *
1.14	0.9192	District Run
2.20	0.0663	Ziggurat District TAB | 5:21 AN
2.20	0.1160	FLOOR
2.20	0.1538	1/3
2.20	0.2727	150
2.20	0.4699	Normal
2.20	0.5438	Kurast Undercity
2.20	0.5919	III IV
2.20	0.6856	Reward Upgrades (0/4)
2.20	0.7426	& Attunement: Ignite Beacons, Slay
2.20	0.7817	Monsters
2.20	0.8263	- Time Bonus: Slay Afflicted Monsters
2.20	0.8668	Reach District Boss before time expires *
2.20	0.9192	District Run
3.36	0.0663	Ziggurat District TAB | 5:21 AN
3.36	0.1160	FLOOR
3.36	0.1538	1/3
3.36	0.2727	150
3.36	0.4699	Normal
3.36	0.5438	Kurast Undercity
3.36	0.5919	III IV
3.36	0.6856	Reward Upgrades (0/4) •
3.36	0.7426	& Attunement: Ignite Beacons, Slay
3.36	0.7816	Monsters
3.36	0.8247	Time Bonus: Slay Afflicted Monsters
3.36	0.8668	Reach District Boss before time expires *
3.36	0.9192	District Run
4.46	0.0663	Ziggurat District TAB | 5:21 AN
4.46	0.1160	FLOOR
4.46	0.1538	1/3
4.46	0.2727	150
4.46	0.4699	Normal
4.46	0.5438	Kurast Undercity
4.46	0.5919	III IV
4.46	0.6856	Reward Upgrades (0/4) •
4.46	0.7426	& Attunement: Ignite Beacons, Slay
4.46	0.7817	Monsters
4.46	0.8247	Time Bonus: Slay Afflicted Monsters
4.46	0.8677	Reach District Boss before time expires •
4.46	0.9192	District Run
5.59	0.0663	Ziggurat District TAB | 5:21 AN
5.59	0.1160	FLOOR
5.59	0.1538	1/3
5.59	0.2727	150
5.59	0.4699	Normal
5.59	0.5438	Kurast Undercity
5.59	0.5919	III IV
5.59	0.6856	Reward Upgrades (0/4) •
5.59	0.7426	& Attunement: Ignite Beacons, Slay
5.59	0.7817	Monsters
5.59	0.8263	- Time Bonus: Slay Afflicted Monsters
5.59	0.8668	Reach District Boss before time expires *
5.59	0.9192	District Run
6.70	0.0647	Ziggurat District © | 5:21 AN
6.70	0.1160	FLOOR
6.70	0.1538	1/3
6.70	0.2723	150
6.70	0.4699	Normal
6.70	0.5438	Kurast Undercity
6.70	0.5911	III IV
6.70	0.6856	Reward Upgrades (0/4)
6.70	0.7400	& Attunement: Ignite Beacons, Slay
6.70	0.7814	Monsters
6.70	0.8263	• Time Bonus: Slay Afflicted Monsters
6.70	0.8686	Reach District Boss before time expires
6.70	0.9180	District Run fY
7.74	0.0658	Ziggurat District © | 5:21 AM
7.74	0.1160	FLOOR
7.74	0.1546	1/3
7.74	0.2723	150
7.74	0.4691	Normal
7.74	0.5438	Kurast Undercity
7.74	0.5911	III IV
7.74	0.6856	Reward Upgrades (0/4) •
7.74	0.7420	& Attunement: Ignite Beacons, Slay
7.74	0.7819	Monsters
7.74	0.8209	- Time Bonus: Slay Afflicted Monsters
7.74	0.8675	Reach District Boss before time expires •
7.74	0.9192	District Run
8.89	0.0653	| 5:21 AM
8.89	0.0670	Ziggurat District ©
8.89	0.1160	FLOOR
8.89	0.1546	1/3
8.89	0.2732	149
8.89	0.4691	Normal
8.89	0.5438	Kurast Undercity
8.89	0.5911	IV
8.89	0.6856	Reward Upgrades (0/4) •
8.89	0.7419	& Attunement: Ignite Beacons, Slay
8.89	0.7819	Monsters
8.89	0.8263	Time Bonus: Slay Afflicted Monsters
8.89	0.8667	Reach District Boss before time expires •
8.89	0.9192	District Run
10.03	0.0653	| 5:21 AN
10.03	0.0670	Ziggurat District
10.03	0.1168	FLOOR
10.03	0.1546	1/3
10.03	0.2732	148
10.03	0.4699	Normal
10.03	0.5438	Kurast Undercity
10.03	0.5911	• IV
10.03	0.6856	Reward Upgrades (0/4)
10.03	0.7410	& Attunement: Ignite Beacons, Slay
10.03	0.7819	Monsters
10.03	0.8287	* Time Bonus: Slay Afflicted Monsters
10.03	0.8675	Reach District Boss before time expires •
10.03	0.9192	District Run
11.15	0.0653	| 5:21 AN
11.15	0.0662	Ziggurat District
11.15	0.1168	FLOOR
11.15	0.1538	1/3
11.15	0.2732	146
11.15	0.4691	Normal
11.15	0.5434	Kurast Undercity 1
11.15	0.5911	IV
11.15	0.6856	Reward Upgrades (0/4)
11.15	0.7410	& Attunement: Ignite Beacons, Slay
11.15	0.7819	Monsters
11.15	0.8226	* Time Bonus: Slay Afflicted Monsters •
11.15	0.8668	Reach District Boss before time expires *
11.15	0.9184	District Run fY
12.44	0.0644	| 5:21 AM
12.44	0.0670	Ziggurat District ©
12.44	0.1164	FLOOR
12.44	0.1538	1/3
12.44	0.2741	145
12.44	0.4691	Normal
12.44	0.5455	Kurast Undercity fa
12.44	0.5919	IV
12.44	0.6856	Reward Upgrades (0/4)
12.44	0.7409	& Attunement: Ignite Beacons, Slay
12.44	0.7819	Monsters
12.44	0.8222	Z Time Bonus: Slay Afflicted Monsters *
12.44	0.8651	Reach District Boss before time expires
12.44	0.9180	District Run f
13.59	0.0644	| 5:21 AM
13.59	0.0670	Ziggurat District G
13.59	0.1164	FLOOR
13.59	0.1538	1/3
13.59	0.2732	144
13.59	0.4691	Normal
13.59	0.5455	Kurast Undercity fa
13.59	0.5911	III IV
13.59	0.6856	Reward Upgrades (0/4)
13.59	0.7409	& Attunement: Ignite Beacons, Slay
13.59	0.7819	Monsters
13.59	0.8253	- Time Bonus: Slay Afflicted Monsters
13.59	0.8647	Reach District Boss before time expires
13.59	0.9180	District Run f
14.71	0.0644	| 5:21 AM
14.71	0.0670	Ziggurat District G
14.71	0.1164	FLOOR
14.71	0.1546	1/3
14.71	0.2732	143
14.71	0.4697	Normal
14.71	0.5455	| Kurast Undercity f
14.71	0.5911	III IV
14.71	0.6856	Reward Upgrades (0/4)
14.71	0.7401	& Attunement: Ignite Beacons, Slay
14.71	0.7819	Monsters
14.71	0.8245	& Time Bonus: Slay Afflicted Monsters
14.71	0.8651	Reach District Boss before time expires
14.71	0.9180	District Run f
15.82	0.0644	| 5:21 AM
15.82	0.0670	Ziggurat District G
15.82	0.1164	FLOOR
15.82	0.1546	1/3
15.82	0.2732	142
15.82	0.4697	Normal
15.82	0.5434	Kurast Undercity f
15.82	0.5902	III IV
15.82	0.6856	Reward Upgrades (0/4)
15.82	0.7410	& Attunement: Ignite Beacons, Slay
15.82	0.7819	Monsters
15.82	0.8245	& Time Bonus: Slay Afflicted Monsters
15.82	0.8649	Reach District Boss before time expires
15.82	0.9180	District Run fY
16.97	0.0644	| 5:21 AM
16.97	0.0670	Ziggurat District G
16.97	0.1164	FLOOR
16.97	0.1546	1/3
16.97	0.2732	141
16.97	0.4697	Normal
16.97	0.5434	Kurast Undercity f
16.97	0.5902	• IV
16.97	0.6856	Reward Upgrades (0/4)
16.97	0.7410	& Attunement: Ignite Beacons, Slay
16.97	0.7819	Monsters
16.97	0.8243	2 Time Bonus: Slay Afflicted Monsters
16.97	0.8643	Reach District Boss before time expires
16.97	0.9180	District Run fY
18.13	0.0653	| 5:21 AN
18.13	0.0670	Ziggurat District G
18.13	0.1164	FLOOR
18.13	0.1546	1/3
18.13	0.2732	139
18.13	0.4691	Normal
18.13	0.5434	Kurast Undercity f
18.13	0.5902	III IV
18.13	0.6856	Reward Upgrades (0/4)
18.13	0.7402	& Attunement: Ignite Beacons, Slay
18.13	0.7819	Monsters
18.13	0.8263	- Time Bonus: Slay Afflicted Monsters
18.13	0.8660	Reach District Boss before time expires
18.13	0.9192	District Run
19.24	0.0644	| 5:21 AM
19.24	0.0670	Ziggurat District G
19.24	0.1168	FLOOR
19.24	0.1546	1/3
19.24	0.2732	138
19.24	0.4699	Normal
19.24	0.5430	Kurast Undercity
19.24	0.5911	IV
19.24	0.6856	Reward Upgrades (0/4)
19.24	0.7401	& Attunement: Ignite Beacons, Slay
19.24	0.7801	Monsters
19.24	0.8264	• Time Bonus: Slay Afflicted Monsters
19.24	0.8676	Reach District Boss before time expires •
19.24	0.9180	District Run f
20.37	0.0653	| 5:21 AM
20.37	0.0662	Ziggurat District
20.37	0.1168	FLOOR
20.37	0.1546	1/3
20.37	0.2732	137
20.37	0.4691	Normal
20.37	0.5438	Kurast Undercity
20.37	0.5911	• IV
20.37	0.6856	Reward Upgrades (0/4)
20.37	0.7448	Attunement: Ignite Beacons, Slay
20.37	0.7819	Monsters
20.37	0.8246	Time Bonus: Slay Afflicted Monsters •
20.37	0.8667	Reach District Boss before time expires •
20.37	0.9192	District Run
21.55	0.0644	| 5:21 AN
21.55	0.0662	Ziggurat District
21.55	0.1168	FLOOR
21.55	0.1546	1/3
21.55	0.2732	136
21.55	0.4691	Normal
21.55	0.5438	Kurast Undercity
21.55	0.5911	III IV
21.55	0.6856	Reward Upgrades (0/4) •
21.55	0.7419	& Attunement: Ignite Beacons, Slay
21.55	0.7814	Monsters
21.55	0.8239	& Time Bonus: Slay Afflicted Monsters
21.55	0.8675	Reach District Boss before time expires •
21.55	0.9192	District Run
22.62	0.0653	| 5:21 AM
22.62	0.0662	Ziggurat District
22.62	0.1168	FLOOR
22.62	0.1546	1/3
22.62	0.2732	135
22.62	0.4691	Normal
22.62	0.5438	Kurast Undercity
22.62	0.5911	III IV
22.62	0.6856	Reward Upgrades (0/4)
22.62	0.7419	& Attunement: Ignite Beacons, Slay
22.62	0.7814	Monsters
22.62	0.8263	- Time Bonus: Slay Afflicted Monsters
22.62	0.8686	Reach District Boss before time expires
22.62	0.9192	District Run
23.69	0.0653	| 5:21 AN
23.69	0.0662	Ziggurat District
23.69	0.1164	FLOOR
23.69	0.1538	1/3
23.69	0.2732	134
23.69	0.4691	Normal
23.69	0.5438	Kurast Undercity
23.69	0.5911	III - IV
23.69	0.6856	Reward Upgrades (0/4)
23.69	0.7441	& Attunement: Ignite Beacons, Slay
23.69	0.7819	Monsters
23.69	0.8239	Time Bonus: Slay Afflicted Monsters
23.69	0.8668	Reach District Boss before time expires •
23.69	0.9192	District Run
24.78	0.0653	| 5:21 AM
24.78	0.0662	Ziggurat District
24.78	0.1168	FLOOR
24.78	0.1546	1/3
24.78	0.2732	133
24.78	0.4691	Normal
24.78	0.5438	Kurast Undercity
24.78	0.5911	IV
24.78	0.6856	Reward Upgrades (0/4) •
24.78	0.7432	& Attunement: Ignite Beacons, Slay
24.78	0.7819	Monsters
24.78	0.8237	Time Bonus: Slay Afflicted Monsters *
24.78	0.8668	Reach District Boss before time expires •
24.78	0.9192	District Run
25.87	0.0653	| 5:21 AM
25.87	0.0662	Ziggurat District
25.87	0.1168	FLOOR
25.87	0.1538	1/3
25.87	0.2732	132
25.87	0.4691	Normal
25.87	0.5438	Kurast Undercity
25.87	0.5911	• IV
25.87	0.6856	Reward Upgrades (0/4) •
25.87	0.7426	& Attunement: Ignite Beacons, Slay
25.87	0.7819	Monsters
25.87	0.8237	Time Bonus: Slay Afflicted Monsters •
25.87	0.8668	Reach District Boss before time expires •
25.87	0.9192	District Run
26.98	0.0653	| 5:21 AM
26.98	0.0662	Ziggurat District
26.98	0.1168	FLOOR
26.98	0.1546	1/3
26.98	0.2732	131
26.98	0.4691	Normal
26.98	0.5438	Kurast Undercity
26.98	0.5911	III IV
26.98	0.6856	Reward Upgrades (0/4) •
26.98	0.7426	& Attunement: Ignite Beacons, Slay
26.98	0.7819	Monsters
26.98	0.8263	Time Bonus: Slay Afflicted Monsters
26.98	0.8668	Reach District Boss before time expires *
26.98	0.9180	District Run fY
28.15	0.0653	| 5:21 AN
28.15	0.0662	Ziggurat District
28.15	0.1168	FLOOR
28.15	0.1546	1/3
28.15	0.2741	129
28.15	0.4691	Normal
28.15	0.5438	Kurast Undercity
28.15	0.5911	• IV
28.15	0.6856	Reward Upgrades (0/4) •
28.15	0.7441	& Attunement: Ignite Beacons, Slay
28.15	0.7819	Monsters
28.15	0.8263	Time Bonus: Slay Afflicted Monsters
28.15	0.8676	Reach District Boss before time expires •
28.15	0.9180	District Run fY
29.25	0.0653	| 5:21 AM
29.25	0.0662	Ziggurat District
29.25	0.1168	FLOOR
29.25	0.1538	1/3
29.25	0.2732	128
29.25	0.4699	Normal
29.25	0.5438	Kurast Undercity
29.25	0.5911	• IV
29.25	0.6856	Reward Upgrades (0/4) •
29.25	0.7448	Attunement: Ignite Beacons, Slay
29.25	0.7814	Monsters
29.25	0.8263	Time Bonus: Slay Afflicted Monsters
29.25	0.8676	Reach District Boss before time expires •
29.25	0.9192	District Run
30.35	0.0653	| 5:21 AN
30.35	0.0662	Ziggurat District
30.35	0.1168	FLOOR
30.35	0.1546	1/3
30.35	0.2732	127
30.35	0.4699	Normal
30.35	0.5438	Kurast Undercity
30.35	0.5911	• IV
30.35	0.6856	Reward Upgrades (0/4) •
30.35	0.7441	& Attunement: Ignite Beacons, Slay
30.35	0.7814	Monsters
30.35	0.8263	Time Bonus: Slay Afflicted Monsters
30.35	0.8676	Reach District Boss before time expires •
30.35	0.9180	District Run f
31.43	0.0644	| 5:21 AN
31.43	0.0662	Ziggurat District
31.43	0.1168	FLOOR
31.43	0.1546	1/3
31.43	0.2741	126
31.43	0.4699	Normal
31.43	0.5438	Kurast Undercity
31.43	0.5911	IV
31.43	0.6856	Reward Upgrades (0/4) •
31.43	0.7448	Attunement: Ignite Beacons, Slay
31.43	0.7814	Monsters
31.43	0.8170	→
31.43	0.8263	Time Bonus: Slay Afflicted Monsters
31.43	0.8676	Reach District Boss before time expires •
31.43	0.9179	District Run y
32.48	0.0653	| 5:21 AM
32.48	0.0662	Ziggurat District
32.48	0.1168	FLOOR
32.48	0.1546	1/3
32.48	0.2732	125
32.48	0.4691	Normal
32.48	0.5438	Kurast Undercity
32.48	0.5911	IV
32.48	0.6856	Reward Upgrades (0/4) •
32.48	0.7441	& Attunement: Ignite Beacons, Slay
32.48	0.7814	Monsters
32.48	0.8237	Time Bonus: Slay Afflicted Monsters •
32.48	0.8676	Reach District Boss before time expires •
32.48	0.9180	District Run f
33.58	0.0653	| 5:21 AM
33.58	0.0662	Ziggurat District
33.58	0.1168	FLOOR
33.58	0.1546	1/3
33.58	0.2741	124
33.58	0.4691	Normal
33.58	0.5438	Kurast Undercity
33.58	0.5911	• IV
33.58	0.6856	Reward Upgrades (0/4) •
33.58	0.7441	& Attunement: Ignite Beacons, Slay
33.58	0.7819	Monsters
33.58	0.8263	Time Bonus: Slay Afflicted Monsters
33.58	0.8673	Reach District Boss before time expires
33.58	0.9180	District Run f
34.70	0.0653	0|5:21 AM
34.70	0.0670	Ziggurat District E
34.70	0.1160	FLOOR
34.70	0.1538	1/3
34.70	0.2732	123
34.70	0.4691	Normal
34.70	0.5437	Kurast Undercity 1
34.70	0.5911	III IV
34.70	0.6856	Reward Upgrades (0/4)
34.70	0.7400	& Attunement: Ignite Beacons, Slay
34.70	0.7807	Monsters
34.70	0.8247	- Time Bonus: Slay Afflicted Monsters
34.70	0.8659	Reach District Boss before time expires
34.70	0.9180	District Run fY
35.87	0.0644	1 5:21 AM
35.87	0.0662	Ziggurat District C
35.87	0.1160	FLOOR
35.87	0.1538	1/3
35.87	0.2732	122
35.87	0.4691	Normal
35.87	0.5439	Kurast Undercity
35.87	0.5911	IV
35.87	0.6856	Reward Upgrades (0/4) •
35.87	0.7419	& Attunement: Ignite Beacons, Slay
35.87	0.7809	Monsters
35.87	0.8256	Time Bonus: Slay Afflicted Monsters
35.87	0.8667	Reach District Boss before time expires •
35.87	0.9192	District Run
35.87	0.9674	Vengeful Spirit
37.02	0.0653	| 5:21 AN
37.02	0.0670	Ziggurat District ©
37.02	0.1160	FLOOR
37.02	0.1546	1/3
37.02	0.2741	120
37.02	0.4691	Normal
37.02	0.5438	Kurast Undercity
37.02	0.5919	IV
37.02	0.6856	Reward Upgrades (0/4) •
37.02	0.7426	& Attunement: Ignite Beacons, Slay
37.02	0.7819	Monsters
37.02	0.8263	Time Bonus: Slay Afflicted Monsters
37.02	0.8668	Reach District Boss before time expires
37.02	0.9192	District Run
38.16	0.0653	| 5:21 AN
38.16	0.0670	Ziggurat District
38.16	0.1168	FLOOR
38.16	0.1546	1/3
38.16	0.2732	119
38.16	0.4691	Normal
38.16	0.5438	Kurast Undercity
38.16	0.5919	IV
38.16	0.6856	Reward Upgrades (0/4) •
38.16	0.7411	& Attunement: Ignite Beacons, Slay
38.16	0.7819	Monsters
38.16	0.8247	Time Bonus: Slay Afflicted Monsters
38.16	0.8668	Reach District Boss before time expires •
38.16	0.9192	District Run
39.27	0.0653	| 5:21 AM
39.27	0.0670	Ziggurat District G
39.27	0.1160	FLOOR
39.27	0.1546	1/3
39.27	0.2732	118
39.27	0.4691	Normal
39.27	0.5438	Kurast Undercity
39.27	0.5919	JOS
39.27	0.5919	I IV
39.27	0.6856	Reward Upgrades (0/4)
39.27	0.7418	& Attunement: Ignite Beacons, Slay
39.27	0.7819	Monsters
39.27	0.8247	Time Bonus: Slay Afflicted Monsters
39.27	0.8676	Reach District Boss before time expires •
39.27	0.9180	District Run fa
40.43	0.0655	Ziggurat District © | 5:21 AM
40.43	0.1164	FLOOR
40.43	0.1538	1/3
40.43	0.2732	117
40.43	0.4699	Normal
40.43	0.5439	Kurast Undercity
40.43	0.5911	III IV
40.43	0.6856	Reward Upgrades (0/4)
40.43	0.7363	hee
40.43	0.7418	& Attunement: Ignite Beacons, Slay
40.43	0.7814	Monsters
40.43	0.8245	& Time Bonus: Slay Afflicted Monsters
40.43	0.8677	Reach District Boss before time expires •
40.43	0.9192	District Run
41.55	0.0670	Ziggurat District © | 5:21 AM
41.55	0.1164	FLOOR
41.55	0.1538	1/3
41.55	0.2732	116
41.55	0.4691	Normal
41.55	0.5438	Kurast Undercity
41.55	0.5919	IV
41.55	0.6856	Reward Upgrades (0/4) •
41.55	0.7419	& Attunement: Ignite Beacons, Slay
41.55	0.7819	Monsters
41.55	0.8247	Time Bonus: Slay Afflicted Monsters
41.55	0.8667	Reach District Boss before time expires •
41.55	0.9192	District Run
42.71	0.0653	| 5:21 AM
42.71	0.0670	Ziggurat District ©
42.71	0.1160	FLOOR
42.71	0.1546	1/3
42.71	0.2741	115
42.71	0.4691	Normal
42.71	0.5438	Kurast Undercity
42.71	0.5793	Moon Lord
42.71	0.5911	IV
42.71	0.6856	Reward Upgrades (0/4) •
42.71	0.7426	& Attunement: Ignite Beacons, Slay
42.71	0.7819	Monsters
42.71	0.8209	• Time Bonus: Slay Afflicted Monsters
42.71	0.8667	Reach District Boss before time expires •
42.71	0.9192	District Run
43.85	0.0653	| 5:21 AN
43.85	0.0662	Ziggurat District
43.85	0.1160	FLOOR
43.85	0.1546	1/3
43.85	0.2732	114
43.85	0.4699	Normal
43.85	0.5438	Kurast Undercity
43.85	0.5911	• IV
43.85	0.6856	Reward Upgrades (0/4) •
43.85	0.7434	& Attunement: Ignite Beacons, Slay
43.85	0.7819	Monsters
43.85	0.8209	Time Bonus: Slay Afflicted Monsters
43.85	0.8667	Reach District Boss before time expires •
43.85	0.9192	District Run
45.01	0.0653	| 5:21 AN
45.01	0.0670	Ziggurat District ©
45.01	0.1160	FLOOR
45.01	0.1546	1/3
45.01	0.2741	112
45.01	0.4691	Normal
45.01	0.5438	Kurast Undercity
45.01	0.5919	IV
45.01	0.6856	Reward Upgrades (0/4) •
45.01	0.7420	& Attunement: Ignite Beacons, Slay
45.01	0.7819	Monsters
45.01	0.8256	Time Bonus: Slay Afflicted Monsters
45.01	0.8667	Reach District Boss before time expires •
45.01	0.9192	District Run
46.14	0.0653	| 5:21 AN
46.14	0.0670	Ziggurat District G
46.14	0.1160	FLOOR
46.14	0.1546	1/3
46.14	0.2732	111
46.14	0.4691	Normal
46.14	0.5438	Kurast Undercity
46.14	0.5911	IV
46.14	0.6856	Reward Upgrades (0/4) •
46.14	0.7410	& Attunement: Ignite Beacons, Slay
46.14	0.7819	Monsters
46.14	0.8247	Time Bonus: Slay Afflicted Monsters
46.14	0.8686	Reach District Boss before time expires
46.14	0.9192	District Run
47.23	0.0653	| 5:21 AN
47.23	0.0662	Ziggurat District
47.23	0.1160	FLOOR
47.23	0.1546	1/3
47.23	0.2741	110
47.23	0.4691	Normal
47.23	0.5438	Kurast Undercity
47.23	0.5919	IV
47.23	0.6856	Reward Upgrades (0/4) •
47.23	0.7420	& Attunement: Ignite Beacons, Slay
47.23	0.7819	Monsters
47.23	0.8263	Time Bonus: Slay Afflicted Monsters
47.23	0.8667	Reach District Boss before time expires •
47.23	0.9192	District Run
48.34	0.0653	| 5:21 AN
48.34	0.0670	Ziggurat District G
48.34	0.1160	FLOOR
48.34	0.1546	1/3
48.34	0.2732	109
48.34	0.4691	Normal
48.34	0.5438	Kurast Undercity
48.34	0.5919	IV
48.34	0.6856	Reward Upgrades (0/4) •
48.34	0.7419	& Attunement: Ignite Beacons, Slay
48.34	0.7819	Monsters
48.34	0.8256	Time Bonus: Slay Afflicted Monsters
48.34	0.8667	Reach District Boss before time expires •
48.34	0.9192	District Run
49.48	0.0653	| 5:21 AN
49.48	0.0670	Ziggurat District G
49.48	0.1160	FLOOR
49.48	0.1546	1/3
49.48	0.2732	108
49.48	0.4691	Normal
49.48	0.5438	Kurast Undercity
49.48	0.5911	III IV
49.48	0.6856	Reward Upgrades (0/4) •
49.48	0.7420	& Attunement: Ignite Beacons, Slay
49.48	0.7819	Monsters
49.48	0.8256	Time Bonus: Slay Afflicted Monsters
49.48	0.8668	Reach District Boss before time expires
49.48	0.9192	District Run
50.63	0.0653	| 5:21 AM
50.63	0.0670	Ziggurat District ©
50.63	0.1160	FLOOR
50.63	0.1546	1/3
50.63	0.2723	107
50.63	0.4691	Normal
50.63	0.5438	Kurast Undercity
50.63	0.5911	IV
50.63	0.6856	Reward Upgrades (0/4) •
50.63	0.7419	& Attunement: Ignite Beacons, Slay
50.63	0.7809	Monsters
50.63	0.8256	Time Bonus: Slay Afflicted Monsters
50.63	0.8686	Reach District Boss before time expires
50.63	0.9192	District Run
51.71	0.0644	| 5:21 AM
51.71	0.0670	Ziggurat District ©
51.71	0.1160	FLOOR
51.71	0.1546	1/3
51.71	0.2732	106
51.71	0.4691	Normal
51.71	0.5438	Kurast Undercity
51.71	0.5919	IV
51.71	0.6856	Reward Upgrades (0/4) •
51.71	0.7411	& Attunement: Ignite Beacons, Slay
51.71	0.7819	Monsters
51.71	0.8187	Time Bonus: Slay Afflicted Monsters
51.71	0.8675	Reach District Boss before time expires •
51.71	0.9192	District Run
52.78	0.0644	| 5:21 AM
52.78	0.0670	Ziggurat District ©
52.78	0.1160	FLOOR
52.78	0.1546	1/3
52.78	0.2732	105
52.78	0.4691	Normal
52.78	0.5438	Kurast Undercity
52.78	0.5919	IV
52.78	0.6856	Reward Upgrades (0/4) •
52.78	0.7412	& Attunement: Ignite Beacons, Slay
52.78	0.7819	Monsters
52.78	0.8209	• Time Bonus: Slay Afflicted Monsters
52.78	0.8675	Reach District Boss before time expires •
52.78	0.9192	District Run
53.92	0.0653	| 5:21 AN
53.92	0.0670	Ziggurat District G
53.92	0.1160	FLOOR
53.92	0.1546	1/3
53.92	0.2732	104
53.92	0.4691	Normal
53.92	0.5438	Kurast Undercity
53.92	0.5911	IV
53.92	0.6856	Reward Upgrades (0/4) •
53.92	0.7420	& Attunement: Ignite Beacons, Slay
53.92	0.7819	Monsters
53.92	0.8256	Time Bonus: Slay Afflicted Monsters
53.92	0.8667	Reach District Boss before time expires •
53.92	0.9192	District Run
55.07	0.0653	| 5:21 AN
55.07	0.0670	Ziggurat District G
55.07	0.1164	FLOOR
55.07	0.1546	1/3
55.07	0.2723	102
55.07	0.4691	Normal
55.07	0.5438	Kurast Undercity
55.07	0.5919	IV
55.07	0.6856	Reward Upgrades (0/4) •
55.07	0.7419	& Attunement: Ignite Beacons, Slay
55.07	0.7818	Monsters
55.07	0.8256	Time Bonus: Slay Afflicted Monsters
55.07	0.8676	Reach District Boss before time expires •
55.07	0.9192	District Run
56.16	0.0653	| 5:21 AN
56.16	0.0662	Ziggurat District
56.16	0.1164	FLOOR
56.16	0.1546	1/3
56.16	0.2723	101
56.16	0.4691	Normal
56.16	0.5438	Kurast Undercity
56.16	0.5919	IV
56.16	0.6856	Reward Upgrades (0/4) •
56.16	0.7419	& Attunement: Ignite Beacons, Slay
56.16	0.7819	Monsters
56.16	0.8256	Time Bonus: Slay Afflicted Monsters
56.16	0.8668	Reach District Boss before time expires
56.16	0.9192	District Run
57.22	0.0653	| 5:21 AN
57.22	0.0662	Ziggurat District
57.22	0.1160	FLOOR
57.22	0.1546	1/3
57.22	0.2723	100
57.22	0.4699	Normal
57.22	0.5430	Kurast Undercity
57.22	0.5911	IV
57.22	0.6856	Reward Upgrades (0/4) •
57.22	0.7426	& Attunement: Ignite Beacons, Slay
57.22	0.7809	Monsters
57.22	0.8250	- Time Bonus: Slay Afflicted Monsters
57.22	0.8667	Reach District Boss before time expires •
57.22	0.9192	District Run
58.33	0.0653	| 5:21 AN
58.33	0.0670	Ziggurat District G
58.33	0.1160	FLOOR
58.33	0.1546	1/3
58.33	0.2732	99
58.33	0.4691	Normal
58.33	0.5430	Kurast Undercity
58.33	0.5911	III IV
58.33	0.6856	Reward Upgrades (0/4) •
58.33	0.7419	& Attunement: Ignite Beacons, Slay
58.33	0.7819	Monsters
58.33	0.8262	Time Bonus: Slay Afflicted Monsters
58.33	0.8667	Reach District Boss before time expires •
58.33	0.9192	District Run
59.47	0.0658	Ziggurat District © | 5:22 AN
59.47	0.1160	FLOOR
59.47	0.1538	1/3
59.47	0.2732	98
59.47	0.4691	Normal
59.47	0.5438	Kurast Undercity
59.47	0.5926	III IV
59.47	0.6856	Reward Upgrades (0/4) •
59.47	0.7402	& Attunement: Ignite Beacons, Slay
59.47	0.7819	Monsters
59.47	0.8238	- Time Bonus: Slay Afflicted Monsters
59.47	0.8646	Reach District Boss before time expires *
59.47	0.9190	District Run fy
60.66	0.0658	Ziggurat District © | 5:22 AN
60.66	0.1168	FLOOR
60.66	0.1546	1/3
60.66	0.2732	118
60.66	0.4699	Normal
60.66	0.5434	Kurast Undercity 1
60.66	0.5911	III IV
60.66	0.6856	Reward Upgrades (0/4) •
60.66	0.7434	& Attunement: Ignite Beacons, Slay
60.66	0.7819	Monsters
60.66	0.8263	Time Bonus: Slay Afflicted Monsters
60.66	0.8686	Reach District Boss before time expires
60.66	0.9192	District Run
61.77	0.0658	Ziggurat District © | 5:22 AN
61.77	0.1168	FLOOR
61.77	0.1546	1/3
61.77	0.2741	120
61.77	0.4691	Normal
61.77	0.5434	Kurast Undercity f
61.77	0.5911	III IV
61.77	0.6856	Reward Upgrades (0/4)
61.77	0.7409	& Attunement: Ignite Beacons, Slay
61.77	0.7819	Monsters
61.77	0.8256	Time Bonus: Slay Afflicted Monsters
61.77	0.8676	Reach District Boss before time expires •
61.77	0.9192	District Run
62.85	0.0658	Ziggurat District © | 5:22 AN
62.85	0.1168	FLOOR
62.85	0.1546	1/3
62.85	0.2732	125
62.85	0.4691	Normal
62.85	0.5430	Kurast Undercity
62.85	0.5911	III IV
62.85	0.6856	Reward Upgrades (0/4)
62.85	0.7418	& Attunement: Ignite Beacons, Slay
62.85	0.7819	Monsters
62.85	0.8262	Time Bonus: Slay Afflicted Monsters
62.85	0.8676	Reach District Boss before time expires •
62.85	0.9192	District Run
63.98	0.0658	Ziggurat District © | 5:22 AN
63.98	0.1168	FLOOR
63.98	0.1546	1/3
63.98	0.2732	124
63.98	0.4691	Normal
63.98	0.5434	Kurast Undercity f
63.98	0.5911	III IV
63.98	0.6856	Reward Upgrades (0/4)
63.98	0.7400	& Attunement: Ignite Beacons, Slay
63.98	0.7819	Monsters
63.98	0.8256	Time Bonus: Slay Afflicted Monsters
63.98	0.8667	Reach District Boss before time expires •
63.98	0.9192	District Run
65.07	0.0658	Ziggurat District © | 5:22 AN
65.07	0.1168	FLOOR
65.07	0.1538	1/3
65.07	0.2732	122
65.07	0.4691	Normal
65.07	0.5438	Kurast Undercity
65.07	0.5911	SIV
65.07	0.6856	Reward Upgrades (0/4) •
65.07	0.7419	& Attunement: Ignite Beacons, Slay
65.07	0.7819	Monsters
65.07	0.8263	- Time Bonus: Slay Afflicted Monsters
65.07	0.8668	Reach District Boss before time expires •
65.07	0.9192	District Run
66.21	0.0658	Ziggurat District © | 5:22 AN
66.21	0.1168	FLOOR
66.21	0.1538	1/3
66.21	0.2732	121
66.21	0.4691	Normal
66.21	0.5438	Kurast Undercity
66.21	0.5911	• IV
66.21	0.6856	Reward Upgrades (0/4) •
66.21	0.7410	& Attunement: Ignite Beacons, Slay
66.21	0.7819	Monsters
66.21	0.8262	Time Bonus: Slay Afflicted Monsters
66.21	0.8667	Reach District Boss before time expires •
66.21	0.9192	District Run
67.29	0.0670	Ziggurat District © | 5:22 AM
67.29	0.1168	FLOOR
67.29	0.1546	1/3
67.29	0.2741	120
67.29	0.4691	Normal
67.29	0.5438	Kurast Undercity
67.29	0.5911	IV
67.29	0.6856	Reward Upgrades (0/4) •
67.29	0.7448	Attunement: Ignite Beacons, Slay
67.29	0.7819	Monsters
67.29	0.8263	Time Bonus: Slay Afflicted Monsters
67.29	0.8668	Reach District Boss before time expires *
67.29	0.9192	District Run
68.33	0.0658	Ziggurat District © | 5:22 AN
68.33	0.1168	FLOOR
68.33	0.1546	1/3
68.33	0.2741	119
68.33	0.4691	Normal
68.33	0.5438	Kurast Undercity
68.33	0.5911	IV
68.33	0.6856	Reward Upgrades (0/4) •
68.33	0.7448	Attunement: Ignite Beacons, Slay
68.33	0.7819	Monsters
68.33	0.8256	Time Bonus: Slay Afflicted Monsters
68.33	0.8668	Reach District Boss before time expires •
68.33	0.9192	District Run
69.39	0.0658	Ziggurat District © | 5:22 AN
69.39	0.1168	FLOOR
69.39	0.1538	1/3
69.39	0.2741	118
69.39	0.4691	Normal
69.39	0.5438	Kurast Undercity
69.39	0.5911	IV
69.39	0.6856	Reward Upgrades (0/4) •
69.39	0.7440	Attunement: Ignite Beacons, Slay
69.39	0.7809	Monsters
69.39	0.8247	Time Bonus: Slay Afflicted Monsters
69.39	0.8667	Reach District Boss before time expires •
69.39	0.9192	District Run
70.50	0.0658	Ziggurat District © | 5:22 AN
70.50	0.1168	FLOOR
70.50	0.1546	1/3
70.50	0.2732	117
70.50	0.4691	Normal
70.50	0.5438	Kurast Undercity
70.50	0.5911	IV
70.50	0.6856	Reward Upgrades (0/4) •
70.50	0.7448	Attunement: Ignite Beacons, Slay
70.50	0.7819	Monsters
70.50	0.8247	Time Bonus: Slay Afflicted Monsters
70.50	0.8667	Reach District Boss before time expires •
70.50	0.9192	District Run
71.63	0.0658	Ziggurat District © | 5:22 AN
71.63	0.1168	FLOOR
71.63	0.1546	1/3
71.63	0.2741	116
71.63	0.4691	Normal
71.63	0.5438	Kurast Undercity
71.63	0.5919	IV
71.63	0.6856	Reward Upgrades (0/4) •
71.63	0.7440	Attunement: Ignite Beacons, Slay
71.63	0.7809	Monsters
71.63	0.8209	• Time Bonus: Slay Afflicted Monsters
71.63	0.8667	Reach District Boss before time expires •
71.63	0.9192	District Run
72.68	0.0658	Ziggurat District © | 5:22 AN
72.68	0.1168	FLOOR
72.68	0.1546	1/3
72.68	0.2741	115
72.68	0.4691	Normal
72.68	0.5438	Kurast Undercity
72.68	0.5919	IV
72.68	0.6856	Reward Upgrades (0/4) •
72.68	0.7441	& Attunement: Ignite Beacons, Slay
72.68	0.7819	Monsters
72.68	0.8209	Time Bonus: Slay Afflicted Monsters
72.68	0.8668	Reach District Boss before time expires •
72.68	0.9192	District Run
73.81	0.0658	Ziggurat District © | 5:22 AM
73.81	0.1168	FLOOR
73.81	0.1538	1/3
73.81	0.2732	114
73.81	0.4691	Normal
73.81	0.5438	Kurast Undercity
73.81	0.5911	III IV
73.81	0.6856	Reward Upgrades (0/4) •
73.81	0.7426	& Attunement: Ignite Beacons, Slay
73.81	0.7819	Monsters
73.81	0.8256	Time Bonus: Slay Afflicted Monsters
73.81	0.8675	Reach District Boss before time expires •
73.81	0.9192	District Run
74.92	0.0658	Ziggurat District © | 5:22 AN
74.92	0.1160	FLOOR
74.92	0.1538	1/3
74.92	0.2732	113
74.92	0.4691	Normal
74.92	0.5438	Kurast Undercity
74.92	0.5911	- IV
74.92	0.6856	Reward Upgrades (0/4) •
74.92	0.7418	& Attunement: Ignite Beacons, Slay
74.92	0.7819	Monsters
74.92	0.8247	Time Bonus: Slay Afflicted Monsters
74.92	0.8668	Reach District Boss before time expires •
74.92	0.9192	District Run
75.99	0.0658	Ziggurat District © | 5:22 AN
75.99	0.1168	FLOOR
75.99	0.1538	1/3
75.99	0.2732	112
75.99	0.4691	Normal
75.99	0.5438	Kurast Undercity
75.99	0.5911	IV
75.99	0.6856	Reward Upgrades (0/4) •
75.99	0.7417	& Attunement: Ignite Beacons, Slay
75.99	0.7819	Monsters
75.99	0.8263	Time Bonus: Slay Afflicted Monsters
75.99	0.8667	Reach District Boss before time expires •
75.99	0.9192	District Run
77.06	0.0644	› | 5:22 AM
77.06	0.0670	Ziggurat District ©
77.06	0.1168	FLOOR
77.06	0.1538	1/3
77.06	0.2741	110
77.06	0.4691	Normal
77.06	0.5438	Kurast Undercity
77.06	0.5911	IV
77.06	0.6856	Reward Upgrades (0/4) •
77.06	0.7441	& Attunement: Ignite Beacons, Slay
77.06	0.7819	Monsters
77.06	0.8263	Time Bonus: Slay Afflicted Monsters
77.06	0.8667	Reach District Boss before time expires •
77.06	0.9192	District Run
78.13	0.0658	Ziggurat District © | 5:22 AN
78.13	0.1168	FLOOR
78.13	0.1546	1/3
78.13	0.2732	109
78.13	0.4691	Normal
78.13	0.5438	Kurast Undercity
78.13	0.5911	IV
78.13	0.6856	Reward Upgrades (0/4) •
78.13	0.7418	& Attunement: Ignite Beacons, Slay
78.13	0.7819	Monsters
78.13	0.8263	- Time Bonus: Slay Afflicted Monsters
78.13	0.8668	Reach District Boss before time expires *
78.13	0.9192	District Run
79.25	0.0658	Ziggurat District © | 5:22 AN
79.25	0.1160	FLOOR
79.25	0.1546	1/3
79.25	0.2732	108
79.25	0.4699	Normal
79.25	0.5438	Kurast Undercity
79.25	0.5911	III IV
79.25	0.6856	Reward Upgrades (0/4) •
79.25	0.7410	& Attunement: Ignite Beacons, Slay
79.25	0.7809	Monsters
79.25	0.8256	Time Bonus: Slay Afflicted Monsters
79.25	0.8651	Reach District Boss before time expires
79.25	0.9202	District Run
80.34	0.0658	Ziggurat District © | 5:22 AN
80.34	0.1160	FLOOR
80.34	0.1546	1/3
80.34	0.2723	107
80.34	0.4691	Normal
80.34	0.5438	Kurast Undercity
80.34	0.5911	IV
80.34	0.6856	Reward Upgrades (0/4)
80.34	0.7419	& Attunement: Ignite Beacons, Slay
80.34	0.7819	Monsters
80.34	0.8248	- Time Bonus: Slay Afflicted Monsters
80.34	0.8668	Reach District Boss before time expires *
80.34	0.9192	District Run
81.43	0.0658	Ziggurat District © | 5:22 AN
81.43	0.1160	FLOOR
81.43	0.1546	1/3
81.43	0.2732	106
81.43	0.4699	Normal
81.43	0.5438	Kurast Undercity
81.43	0.5919	IV
81.43	0.6856	Reward Upgrades (0/4) •
81.43	0.7412	& Attunement: Ignite Beacons, Slay
81.43	0.7808	Monsters
81.43	0.8247	Time Bonus: Slay Afflicted Monsters
81.43	0.8676	Reach District Boss before time expires •
81.43	0.9192	District Run
82.53	0.0658	Ziggurat District © | 5:22 AN
82.53	0.1160	FLOOR
82.53	0.1546	1/3
82.53	0.2728	105
82.53	0.4697	Normal
82.53	0.5452	Kurast Undercity 1
82.53	0.5925	III IV
82.53	0.6856	Reward Upgrades (0/4) •
82.53	0.7419	& Attunement: Ignite Beacons, Slay
82.53	0.7819	Monsters
82.53	0.8263	• Time Bonus: Slay Afflicted Monsters
82.53	0.8668	Reach District Boss before time expires *
82.53	0.9192	District Run
83.60	0.0670	Ziggurat District © | 5:22 AM
83.60	0.1160	FLOOR
83.60	0.1546	1/3
83.60	0.2732	104
83.60	0.4691	Normal
83.60	0.5438	Kurast Undercity
83.60	0.5919	IV
83.60	0.6856	Reward Upgrades (0/4)
83.60	0.7410	& Attunement: Ignite Beacons, Slay
83.60	0.7819	Monsters
83.60	0.8263	Time Bonus: Slay Afflicted Monsters
83.60	0.8668	Reach District Boss before time expires *
83.60	0.9180	District Run fa
84.73	0.0670	Ziggurat District © | 5:22 AM
84.73	0.1160	FLOOR
84.73	0.1546	1/3
84.73	0.2723	103
84.73	0.4691	Normal
84.73	0.5438	Kurast Undercity
84.73	0.5911	IV
84.73	0.6856	Reward Upgrades (0/4) •
84.73	0.7427	& Attunement: Ignite Beacons, Slay
84.73	0.7819	Monsters
84.73	0.8256	Time Bonus: Slay Afflicted Monsters
84.73	0.8667	Reach District Boss before time expires •
84.73	0.9192	District Run
85.80	0.0670	Ziggurat District © | 5:22 AM
85.80	0.1160	FLOOR
85.80	0.1538	1/3
85.80	0.2723	102
85.80	0.4691	Normal
85.80	0.5438	Kurast Undercity
85.80	0.5911	III IV
85.80	0.6856	Reward Upgrades (0/4)
85.80	0.7419	& Attunement: Ignite Beacons, Slay
85.80	0.7819	Monsters
85.80	0.8239	- Time Bonus: Slay Afflicted Monsters
85.80	0.8668	Reach District Boss before time expires *
85.80	0.9192	District Run
86.90	0.0653	› | 5:22 AN
86.90	0.0670	Ziggurat District ©
86.90	0.1153	FLOOR
86.90	0.1546	1/3
86.90	0.2723	101
86.90	0.4691	Normal
86.90	0.5438	Kurast Undercity
86.90	0.5911	IV
86.90	0.6856	Reward Upgrades (0/4)
86.90	0.7418	& Attunement: Ignite Beacons, Slay
86.90	0.7819	Monsters
86.90	0.8253	& Time Bonus: Slay Afflicted Monsters
86.90	0.8652	Reach District Boss before time expires
86.90	0.9192	District Run
88.01	0.0653	| 5:22 AN
88.01	0.0670	Ziggurat District G
88.01	0.1161	FLOOR
88.01	0.1546	1/3
88.01	0.2732	99
88.01	0.4699	Normal
88.01	0.5441	Kurast Undercity
88.01	0.5911	IV
88.01	0.6856	Reward Upgrades (0/4) •
88.01	0.7409	& Attunement: Ignite Beacons, Slay
88.01	0.7819	Monsters
88.01	0.8242	& Time Bonus: Slay Afflicted Monsters
88.01	0.8660	Reach District Boss before time expires
88.01	0.9180	District Run fY
89.10	0.0670	Ziggurat District © | 5:22 AM
89.10	0.1158	FLOOR
89.10	0.1538	1/3
89.10	0.2732	98
89.10	0.4699	Normal
89.10	0.5455	Kurast Undercity fa
89.10	0.5926	III IV
89.10	0.6856	Reward Upgrades (0/4)
89.10	0.7401	& Attunement: Ignite Beacons, Slay
89.10	0.7819	Monsters
89.10	0.8209	• Time Bonus: Slay Afflicted Monsters
89.10	0.8668	Reach District Boss before time expires *
89.10	0.9192	District Run
90.14	0.0658	Ziggurat District © | 5:22 AN
90.14	0.1160	FLOOR
90.14	0.1546	1/3
90.14	0.2723	97
90.14	0.4699	Normal
90.14	0.5439	Kurast Undercity
90.14	0.5911	IV
90.14	0.6856	Reward Upgrades (0/4) •
90.14	0.7440	Attunement: Ignite Beacons, Slay
90.14	0.7809	Monsters
90.14	0.8263	Time Bonus: Slay Afflicted Monsters
90.14	0.8667	Reach District Boss before time expires •
90.14	0.9192	District Run
91.19	0.0653	| 5:22 AN
91.19	0.0662	Ziggurat District
91.19	0.1151	FLOOR
91.19	0.1538	1/3
91.19	0.2732	96
91.19	0.4699	Normal
91.19	0.5438	Kurast Undercity
91.19	0.5919	IV
91.19	0.6856	Reward Upgrades (0/4) •
91.19	0.7440	Attunement: Ignite Beacons, Slay
91.19	0.7819	Monsters
91.19	0.8256	Time Bonus: Slay Afflicted Monsters
91.19	0.8667	Reach District Boss before time expires •
91.19	0.9192	District Run
92.25	0.0653	| 5:22 AN
92.25	0.0670	Ziggurat District
92.25	0.1160	FLOOR
92.25	0.1538	1/3
92.25	0.2723	95
92.25	0.4699	Normal
92.25	0.5438	Kurast Undercity
92.25	0.5919	IV
92.25	0.6856	Reward Upgrades (0/4) •
92.25	0.7440	Attunement: Ignite Beacons, Slay
92.25	0.7819	Monsters
92.25	0.8262	Time Bonus: Slay Afflicted Monsters
92.25	0.8667	Reach District Boss before time expires •
92.25	0.9192	District Run
93.30	0.0653	| 5:22 AN
93.30	0.0662	Ziggurat District G
93.30	0.1160	FLOOR
93.30	0.1546	1/3
93.30	0.2732	94
93.30	0.4699	Normal
93.30	0.5438	Kurast Undercity
93.30	0.5919	IV
93.30	0.6856	Reward Upgrades (0/4) •
93.30	0.7440	Attunement: Ignite Beacons, Slay
93.30	0.7819	Monsters
93.30	0.8247	Time Bonus: Slay Afflicted Monsters
93.30	0.8665	Reach District Boss before time expires •
93.30	0.9192	District Run
94.34	0.0653	| 5:22 AN
94.34	0.0662	Ziggurat District
94.34	0.1151	FLOOR
94.34	0.1538	1/3
94.34	0.2732	93
94.34	0.4699	Normal
94.34	0.5438	Kurast Undercity
94.34	0.5919	IV
94.34	0.6856	Reward Upgrades (0/4) •
94.34	0.7440	Attunement: Ignite Beacons, Slay
94.34	0.7819	Monsters
94.34	0.8256	Time Bonus: Slay Afflicted Monsters
94.34	0.8665	Reach District Boss before time expires •
94.34	0.9192	District Run
95.40	0.0653	| 5:22 AN
95.40	0.0662	Ziggurat District
95.40	0.1160	FLOOR
95.40	0.1538	1/3
95.40	0.2741	92
95.40	0.4699	Normal
95.40	0.5438	Kurast Undercity
95.40	0.5919	IV
95.40	0.6856	Reward Upgrades (0/4) •
95.40	0.7440	Attunement: Ignite Beacons, Slay
95.40	0.7819	Monsters
95.40	0.8262	Time Bonus: Slay Afflicted Monsters
95.40	0.8665	Reach District Boss before time expires •
95.40	0.9192	District Run
96.46	0.0653	| 5:22 AN
96.46	0.0662	Ziggurat District
96.46	0.1151	FLOOR
96.46	0.1538	1/3
96.46	0.2732	91
96.46	0.4699	Normal
96.46	0.5438	Kurast Undercity
96.46	0.5919	IV
96.46	0.6856	Reward Upgrades (0/4) •
96.46	0.7441	& Attunement: Ignite Beacons, Slay
96.46	0.7819	Monsters
96.46	0.8262	Time Bonus: Slay Afflicted Monsters
96.46	0.8667	Reach District Boss before time expires •
96.46	0.9192	District Run
97.53	0.0653	| 5:22 AN
97.53	0.0662	Ziggurat District
97.53	0.1160	FLOOR
97.53	0.1538	1/3
97.53	0.2723	90
97.53	0.4699	Normal
97.53	0.5438	Kurast Undercity
97.53	0.5919	IV
97.53	0.6856	Reward Upgrades (0/4) •
97.53	0.7441	& Attunement: Ignite Beacons, Slay
97.53	0.7819	Monsters
97.53	0.8262	Time Bonus: Slay Afflicted Monsters
97.53	0.8667	Reach District Boss before time expires •
97.53	0.9192	District Run
98.58	0.0653	| 5:22 AN
98.58	0.0662	Ziggurat District G
98.58	0.1160	FLOOR
98.58	0.1538	1/3
98.58	0.2732	89
98.58	0.4699	Normal
98.58	0.5438	Kurast Undercity
98.58	0.5911	IV
98.58	0.6856	Reward Upgrades (0/4) •
98.58	0.7418	& Attunement: Ignite Beacons, Slay
98.58	0.7809	Monsters
98.58	0.8263	Time Bonus: Slay Afflicted Monsters
98.58	0.8667	Reach District Boss before time expires •
98.58	0.9192	District Run
100.67	0.0658	Ziggurat District © | 5:22 AN
100.67	0.1160	FLOOR
100.67	0.1538	1/3
100.67	0.2723	87
100.67	0.4691	Normal
100.67	0.5438	Kurast Undercity
100.67	0.5911	IV
100.67	0.6856	Reward Upgrades (0/4) •
100.67	0.7440	Attunement: Ignite Beacons, Slay
100.67	0.7819	Monsters
100.67	0.8209	Time Bonus: Slay Afflicted Monsters
100.67	0.8667	Reach District Boss before time expires •
100.67	0.9192	District Run
101.72	0.0653	| 5:22 AN
101.72	0.0670	Ziggurat District
101.72	0.1160	FLOOR
101.72	0.1538	1/3
101.72	0.2732	86
101.72	0.4691	Normal
101.72	0.5438	Kurast Undercity
101.72	0.5919	IV
101.72	0.6856	Reward Upgrades (0/4) •
101.72	0.7441	& Attunement: Ignite Beacons, Slay
101.72	0.7819	Monsters
101.72	0.8239	Time Bonus: Slay Afflicted Monsters •
101.72	0.8676	Reach District Boss before time expires •
101.72	0.9192	District Run
102.78	0.0653	| 5:22 AN
102.78	0.0662	Ziggurat District
102.78	0.1168	FLOOR
102.78	0.1538	1/3
102.78	0.2723	85
102.78	0.4691	Normal
102.78	0.5439	Kurast Undercity
102.78	0.5911	- IV
102.78	0.6856	Reward Upgrades (0/4) •
102.78	0.7440	Attunement: Ignite Beacons, Slay
102.78	0.7819	Monsters
102.78	0.8256	Time Bonus: Slay Afflicted Monsters
102.78	0.8667	Reach District Boss before time expires •
102.78	0.9192	District Run
103.84	0.0653	| 5:22 AM
103.84	0.0662	Ziggurat District
103.84	0.1158	FLOOR
103.84	0.1538	1/3
103.84	0.2732	84
103.84	0.4691	Normal
103.84	0.5438	Kurast Undercity
103.84	0.5911	IV
103.84	0.6856	Reward Upgrades (0/4) •
103.84	0.7425	& Attunement: Ignite Beacons, Slay
103.84	0.7819	Monsters
103.84	0.8263	Time Bonus: Slay Afflicted Monsters
103.84	0.8667	Reach District Boss before time expires •
103.84	0.9192	District Run
104.90	0.0653	| 5:22 AN
104.90	0.0670	Ziggurat District ©
104.90	0.1158	FLOOR
104.90	0.1538	1/3
104.90	0.2732	83
104.90	0.4691	Normal
104.90	0.5438	Kurast Undercity
104.90	0.5911	IV
104.90	0.6856	Reward Upgrades (0/4) •
104.90	0.7426	& Attunement: Ignite Beacons, Slay
104.90	0.7819	Monsters
104.90	0.8263	Time Bonus: Slay Afflicted Monsters
104.90	0.8665	Reach District Boss before time expires •
104.90	0.9192	District Run
106.00	0.0644	| 5:22 AM
106.00	0.0670	Ziggurat District ©
106.00	0.1151	FLOOR
106.00	0.1538	1/3
106.00	0.2732	81
106.00	0.4699	Normal
106.00	0.5438	Kurast Undercity
106.00	0.5919	IV
106.00	0.6856	Reward Upgrades (0/4) •
106.00	0.7448	Attunement: Ignite Beacons, Slay
106.00	0.7819	Monsters
106.00	0.8263	Time Bonus: Slay Afflicted Monsters
106.00	0.8667	Reach District Boss before time expires •
106.00	0.9192	District Run
107.08	0.0653	| 5:22 AN
107.08	0.0662	Ziggurat District
107.08	0.1160	FLOOR
107.08	0.1538	1/3
107.08	0.2741	80
107.08	0.4691	Normal
107.08	0.5438	Kurast Undercity
107.08	0.5911	III IV
107.08	0.6856	Reward Upgrades (0/4) •
107.08	0.7418	& Attunement: Ignite Beacons, Slay
107.08	0.7819	Monsters
107.08	0.8239	Time Bonus: Slay Afflicted Monsters
107.08	0.8667	Reach District Boss before time expires •
107.08	0.9192	District Run
108.15	0.0653	| 5:22 AN
108.15	0.0662	Ziggurat District
108.15	0.1160	FLOOR
108.15	0.1538	1/3
108.15	0.2741	79
108.15	0.4691	Normal
108.15	0.5438	Kurast Undercity
108.15	0.5911	III IV
108.15	0.6856	Reward Upgrades (0/4) •
108.15	0.7425	& Attunement: Ignite Beacons, Slay
108.15	0.7819	Monsters
108.15	0.8263	Time Bonus: Slay Afflicted Monsters
108.15	0.8667	Reach District Boss before time expires •
108.15	0.9192	District Run
109.20	0.0653	| 5:22 AN
109.20	0.0662	Ziggurat District
109.20	0.1160	FLOOR
109.20	0.1538	1/3
109.20	0.2732	78
109.20	0.4691	Normal
109.20	0.5438	Kurast Undercity
109.20	0.5911	• IV
109.20	0.6856	Reward Upgrades (0/4) •
109.20	0.7425	& Attunement: Ignite Beacons, Slay
109.20	0.7819	Monsters
109.20	0.8239	Time Bonus: Slay Afflicted Monsters
109.20	0.8667	Reach District Boss before time expires •
109.20	0.9192	District Run
110.28	0.0653	| 5:22 AM
110.28	0.0662	Ziggurat District
110.28	0.1160	FLOOR
110.28	0.1538	1/3
110.28	0.2732	77
110.28	0.4691	Normal
110.28	0.5438	Kurast Undercity
110.28	0.5911	IV
110.28	0.6856	Reward Upgrades (0/4) •
110.28	0.7418	& Attunement: Ignite Beacons, Slay
110.28	0.7819	Monsters
110.28	0.8239	Time Bonus: Slay Afflicted Monsters
110.28	0.8667	Reach District Boss before time expires •
110.28	0.9192	District Run
111.38	0.0644	| 5:22 AN
111.38	0.0670	Ziggurat District
111.38	0.1160	FLOOR
111.38	0.1538	1/3
111.38	0.2732	76
111.38	0.4691	Normal
111.38	0.5438	Kurast Undercity
111.38	0.5911	IV
111.38	0.6856	Reward Upgrades (0/4) •
111.38	0.7434	& Attunement: Ignite Beacons, Slay
111.38	0.7819	Monsters
111.38	0.8239	Time Bonus: Slay Afflicted Monsters
111.38	0.8674	Reach District Boss before time expires •
111.38	0.9192	District Run
112.48	0.0653	| 5:22 AM
112.48	0.0662	Ziggurat District
112.48	0.1160	FLOOR
112.48	0.1538	1/3
112.48	0.2741	75
112.48	0.4691	Normal
112.48	0.5438	Kurast Undercity
112.48	0.5919	IV
112.48	0.6856	Reward Upgrades (0/4) •
112.48	0.7426	& Attunement: Ignite Beacons, Slay
112.48	0.7819	Monsters
112.48	0.8260	• Time Bonus: Slay Afflicted Monsters
112.48	0.8668	Reach District Boss before time expires •
112.48	0.9192	District Run
113.52	0.0653	| 5:22 AN
113.52	0.0659	Ziggurat District
113.52	0.1160	FLOOR
113.52	0.1538	1/3
113.52	0.2732	74
113.52	0.4699	Normal
113.52	0.5438	Kurast Undercity
113.52	0.5919	IV
113.52	0.6856	Reward Upgrades (0/4) •
113.52	0.7434	& Attunement: Ignite Beacons, Slay
113.52	0.7819	Monsters
113.52	0.8256	Time Bonus: Slay Afflicted Monsters
113.52	0.8665	Reach District Boss before time expires •
113.52	0.9192	District Run
114.56	0.0653	| 5:22 AN
114.56	0.0670	Ziggurat District ©
114.56	0.1168	FLOOR
114.56	0.1546	1/3
114.56	0.2741	73
114.56	0.4691	Normal
114.56	0.5438	Kurast Undercity
114.56	0.5919	IV
114.56	0.6856	Reward Upgrades (0/4) •
114.56	0.7448	Attunement: Ignite Beacons, Slay
114.56	0.7819	Monsters
114.56	0.8250	Time Bonus: Slay Afflicted Monsters
114.56	0.8665	Reach District Boss before time expires •
114.56	0.9192	District Run
120.39	0.0670	Ziggurat District © | 5:23 AM
120.39	0.1160	FLOOR
120.39	0.1538	1/3
120.39	0.2732	67
120.39	0.4691	Normal
120.39	0.5438	Kurast Undercity
120.39	0.5919	IV
120.39	0.6856	Reward Upgrades (0/4)
120.39	0.7410	& Attunement: Ignite Beacons, Slay
120.39	0.7809	Monsters
120.39	0.8262	Time Bonus: Slay Afflicted Monsters
120.39	0.8676	Reach District Boss before time expires •
120.39	0.9192	District Run
121.48	0.0653	| 5:23 AM
121.48	0.0670	Ziggurat District G
121.48	0.1151	FLOOR
121.48	0.1546	1/3
121.48	0.2732	66
121.48	0.4699	Normal
121.48	0.5438	Kurast Undercity
121.48	0.5919	IV
121.48	0.6856	Reward Upgrades (0/4)
121.48	0.7425	& Attunement: Ignite Beacons, Slay
121.48	0.7819	Monsters
121.48	0.8237	Time Bonus: Slay Afflicted Monsters •
121.48	0.8665	Reach District Boss before time expires •
121.48	0.9192	District Run
122.53	0.0653	| 5:23 AN
122.53	0.0670	Ziggurat District ©
122.53	0.1160	FLOOR
122.53	0.1538	1/3
122.53	0.2723	65
122.53	0.4691	Normal
122.53	0.5438	Kurast Undercity
122.53	0.5911	IV
122.53	0.6856	Reward Upgrades (0/4) •
122.53	0.7440	Attunement: Ignite Beacons, Slay
122.53	0.7819	Monsters
122.53	0.8187	Time Bonus: Slay Afflicted Monsters
122.53	0.8667	Reach District Boss before time expires •
122.53	0.9192	District Run
123.61	0.0644	| 5:23 AN
123.61	0.0670	Ziggurat District ©
123.61	0.1151	FLOOR
123.61	0.1538	1/3
123.61	0.2732	64
123.61	0.4691	Normal
123.61	0.5438	Kurast Undercity
123.61	0.5919	IV
123.61	0.6856	Reward Upgrades (0/4) •
123.61	0.7440	Attunement: Ignite Beacons, Slay
123.61	0.7819	Monsters
123.61	0.8209	Time Bonus: Slay Afflicted Monsters
123.61	0.8676	Reach District Boss before time expires •
123.61	0.9192	District Run
124.67	0.0670	Ziggurat District © | 5:23 AM
124.67	0.1160	FLOOR
124.67	0.1538	1/3
124.67	0.2741	63
124.67	0.4691	Normal
124.67	0.5438	Kurast Undercity
124.67	0.5919	IV
124.67	0.6856	Reward Upgrades (0/4) •
124.67	0.7448	Attunement: Ignite Beacons, Slay
124.67	0.7819	Monsters
124.67	0.8209	• Time Bonus: Slay Afflicted Monsters
124.67	0.8667	Reach District Boss before time expires •
124.67	0.9192	District Run
125.72	0.0655	Ziggurat District © | 5:23 AM
125.72	0.1160	FLOOR
125.72	0.1546	1/3
125.72	0.2741	62
125.72	0.4691	Normal
125.72	0.5439	Kurast Undercity
125.72	0.5919	IV
125.72	0.6856	Reward Upgrades (0/4) •
125.72	0.7420	& Attunement: Ignite Beacons, Slay
125.72	0.7819	Monsters
125.72	0.8263	Time Bonus: Slay Afflicted Monsters
125.72	0.8667	Reach District Boss before time expires •
125.72	0.9192	District Run
126.77	0.0653	| 5:23 AN
126.77	0.0670	Ziggurat District ©
126.77	0.1151	FLOOR
126.77	0.1538	1/3
126.77	0.2732	61
126.77	0.4691	Normal
126.77	0.5438	Kurast Undercity
126.77	0.5911	IV
126.77	0.6856	Reward Upgrades (0/4) •
126.77	0.7441	& Attunement: Ignite Beacons, Slay
126.77	0.7819	Monsters
126.77	0.8209	• Time Bonus: Slay Afflicted Monsters
126.77	0.8667	Reach District Boss before time expires •
126.77	0.9192	District Run
127.86	0.0653	| 5:23 AN
127.86	0.0670	Ziggurat District ©
127.86	0.1160	FLOOR
127.86	0.1546	1/3
127.86	0.2732	60
127.86	0.4691	Normal
127.86	0.5438	Kurast Undercity
127.86	0.5911	IV
127.86	0.6856	Reward Upgrades (0/4) •
127.86	0.7419	& Attunement: Ignite Beacons, Slay
127.86	0.7819	Monsters
127.86	0.8256	Time Bonus: Slay Afflicted Monsters
127.86	0.8676	Reach District Boss before time expires •
127.86	0.9192	District Run
128.92	0.0653	| 5:23 AN
128.92	0.0670	Ziggurat District ©
128.92	0.1168	FLOOR
128.92	0.1546	1/3
128.92	0.2723	59
128.92	0.4691	Normal
128.92	0.5441	Kurast Undercity !
128.92	0.5911	IV
128.92	0.6856	Reward Upgrades (0/4)
128.92	0.7401	& Attunement: Ignite Beacons, Slay
128.92	0.7814	Monsters
128.92	0.8263	Time Bonus: Slay Afflicted Monsters
128.92	0.8677	Reach District Boss before time expires *
128.92	0.9192	District Run
130.00	0.0670	Ziggurat District © | 5:23 AM
130.00	0.1160	FLOOR
130.00	0.1538	1/3
130.00	0.2741	57
130.00	0.4691	Normal
130.00	0.5431	Kurast Undercity
130.00	0.5919	III IV
130.00	0.6856	Reward Upgrades (0/4)
130.00	0.7426	& Attunement: Ignite Beacons, Slay
130.00	0.7814	Monsters
130.00	0.8263	Time Bonus: Slay Afflicted Monsters
130.00	0.8651	Reach District Boss before time expires
130.00	0.9192	District Run
131.07	0.0658	Ziggurat District © | 5:23 AN
131.07	0.1168	FLOOR
131.07	0.1538	1/3
131.07	0.2732	56
131.07	0.4699	Normal
131.07	0.5438	Kurast Undercity
131.07	0.5911	III IV
131.07	0.6856	Reward Upgrades (0/4) •
131.07	0.7409	& Attunement: Ignite Beacons, Slay
131.07	0.7819	Monsters
131.07	0.8263	Time Bonus: Slay Afflicted Monsters
131.07	0.8668	Reach District Boss before time expires *
131.07	0.9192	District Run
132.13	0.0670	Ziggurat District © | 5:23 AM
132.13	0.1160	FLOOR
132.13	0.1538	1/3
132.13	0.2732	55
132.13	0.4691	Normal
132.13	0.5438	Kurast Undercity
132.13	0.5911	III IV
132.13	0.6856	Reward Upgrades (0/4) •
132.13	0.7409	& Attunement: Ignite Beacons, Slay
132.13	0.7809	Monsters
132.13	0.8263	Time Bonus: Slay Afflicted Monsters
132.13	0.8668	Reach District Boss before time expires *
132.13	0.9192	District Run
133.19	0.0653	| 5:23 AN
133.19	0.0670	Ziggurat District G
133.19	0.1160	FLOOR
133.19	0.1538	1/3
133.19	0.2732	54
133.19	0.4691	Normal
133.19	0.5438	Kurast Undercity
133.19	0.5911	III IV
133.19	0.6856	Reward Upgrades (0/4)
133.19	0.7426	& Attunement: Ignite Beacons, Slay
133.19	0.7819	Monsters
133.19	0.8262	Time Bonus: Slay Afflicted Monsters
133.19	0.8667	Reach District Boss before time expires •
133.19	0.9192	District Run
134.24	0.0653	| 5:23 AN
134.24	0.0670	Ziggurat District ©
134.24	0.1168	FLOOR
134.24	0.1546	1/3
134.24	0.2732	53
134.24	0.4699	Normal
134.24	0.5438	Kurast Undercity
134.24	0.5919	IV
134.24	0.6856	Reward Upgrades (0/4)
134.24	0.7401	& Attunement: Ignite Beacons, Slay
134.24	0.7819	Monsters
134.24	0.8263	• Time Bonus: Slay Afflicted Monsters
134.24	0.8686	Reach District Boss before time expires
134.24	0.9192	District Run
135.30	0.0644	| 5:23 AM
135.30	0.0662	Ziggurat District
135.30	0.1160	FLOOR
135.30	0.1546	1/3
135.30	0.2741	52
135.30	0.4699	Normal
135.30	0.5438	Kurast Undercity
135.30	0.5928	IV
135.30	0.6856	Reward Upgrades (0/4)
135.30	0.7419	& Attunement: Ignite Beacons, Slay
135.30	0.7819	Monsters
135.30	0.8263	- Time Bonus: Slay Afflicted Monsters
135.30	0.8662	Reach District Boss before time expires •
135.30	0.9167	District Run Y
136.38	0.0653	| 5:23 AN
136.38	0.0670	Ziggurat District G
136.38	0.1160	FLOOR
136.38	0.1538	1/3
136.38	0.2732	51
136.38	0.4699	Normal
136.38	0.5438	Kurast Undercity
136.38	0.5919	III IV
136.38	0.6856	Reward Upgrades (0/4)
136.38	0.7426	& Attunement: Ignite Beacons, Slay
136.38	0.7814	Monsters
136.38	0.8263	Time Bonus: Slay Afflicted Monsters
136.38	0.8676	Reach District Boss before time expires •
136.38	0.9180	District Run fY
137.42	0.0653	| 5:23 AN
137.42	0.0670	Ziggurat District G
137.42	0.1160	FLOOR
137.42	0.1538	1/3
137.42	0.2732	50
137.42	0.4691	Normal
137.42	0.5438	Kurast Undercity
137.42	0.5911	III IV
137.42	0.6856	Reward Upgrades (0/4)
137.42	0.7426	& Attunement: Ignite Beacons, Slay
137.42	0.7819	Monsters
137.42	0.8263	• Time Bonus: Slay Afflicted Monsters
137.42	0.8676	Reach District Boss before time expires •
137.42	0.9181	District Run f
138.50	0.0653	| 5:23 AN
138.50	0.0670	Ziggurat District G
138.50	0.1160	FLOOR
138.50	0.1538	1/3
138.50	0.2732	49
138.50	0.4691	Normal
138.50	0.5438	Kurast Undercity
138.50	0.5911	III IV
138.50	0.6856	Reward Upgrades (0/4)
138.50	0.7426	& Attunement: Ignite Beacons, Slay
138.50	0.7819	Monsters
138.50	0.8263	Time Bonus: Slay Afflicted Monsters
138.50	0.8667	Reach District Boss before time expires •
138.50	0.9192	District Run
139.53	0.0653	| 5:23 AN
139.53	0.0670	Ziggurat District G
139.53	0.1160	FLOOR
139.53	0.1538	1/3
139.53	0.2732	48
139.53	0.4691	Normal
139.53	0.5438	Kurast Undercity
139.53	0.5911	III IV
139.53	0.6856	Reward Upgrades (0/4) •
139.53	0.7426	& Attunement: Ignite Beacons, Slay
139.53	0.7819	Monsters
139.53	0.8263	Time Bonus: Slay Afflicted Monsters
139.53	0.8667	Reach District Boss before time expires •
139.53	0.9192	District Run
140.58	0.0653	) 5:25 AM
140.58	0.0661	Ziggurat District E
140.58	0.1160	FLOOR
140.58	0.1546	1/3
140.58	0.2723	47
140.58	0.4699	Normal
140.58	0.5430	Kurast Undercity
140.58	0.5919	III IV
140.58	0.6856	Reward Upgrades (0/4)
140.58	0.7426	& Attunement: Ignite Beacons, Slay
140.58	0.7819	Monsters
140.58	0.8256	Time Bonus: Slay Afflicted Monsters
140.58	0.8668	Reach District Boss before time expires *
140.58	0.9202	District Run
141.63	0.0644	| 5:23 AN
141.63	0.0662	Ziggurat District
141.63	0.1160	FLOOR
141.63	0.1546	1/3
141.63	0.2741	46
141.63	0.4691	Normal
141.63	0.5438	Kurast Undercity
141.63	0.5911	-IV
141.63	0.6856	Reward Upgrades (0/4) •
141.63	0.7419	& Attunement: Ignite Beacons, Slay
141.63	0.7819	Monsters
141.63	0.8247	Time Bonus: Slay Afflicted Monsters
141.63	0.8660	Reach District Boss before time expires •
141.63	0.9192	District Run
142.69	0.0653	| 5:23 AN
142.69	0.0670	Ziggurat District G
142.69	0.1160	FLOOR
142.69	0.1546	1/3
142.69	0.2732	54
142.69	0.4699	Normal
142.69	0.5438	Kurast Undercity
142.69	0.5919	IV
142.69	0.6856	Reward Upgrades (0/4) •
142.69	0.7425	& Attunement: Ignite Beacons, Slay
142.69	0.7819	Monsters
142.69	0.8209	• Time Bonus: Slay Afflicted Monsters
142.69	0.8676	Reach District Boss before time expires •
142.69	0.9192	District Run
143.75	0.0644	| 5:23 AN
143.75	0.0662	Ziggurat District
143.75	0.1160	FLOOR
143.75	0.1546	1/3
143.75	0.2741	62
143.75	0.4699	Normal
143.75	0.5438	Kurast Undercity
143.75	0.5911	III IV
143.75	0.6856	Reward Upgrades (0/4) •
143.75	0.7427	& Attunement: Ignite Beacons, Slay
143.75	0.7819	Monsters
143.75	0.8247	Time Bonus: Slay Afflicted Monsters
143.75	0.8668	Reach District Boss before time expires •
143.75	0.9192	District Run
144.82	0.0653	| 5:23 AN
144.82	0.0670	Ziggurat District
144.82	0.1151	HOOT
144.82	0.1529	1/3
144.82	0.2732	19
144.82	0.4699	Normal
144.82	0.5438	Kurast Undercity
144.82	0.5919	• IV
144.82	0.6856	Reward Upgrades (0/4) •
144.82	0.7427	& Attunement: Ignite Beacons, Slay
144.82	0.7819	Monsters
144.82	0.8247	Time Bonus: Slay Afflicted Monsters
144.82	0.8668	Reach District Boss before time expires •
144.82	0.9192	District Run
145.92	0.0653	| 5:23 AM
145.92	0.0662	Ziggurat District ®
145.92	0.1151	FLOOR
145.92	0.1529	1/3
145.92	0.2732	69
145.92	0.4691	Normal
145.92	0.5438	Kurast Undercity
145.92	0.5911	III IV
145.92	0.6856	Reward Upgrades (0/4) •
145.92	0.7434	& Attunement: Ignite Beacons, Slay
145.92	0.7819	Monsters
145.92	0.8247	Time Bonus: Slay Afflicted Monsters
145.92	0.8660	Reach District Boss before time expires •
145.92	0.9192	District Run
147.00	0.0653	| 5:23 AN
147.00	0.0662	Ziggurat District
147.00	0.1151	FLOOR
147.00	0.1538	1/3
147.00	0.2732	71
147.00	0.4691	Normal
147.00	0.5438	Kurast Undercity
147.00	0.5919	• IV
147.00	0.6856	Reward Upgrades (0/4) •
147.00	0.7418	& Attunement: Ignite Beacons, Slay
147.00	0.7819	Monsters
147.00	0.8247	Time Bonus: Slay Afflicted Monsters
147.00	0.8653	Reach District Boss before time expires *
147.00	0.9192	District Run
148.07	0.0653	| 5:23 AM
148.07	0.0662	Ziggurat District
148.07	0.1160	FLOOR
148.07	0.1546	1/3
148.07	0.2741	72
148.07	0.4691	Normal
148.07	0.5438	Kurast Undercity
148.07	0.5919	IV
148.07	0.6856	Reward Upgrades (0/4) •
148.07	0.7425	& Attunement: Ignite Beacons, Slay
148.07	0.7819	Monsters
148.07	0.8247	Time Bonus: Slay Afflicted Monsters
148.07	0.8667	Reach District Boss before time expires •
148.07	0.9192	District Run
149.14	0.0653	| 5:23 AM
149.14	0.0662	Ziggurat District
149.14	0.1160	FLOOR
149.14	0.1538	1/3
149.14	0.2732	71
149.14	0.4699	Normal
149.14	0.5438	Kurast Undercity
149.14	0.5919	IV
149.14	0.6856	Reward Upgrades (0/4) •
149.14	0.7418	& Attunement: Ignite Beacons, Slay
149.14	0.7819	Monsters
149.14	0.8263	Time Bonus: Slay Afflicted Monsters
149.14	0.8660	Reach District Boss before time expires •
149.14	0.9192	District Run
150.25	0.0653	| 5:23 AN
150.25	0.0670	Ziggurat District G
150.25	0.1160	FLOOR
150.25	0.1538	1/3
150.25	0.2741	70
150.25	0.4699	Normal
150.25	0.5438	Kurast Undercity
150.25	0.5911	• IV
150.25	0.6856	Reward Upgrades (0/4) •
150.25	0.7427	& Attunement: Ignite Beacons, Slay
150.25	0.7819	Monsters
150.25	0.8263	Time Bonus: Slay Afflicted Monsters
150.25	0.8660	Reach District Boss before time expires •
150.25	0.9192	District Run
151.33	0.0644	| 5:23 AN
151.33	0.0670	Ziggurat District ©
151.33	0.1151	FLOOR
151.33	0.1538	1/3
151.33	0.2732	69
151.33	0.4691	Normal
151.33	0.5438	Kurast Undercity
151.33	0.5911	• IV
151.33	0.6856	Reward Upgrades (0/4)
151.33	0.7418	& Attunement: Ignite Beacons, Slay
151.33	0.7814	Monsters
151.33	0.8209	• Time Bonus: Slay Afflicted Monsters
151.33	0.8667	Reach District Boss before time expires •
151.33	0.9192	District Run
152.38	0.0653	| 5:23 AN
152.38	0.0670	Ziggurat District G
152.38	0.1158	FLOOR
152.38	0.1546	1/3
152.38	0.2732	68
152.38	0.4699	Normal
152.38	0.5438	Kurast Undercity
152.38	0.5911	III IV
152.38	0.6856	Reward Upgrades (0/4) •
152.38	0.7434	& Attunement: Ignite Beacons, Slay
152.38	0.7819	Monsters
152.38	0.8247	Time Bonus: Slay Afflicted Monsters
152.38	0.8667	Reach District Boss before time expires •
152.38	0.9192	District Run
153.47	0.0653	| 5:23 AM
153.47	0.0662	Ziggurat District G
153.47	0.1158	FLOOR
153.47	0.1546	1/3
153.47	0.2723	67
153.47	0.4699	Normal
153.47	0.5438	Kurast Undercity
153.47	0.5911	• IV
153.47	0.6856	Reward Upgrades (0/4) •
153.47	0.7425	& Attunement: Ignite Beacons, Slay
153.47	0.7814	Monsters
153.47	0.8209	• Time Bonus: Slay Afflicted Monsters
153.47	0.8667	Reach District Boss before time expires •
153.47	0.9192	District Run
154.56	0.0653	| 5:23 AN
154.56	0.0662	Ziggurat District
154.56	0.1158	FLOOR
154.56	0.1538	1/3
154.56	0.2741	66
154.56	0.4691	Normal
154.56	0.5438	Kurast Undercity
154.56	0.5911	›IV
154.56	0.6856	Reward Upgrades (0/4)
154.56	0.7410	& Attunement: Ignite Beacons, Slay
154.56	0.7819	Monsters
154.56	0.8242	- Time Bonus: Slay Afflicted Monsters
154.56	0.8668	Reach District Boss before time expires *
154.56	0.9180	District Run f
155.65	0.0670	Ziggurat District © | 5:23 AM
155.65	0.1160	FLOOR
155.65	0.1538	1/3
155.65	0.2732	65
155.65	0.4697	Normal
155.65	0.5430	Kurast Undercity
155.65	0.5919	IV
155.65	0.6856	Reward Upgrades (0/4)
155.65	0.7375	& Attunement: Ignite Beacons, Slay
155.65	0.7819	Monsters
155.65	0.8265	Time Bonus: Slay Afflicted Monsters
155.65	0.8677	Reach District Boss before time expires *
155.65	0.9192	District Run
156.72	0.0658	Ziggurat District © | 5:23 AN
156.72	0.1151	FLOOR
156.72	0.1546	1/3
156.72	0.2741	64
156.72	0.3256	Z
156.72	0.4691	Normal
156.72	0.5438	Kurast Undercity
156.72	0.5919	IV
156.72	0.6856	Reward Upgrades (0/4) •
156.72	0.7412	& Attunement: Ignite Beacons, Slay
156.72	0.7819	Monsters
156.72	0.8245	& Time Bonus: Slay Afflicted Monsters
156.72	0.8668	Reach District Boss before time expires •
156.72	0.9192	District Run
157.78	0.0658	Ziggurat District © | 5:23 AN
157.78	0.1160	FLOOR
157.78	0.1538	1/3
157.78	0.2732	63
157.78	0.3256	Z
157.78	0.4691	Normal
157.78	0.5438	Kurast Undercity
157.78	0.5911	IV
157.78	0.6856	Reward Upgrades (0/4) •
157.78	0.7419	& Attunement: Ignite Beacons, Slay
157.78	0.7807	Monsters
157.78	0.8244	2 Time Bonus: Slay Afflicted Monsters
157.78	0.8668	Reach District Boss before time expires •
157.78	0.9192	District Run
158.88	0.0653	| 5:23 AI
158.88	0.0670	Ziggurat District G
158.88	0.1160	FLOOR
158.88	0.1546	1/3
158.88	0.2741	62
158.88	0.4697	Normal
158.88	0.5438	Kurast Undercity
158.88	0.5911	III IV
158.88	0.6856	Reward Upgrades (0/4)
158.88	0.7410	& Attunement: Ignite Beacons, Slay
158.88	0.7801	Monsters
158.88	0.8187	- Time Bonus: Slay Afflicted Monsters
158.88	0.8667	Reach District Boss before time expires •
158.88	0.9192	District Run
160.06	0.0653	| 5:23 AN
160.06	0.0670	Ziggurat District G
160.06	0.1160	FLOOR
160.06	0.1538	1/3
160.06	0.2741	63
160.06	0.4691	Normal
160.06	0.5438	Kurast Undercity
160.06	0.5911	III IV
160.06	0.6856	Reward Upgrades (0/4)
160.06	0.7410	& Attunement: Ignite Beacons, Slay
160.06	0.7814	Monsters
160.06	0.8209	• Time Bonus: Slay Afflicted Monsters
160.06	0.8658	Reach District Boss before time expires •
160.06	0.9192	District Run
161.17	0.0653	| 5:23 AN
161.17	0.0670	Ziggurat District G
161.17	0.1160	FLOOR
161.17	0.1538	1/3
161.17	0.2732	65
161.17	0.4691	Normal
161.17	0.5438	Kurast Undercity
161.17	0.5911	III IV
161.17	0.6856	Reward Upgrades (0/4)
161.17	0.7411	& Attunement: Ignite Beacons, Slay
161.17	0.7814	Monsters
161.17	0.8209	• Time Bonus: Slay Afflicted Monsters
161.17	0.8667	Reach District Boss before time expires •
161.17	0.9192	District Run
162.27	0.0653	| 5:23 AN
162.27	0.0670	Ziggurat District G
162.27	0.1160	FLOOR
162.27	0.1538	1/3
162.27	0.2732	79
162.27	0.4691	Normal
162.27	0.5438	Kurast Undercity
162.27	0.5911	III IV
162.27	0.6856	Reward Upgrades (0/4) •
162.27	0.7409	& Attunement: Ignite Beacons, Slay
162.27	0.7814	Monsters
162.27	0.8247	Time Bonus: Slay Afflicted Monsters®
162.27	0.8658	Reach District Boss before time expires •
162.27	0.9192	District Run
163.38	0.0653	| 5:23 AN
163.38	0.0670	Ziggurat District G
163.38	0.1160	FLOOR
163.38	0.1546	1/3
163.38	0.2723	87
163.38	0.4697	Normal
163.38	0.5438	Kurast Undercity
163.38	0.5911	III IV
163.38	0.6856	Reward Upgrades (0/4)
163.38	0.7426	& Attunement: Ignite Beacons, Slay
163.38	0.7814	Monsters
163.38	0.8247	Time Bonus: Slay Afflicted Monsters®
163.38	0.8658	Reach District Boss before time expires •
163.38	0.9192	District Run
164.49	0.0653	15:23 AN
164.49	0.0670	Ziggurat District ©
164.49	0.1151	FLOOR
164.49	0.1538	1/3
164.49	0.2732	86
164.49	0.4691	Normal
164.49	0.5430	Kurast Undercity
164.49	0.5911	IV
164.49	0.6856	Reward Upgrades (0/4)
164.49	0.7410	& Attunement: Ignite Beacons, Slay
164.49	0.7819	Monsters
164.49	0.8241	Z Time Bonus: Slay Afflicted Monsters
164.49	0.8676	Reach District Boss before time expires •
164.49	0.9192	District Run
165.60	0.0653	| 5:23 AN
165.60	0.0679	Ziggurat District ©
165.60	0.1151	FLOOR
165.60	0.1546	1/3
165.60	0.2723	85
165.60	0.4691	Normal
165.60	0.5430	Kurast Undercity
165.60	0.5932	I|I IV
165.60	0.6856	Reward Upgrades (0/4) •
165.60	0.7419	& Attunement: Ignite Beacons, Slay
165.60	0.7814	Monsters
165.60	0.8239	Time Bonus: Slay Afflicted Monsters
165.60	0.8668	Reach District Boss before time expires
165.60	0.9180	District Run f
166.66	0.0653	| 5:23 AN
166.66	0.0670	Ziggurat District ©
166.66	0.1160	FLOOR
166.66	0.1538	1/3
166.66	0.2732	84
166.66	0.4691	Normal
166.66	0.5438	Kurast Undercity
166.66	0.5919	IV
166.66	0.6856	Reward Upgrades (0/4) •
166.66	0.7440	Attunement: Ignite Beacons, Slay
166.66	0.7819	Monsters
166.66	0.8209	Time Bonus: Slay Afflicted Monsters
166.66	0.8667	Reach District Boss before time expires •
166.66	0.9192	District Run
167.71	0.0653	| 5:23 AN
167.71	0.0667	Ziggurat District ©
167.71	0.1153	FLOOR
167.71	0.1546	1/3
167.71	0.2732	83
167.71	0.4691	Normal
167.71	0.5438	Kurast Undercity
167.71	0.5911	IV
167.71	0.6856	Reward Upgrades (0/4) •
167.71	0.7440	Attunement: Ignite Beacons, Slay
167.71	0.7819	Monsters
167.71	0.8209	Time Bonus: Slay Afflicted Monsters
167.71	0.8667	Reach District Boss before time expires •
167.71	0.9192	District Run
168.81	0.0653	| 5:23 AN
168.81	0.0662	Ziggurat District
168.81	0.1160	FLOOR
168.81	0.1546	1/3
168.81	0.2741	82
168.81	0.4691	Normal
168.81	0.5438	Kurast Undercity
168.81	0.5919	IV
168.81	0.6856	Reward Upgrades (0/4) •
168.81	0.7441	& Attunement: Ignite Beacons, Slay
168.81	0.7819	Monsters
168.81	0.8262	Time Bonus: Slay Afflicted Monsters
168.81	0.8667	Reach District Boss before time expires •
168.81	0.9192	District Run
169.89	0.0644	| 5:23 AN
169.89	0.0653	Ziggurat District
169.89	0.1151	FLOOR
169.89	0.1538	1/3
169.89	0.2732	81
169.89	0.4699	Normal
169.89	0.5438	Kurast Undercity
169.89	0.5928	IV
169.89	0.6856	Reward Upgrades (0/4) •
169.89	0.7433	& Attunement: Ignite Beacons, Slay
169.89	0.7819	Monsters
169.89	0.8263	- Time Bonus: Slay Afflicted Monsters
169.89	0.8667	Reach District Boss before time expires •
169.89	0.9192	District Run
170.94	0.0653	15:23 AN
170.94	0.0660	Ziggurat District ©
170.94	0.1160	FLOOR
170.94	0.1546	1/3
170.94	0.2732	80
170.94	0.4691	Normal
170.94	0.5438	Kurast Undercity
170.94	0.5919	IV
170.94	0.6856	Reward Upgrades (0/4) •
170.94	0.7440	Attunement: Ignite Beacons, Slay
170.94	0.7819	Monsters
170.94	0.8209	Time Bonus: Slay Afflicted Monsters
170.94	0.8665	Reach District Boss before time expires •
170.94	0.9192	District Run
172.00	0.0653	| 5:23 AN
172.00	0.0670	Ziggurat District ©
172.00	0.1160	FLOOR
172.00	0.1538	1/3
172.00	0.2732	78
172.00	0.4699	Normal
172.00	0.5438	Kurast Undercity
172.00	0.5919	IV
172.00	0.6856	Reward Upgrades (0/4) •
172.00	0.7440	Attunement: Ignite Beacons, Slay
172.00	0.7809	Monsters
172.00	0.8263	Time Bonus: Slay Afflicted Monsters
172.00	0.8667	Reach District Boss before time expires •
172.00	0.9192	District Run
173.14	0.0653	| 5:23 AN
173.14	0.0664	Ziggurat District ©
173.14	0.1160	FLOOR
173.14	0.1538	1/3
173.14	0.2741	80
173.14	0.4699	Normal
173.14	0.5438	Kurast Undercity
173.14	0.5919	IV
173.14	0.6856	Reward Upgrades (0/4) •
173.14	0.7432	& Attunement: Ignite Beacons, Slay
173.14	0.7819	Monsters
173.14	0.8256	Time Bonus: Slay Afflicted Monsters
173.14	0.8667	Reach District Boss before time expires •
173.14	0.9192	District Run
174.18	0.0653	| 5:23 AN
174.18	0.0670	Ziggurat District ©
174.18	0.1160	FLOOR
174.18	0.1538	1/3
174.18	0.2732	79
174.18	0.4691	Normal
174.18	0.5438	Kurast Undercity
174.18	0.5919	IV
174.18	0.6856	Reward Upgrades (0/4) •
174.18	0.7425	& Attunement: Ignite Beacons, Slay
174.18	0.7819	Monsters
174.18	0.8263	Time Bonus: Slay Afflicted Monsters
174.18	0.8667	Reach District Boss before time expires •
174.18	0.9192	District Run
175.27	0.0644	| 5:23 AN
175.27	0.0664	Ziggurat District ©
175.27	0.1160	FLOOR
175.27	0.1538	1/3
175.27	0.2723	87
175.27	0.4699	Normal
175.27	0.5438	Kurast Undercity
175.27	0.5911	IV
175.27	0.6856	Reward Upgrades (0/4)
175.27	0.7434	& Attunement: Ignite Beacons, Slay
175.27	0.7819	Monsters
175.27	0.8247	Time Bonus: Slay Afflicted Monsters
175.27	0.8665	Reach District Boss before time expires •
175.27	0.9192	District Run
176.35	0.0653	0| 5:25 AV
176.35	0.0670	Ziggurat District C
176.35	0.1160	FLOOR
176.35	0.1538	1/3
176.35	0.2732	89
176.35	0.4699	Normal
176.35	0.5430	Kurast Undercity
176.35	0.5911	IV
176.35	0.6856	Reward Upgrades (0/4)
176.35	0.7434	& Attunement: Ignite Beacons, Slay
176.35	0.7819	Monsters
176.35	0.8263	Time Bonus: Slay Afflicted Monsters
176.35	0.8668	Reach District Boss before time expires *
176.35	0.9192	District Run
177.40	0.0653	| 5:23 AM
177.40	0.0670	Ziggurat District
177.40	0.1151	FLOOR
177.40	0.1529	1/3
177.40	0.2732	91
177.40	0.4691	Normal
177.40	0.5430	Kurast Undercity
177.40	0.5911	IV
177.40	0.6856	Reward Upgrades (0/4)
177.40	0.7440	Attunement: Ignite Beacons, Slay
177.40	0.7819	Monsters
177.40	0.8256	Time Bonus: Slay Afflicted Monsters
177.40	0.8667	Reach District Boss before time expires •
177.40	0.9192	District Run
178.45	0.0653	| 5:23 AN
178.45	0.0670	Ziggurat District
178.45	0.1168	FLOOR
178.45	0.1538	1/3
178.45	0.2732	93
178.45	0.4699	Normal
178.45	0.5455	Kurast Undercity fa
178.45	0.5911	III IV
178.45	0.6856	Reward Upgrades (0/4) •
178.45	0.7440	Attunement: Ignite Beacons, Slay
178.45	0.7819	Monsters
178.45	0.8242	& Time Bonus: Slay Afflicted Monsters
178.45	0.8668	Reach District Boss before time expires
178.45	0.9192	District Run
179.50	0.0653	| 5:24 AN
179.50	0.0670	Ziggurat District ©
179.50	0.1151	FLOOR
179.50	0.1546	1/3
179.50	0.2741	92
179.50	0.4691	Normal
179.50	0.5434	Kurast Undercity f
179.50	0.5919	IV
179.50	0.6856	Reward Upgrades (0/4)
179.50	0.7440	Attunement: Ignite Beacons, Slay
179.50	0.7814	Monsters
179.50	0.8263	Time Bonus: Slay Afflicted Monsters
179.50	0.8667	Reach District Boss before time expires •
179.50	0.9192	District Run
180.58	0.0653	| 5:24 AN
180.58	0.0662	Ziggurat District
180.58	0.1151	FLOOR
180.58	0.1538	1/3
180.58	0.2732	91
180.58	0.4699	Normal
180.58	0.5465	Kurast Undercity f
180.58	0.5911	IV
180.58	0.6856	Reward Upgrades (0/4)
180.58	0.7419	& Attunement: Ignite Beacons, Slay
180.58	0.7809	Monsters
180.58	0.8263	Time Bonus: Slay Afflicted Monsters
180.58	0.8651	Reach District Boss before time expires
180.58	0.9192	District Run
181.69	0.0653	| 5:24 AN
181.69	0.0662	Ziggurat District
181.69	0.1160	FLOOR
181.69	0.1538	1/3
181.69	0.2732	90
181.69	0.4691	Normal
181.69	0.5434	Kurast Undercity 1
181.69	0.5925	HII IV
181.69	0.6856	Reward Upgrades (0/4) •
181.69	0.7402	& Attunement: Ignite Beacons, Slay •
181.69	0.7814	Monsters
181.69	0.8260	Time Bonus: Slay Afflicted Monsters
181.69	0.8650	Reach District Boss before time expires
181.69	0.9188	District Run fe
182.71	0.0653	| 5:24 AN
182.71	0.0670	Ziggurat District
182.71	0.1168	FLOOR
182.71	0.1546	1/3
182.71	0.2732	89
182.71	0.4691	Normal
182.71	0.5430	Kurast Undercity
182.71	0.5919	IV
182.71	0.6856	Reward Upgrades (0/4) •
182.71	0.7419	& Attunement: Ignite Beacons, Slay
182.71	0.7819	Monsters
182.71	0.8247	Time Bonus: Slay Afflicted Monsters
182.71	0.8660	Reach District Boss before time expires
182.71	0.9180	District Run f
183.81	0.0644	| 5:24 AN
183.81	0.0670	Ziggurat District
183.81	0.1151	FLOOR
183.81	0.1546	1/3
183.81	0.2732	88
183.81	0.4699	Normal
183.81	0.5438	Kurast Undercity
183.81	0.5919	IV
183.81	0.6856	Reward Upgrades (0/4) •
183.81	0.7409	& Attunement: Ignite Beacons, Slay
183.81	0.7809	Monsters
183.81	0.8245	& Time Bonus: Slay Afflicted Monsters
183.81	0.8651	Reach District Boss before time expires
183.81	0.9180	District Run f
184.87	0.0644	| 5:24 AN
184.87	0.0662	Ziggurat District
184.87	0.1161	FLOOR
184.87	0.1546	1/3
184.87	0.2723	87
184.87	0.4691	Normal
184.87	0.5430	Kurast Undercity
184.87	0.5919	IV
184.87	0.6856	Reward Upgrades (0/4) •
184.87	0.7418	& Attunement: Ignite Beacons, Slay
184.87	0.7809	Monsters
184.87	0.8242	2 Time Bonus: Slay Afflicted Monsters
184.87	0.8651	Reach District Boss before time expires
184.87	0.9180	District Run f
185.95	0.0653	| 5:24 AN
185.95	0.0662	Ziggurat District
185.95	0.1151	FLOOR
185.95	0.1538	1/3
185.95	0.2732	86
185.95	0.4691	Normal
185.95	0.5455	Kurast Undercity Y
185.95	0.5919	III IV
185.95	0.6856	Reward Upgrades (0/4)
185.95	0.7410	& Attunement: Ignite Beacons, Slay
185.95	0.7819	Monsters
185.95	0.8247	Time Bonus: Slay Afflicted Monsters
185.95	0.8650	Reach District Boss before time expires
185.95	0.9189	District Run fa
187.02	0.0653	| 5:24 AM
187.02	0.0662	Ziggurat District
187.02	0.1168	FLOOR
187.02	0.1546	1/3
187.02	0.2732	84
187.02	0.4691	Normal
187.02	0.5430	Kurast Undercity
187.02	0.5911	IV
187.02	0.6856	Reward Upgrades (0/4) •
187.02	0.7412	& Attunement: Ignite Beacons, Slay
187.02	0.7819	Monsters
187.02	0.8263	- Time Bonus: Slay Afflicted Monsters
187.02	0.8648	Reach District Boss before time expires
187.02	0.9179	District Run fa
188.10	0.0658	Ziggurat District © | 5:24 AN
188.10	0.1160	FLOOR
188.10	0.1538	1/3
188.10	0.2732	83
188.10	0.4691	Normal
188.10	0.5438	Kurast Undercity
188.10	0.5911	IV
188.10	0.6856	Reward Upgrades (0/4) •
188.10	0.7412	& Attunement: Ignite Beacons, Slay
188.10	0.7819	Monsters
188.10	0.8247	- Time Bonus: Slay Afflicted Monsters
188.10	0.8668	Reach District Boss before time expires •
188.10	0.9192	District Run
189.17	0.0655	Ziggurat District © | 5:24 AM
189.17	0.1160	FLOOR
189.17	0.1538	1/3
189.17	0.2741	82
189.17	0.4699	Normal
189.17	0.5438	Kurast Undercity
189.17	0.5911	III IV
189.17	0.6856	Reward Upgrades (0/4)
189.17	0.7410	& Attunement: Ignite Beacons, Slay
189.17	0.7819	Monsters
189.17	0.8247	& Time Bonus: Slay Afflicted Monsters
189.17	0.8677	Reach District Boss before time expires •
189.17	0.9192	District Run
190.28	0.0658	Ziggurat District © | 5:24 AN
190.28	0.1160	FLOOR
190.28	0.1538	1/3
190.28	0.2732	81
190.28	0.4699	Normal
190.28	0.5058	rator
190.28	0.5442	Kurast Undercity I
190.28	0.5911	III IV
190.28	0.6856	Reward Upgrades (0/4)
190.28	0.7410	& Attunement: Ignite Beacons, Slay
190.28	0.7819	Monsters
190.28	0.8253	- Time Bonus: Slay Afflicted Monsters
190.28	0.8660	Reach District Boss before time expires
190.28	0.9192	District Run
191.37	0.0658	Ziggurat District © | 5:24 AN
191.37	0.1160	FLOOR
191.37	0.1538	1/3
191.37	0.2732	80
191.37	0.4699	Normal
191.37	0.5430	Kurast Undercity
191.37	0.5919	III IV
191.37	0.6856	Reward Upgrades (0/4) •
191.37	0.7402	& Attunement: Ignite Beacons, Slay
191.37	0.7819	Monsters
191.37	0.8250	& Time Bonus: Slay Afflicted Monsters
191.37	0.8668	Reach District Boss before time expires •
191.37	0.9181	District Run f
192.48	0.0667	Ziggurat District © | 5:24 AN
192.48	0.1160	FLOOR
192.48	0.1538	1/3
192.48	0.2732	79
192.48	0.4691	Normal
192.48	0.5444	Kurast Undercity 1
192.48	0.5919	II III IV
192.48	0.6856	Reward Upgrades (0/4) •
192.48	0.7400	& Attunement: Ignite Beacons, Slay
192.48	0.7819	Monsters
192.48	0.8253	- Time Bonus: Slay Afflicted Monsters
192.48	0.8677	Reach District Boss before time expires *
192.48	0.9180	District Run f
193.61	0.0658	Ziggurat District © | 5:24 AN
193.61	0.1160	FLOOR
193.61	0.1538	1/3
193.61	0.2732	78
193.61	0.4691	Normal
193.61	0.5436	Kurast Undercity I
193.61	0.5919	II III IV
193.61	0.6856	Reward Upgrades (0/4) •
193.61	0.7409	& Attunement: Ignite Beacons, Slay
193.61	0.7819	Monsters
193.61	0.8239	- Time Bonus: Slay Afflicted Monsters •
193.61	0.8677	Reach District Boss before time expires •
193.61	0.9181	District Run fa
194.70	0.0658	Ziggurat District © | 5:24 AN
194.70	0.1155	FLOOR
194.70	0.1546	1/3
194.70	0.2732	77
194.70	0.4691	Normal
194.70	0.5435	Kurast Undercity f
194.70	0.5919	II III IV
194.70	0.6856	Reward Upgrades (0/4) •
194.70	0.7411	& Attunement: Ignite Beacons, Slay
194.70	0.7819	Monsters
194.70	0.8240	Z Time Bonus: Slay Afflicted Monsters
194.70	0.8677	Reach District Boss before time expires •
194.70	0.9181	District Run fa
195.75	0.0658	Ziggurat District © | 5:24 AN
195.75	0.1160	FLOOR
195.75	0.1538	1/3
195.75	0.2741	76
195.75	0.4691	Normal
195.75	0.5441	Kurast Undercity 1a
195.75	0.5919	III IV
195.75	0.6856	Reward Upgrades (0/4) •
195.75	0.7402	& Attunement: Ignite Beacons, Slay
195.75	0.7819	Monsters
195.75	0.8256	Time Bonus: Slay Afflicted Monsters •
195.75	0.8676	Reach District Boss before time expires •
195.75	0.9192	District Run
196.85	0.0658	Ziggurat District © | 5:24 AN
196.85	0.1160	FLOOR
196.85	0.1538	1/3
196.85	0.2732	75
196.85	0.4699	Normal
196.85	0.5435	Kurast Undercity 1
196.85	0.5919	III IV
196.85	0.6856	Reward Upgrades (0/4) •
196.85	0.7411	& Attunement: Ignite Beacons, Slay
196.85	0.7819	Monsters
196.85	0.8252	& Time Bonus: Slay Afflicted Monsters
196.85	0.8676	Reach District Boss before time expires •
196.85	0.9192	District Run
197.93	0.0658	Ziggurat District © | 5:24 AN
197.93	0.1160	FLOOR
197.93	0.1538	1/3
197.93	0.2723	77
197.93	0.4699	Normal
197.93	0.5430	Kurast Undercity
197.93	0.5928	HI IV
197.93	0.6856	Reward Upgrades (0/4) •
197.93	0.7402	& Attunement: Ignite Beacons, Slay
197.93	0.7819	Monsters
197.93	0.8252	& Time Bonus: Slay Afflicted Monsters
197.93	0.8668	Reach District Boss before time expires •
197.93	0.9192	District Run
198.99	0.0658	Ziggurat District © | 5:24 AN
198.99	0.1160	FLOOR
198.99	0.1538	1/3
198.99	0.2741	76
198.99	0.4699	Normal
198.99	0.5430	Kurast Undercity
198.99	0.5919	III IV
198.99	0.6856	Reward Upgrades (0/4) •
198.99	0.7402	& Attunement: Ignite Beacons, Slay
198.99	0.7819	Monsters
198.99	0.8243	& Time Bonus: Slay Afflicted Monsters •
198.99	0.8676	Reach District Boss before time expires •
198.99	0.9192	District Run
200.05	0.0658	Ziggurat District © | 5:24 AN
200.05	0.1160	FLOOR
200.05	0.1538	1/3
200.05	0.2732	74
200.05	0.4691	Normal
200.05	0.5445	Kurast Undercity 1
200.05	0.5919	III IV
200.05	0.6856	Reward Upgrades (0/4) •
200.05	0.7411	& Attunement: Ignite Beacons, Slay
200.05	0.7819	Monsters
200.05	0.8247	"Time Bonus: Slay Afflicted Monsters •
200.05	0.8668	Reach District Boss before time expires •
200.05	0.9181	District Run fa
201.10	0.0667	Ziggurat District © | 5:24 AN
201.10	0.1160	FLOOR
201.10	0.1538	1/3
201.10	0.2732	73
201.10	0.4691	Normal
201.10	0.5435	Kurast Undercity 1
201.10	0.5919	IL III IV
201.10	0.6856	Reward Upgrades (0/4) •
201.10	0.7397	& Attunement: Ignite Beacons, Slay •
201.10	0.7819	Monsters
201.10	0.8239	& Time Bonus: Slay Afflicted Monsters •
201.10	0.8676	Reach District Boss before time expires •
201.10	0.9181	District Run fa
202.17	0.0658	Ziggurat District © | 5:24 AN
202.17	0.1160	FLOOR
202.17	0.1538	1/3
202.17	0.2741	72
202.17	0.4699	Normal
202.17	0.5444	Kurast Undercity 1
202.17	0.5919	II III IV
202.17	0.6856	Reward Upgrades (0/4) •
202.17	0.7419	& Attunement: Ignite Beacons, Slay
202.17	0.7819	Monsters
202.17	0.8249	& Time Bonus: Slay Afflicted Monsters
202.17	0.8677	Reach District Boss before time expires
202.17	0.9192	District Run
203.24	0.0658	Ziggurat District © | 5:24 AN
203.24	0.1160	FLOOR
203.24	0.1538	1/3
203.24	0.2732	71
203.24	0.4699	Normal
203.24	0.5438	Kurast Undercity
203.24	0.5911	III IV
203.24	0.6856	Reward Upgrades (0/4) •
203.24	0.7404	& Attunement: Ignite Beacons, Slay •
203.24	0.7819	Monsters
203.24	0.8230	& Time Bonus: Slay Afflicted Monsters *
203.24	0.8668	Reach District Boss before time expires •
203.24	0.9192	District Run
208.92	0.0653	| 5:24 AN
208.92	0.0670	Ziggurat District
208.92	0.1168	FLOOR
208.92	0.1538	2/3
208.92	0.2732	101
208.92	0.4691	Normal
208.92	0.5438	Kurast Undercity
208.92	0.5919	IV
208.92	0.6856	Reward Upgrades (0/4) •
208.92	0.7440	Attunement: Ignite Beacons, Slay
208.92	0.7819	Monsters
208.92	0.8230	- Time Bonus: Slay Afflicted Monsters •
208.92	0.8667	Reach District Boss before time expires •
208.92	0.9192	District Run
209.99	0.0653	| 5:24 AN
209.99	0.0670	Ziggurat District
209.99	0.1160	FLOOR
209.99	0.1546	2/3
209.99	0.2723	101
209.99	0.4691	Normal
209.99	0.5438	Kurast Undercity
209.99	0.5911	IV
209.99	0.6856	Reward Upgrades (0/4) •
209.99	0.7441	& Attunement: Ignite Beacons, Slay
209.99	0.7819	Monsters
209.99	0.8209	• Time Bonus: Slay Afflicted Monsters
209.99	0.8668	Reach District Boss before time expires
209.99	0.9149	vary
209.99	0.9192	District Run -
211.16	0.0653	| 5:24 AN
211.16	0.0670	Ziggurat District G
211.16	0.1160	FLOOR
211.16	0.1546	2/3
211.16	0.2723	101
211.16	0.4691	Normal
211.16	0.5438	Kurast Undercity
211.16	0.5919	IV
211.16	0.6856	Reward Upgrades (0/4) •
211.16	0.7441	& Attunement: Ignite Beacons, Slay
211.16	0.7819	Monsters
211.16	0.8249	- Time Bonus: Slay Afflicted Monsters
211.16	0.8668	Reach District Boss before time expires
211.16	0.9180	District Run f
212.30	0.0653	| 5:24 AN
212.30	0.0670	Ziggurat District G
212.30	0.1160	FLOOR
212.30	0.1546	2/3
212.30	0.2723	101
212.30	0.4691	Normal
212.30	0.5438	Kurast Undercity
212.30	0.5919	IV
212.30	0.6856	Reward Upgrades (0/4) •
212.30	0.7434	& Attunement: Ignite Beacons, Slay
212.30	0.7819	Monsters
212.30	0.8249	- Time Bonus: Slay Afflicted Monsters
212.30	0.8668	Reach District Boss before time expires
212.30	0.9192	District Run
213.34	0.0653	| 5:24 AN
213.34	0.0670	Ziggurat District
213.34	0.1160	FLOOR
213.34	0.1538	2/3
213.34	0.2723	101
213.34	0.4691	Normal
213.34	0.5438	Kurast Undercity
213.34	0.5911	IV
213.34	0.6856	Reward Upgrades (0/4)
213.34	0.7440	• Attunement: Ignite Beacons, Slay
213.34	0.7819	Monsters
213.34	0.8209	• Time Bonus: Slay Afflicted Monster's
213.34	0.8648	Reach District Boss before time expires
213.34	0.9192	District Run
214.38	0.0653	| 5:24 AN
214.38	0.0670	Ziggurat District G
214.38	0.1168	FLOOR
214.38	0.1538	2/3
214.38	0.2723	101
214.38	0.4691	Normal
214.38	0.5438	Kurast Undercity
214.38	0.5919	IV
214.38	0.6856	Reward Upgrades (0/4)
214.38	0.7448	Attunement: Ignite Beacons, Slay
214.38	0.7819	Monsters
214.38	0.8247	Time Bonus: Slay Afflicted Monsters
214.38	0.8668	Reach District Boss before time expires
214.38	0.9192	District Run
215.44	0.0653	| 5:24 AM
215.44	0.0670	Ziggurat District ©
215.44	0.1168	FLOOR
215.44	0.1538	2/3
215.44	0.2723	101
215.44	0.4691	Normal
215.44	0.5438	Kurast Undercity
215.44	0.5919	IV
215.44	0.6856	Reward Upgrades (0/4)
215.44	0.7440	Attunement: Ignite Beacons, Slay
215.44	0.7819	Monsters
215.44	0.8263	WE Time Bonus: Slay Afflicted Monsters
215.44	0.8668	Reach District Boss before time expires
215.44	0.9192	District Run
216.56	0.0644	| 5:24 AM
216.56	0.0670	Ziggurat District
216.56	0.1168	FLOOR
216.56	0.1538	2/3
216.56	0.2723	101
216.56	0.4691	Normal
216.56	0.5438	Kurast Undercity
216.56	0.5919	III IV
216.56	0.6856	Reward Upgrades (0/4)
216.56	0.7440	Attunement: Ignite Beacons, Slay
216.56	0.7819	Monsters
216.56	0.8263	Time Bonus: Slay Afflicted Monsters
216.56	0.8667	Reach District Boss before time expires •
216.56	0.9192	District Run
217.67	0.0653	| 5:24 AN
217.67	0.0670	Ziggurat District G
217.67	0.1168	FLOOR
217.67	0.1538	2/3
217.67	0.2728	101
217.67	0.4691	Normal
217.67	0.5433	Kurast Undercity
217.67	0.6856	Reward Upgrades (0/4)
217.67	0.7417	& Attunement: Ignite Beacons, Slay
217.67	0.7819	Monsters
217.67	0.8209	• Time Bonus: Slay Afflicted Monsters
217.67	0.8667	Reach District Boss before time expires •
217.67	0.9192	District Run
218.75	0.0653	| 5:24 AN
218.75	0.0670	Ziggurat District G
218.75	0.1168	FLOOR
218.75	0.1538	2/3
218.75	0.2723	100
218.75	0.4691	Normal
218.75	0.5438	Kurast Undercity
218.75	0.5911	IV
218.75	0.6856	Reward Upgrades (0/4) •
218.75	0.7419	& Attunement: Ignite Beacons, Slay
218.75	0.7819	Monsters
218.75	0.8209	• Time Bonus: Slay Afflicted Monsters
218.75	0.8677	Reach District Boss before time expires
218.75	0.9192	District Run
219.79	0.0644	| 5:24 AM
219.79	0.0670	Ziggurat District ©
219.79	0.1160	FLOOR
219.79	0.1538	2/3
219.79	0.2732	99
219.79	0.4699	Normal
219.79	0.5438	Kurast Undercity
219.79	0.5911	III IV
219.79	0.6856	Reward Upgrades (0/4) •
219.79	0.7419	& Attunement: Ignite Beacons, Slay
219.79	0.7819	Monsters
219.79	0.8237	Time Bonus: Slay Afflicted Monsters •
219.79	0.8667	Reach District Boss before time expires •
219.79	0.9192	District Run
220.88	0.0644	| 5:24 AN
220.88	0.0670	Ziggurat District G
220.88	0.1168	FLOOR
220.88	0.1546	2/3
220.88	0.2732	98
220.88	0.4691	Normal
220.88	0.5438	Kurast Undercity
220.88	0.5911	• IV
220.88	0.6856	Reward Upgrades (0/4)
220.88	0.7419	& Attunement: Ignite Beacons, Slay
220.88	0.7819	Monsters
220.88	0.8247	Time Bonus: Slay Afflicted Monsters
220.88	0.8667	Reach District Boss before time expires •
220.88	0.9192	District Run
221.96	0.0644	| 5:24 AN
221.96	0.0670	Ziggurat District G
221.96	0.1160	FLOOR
221.96	0.1538	2/3
221.96	0.2723	97
221.96	0.4691	Normal
221.96	0.5438	Kurast Undercity
221.96	0.5911	IV
221.96	0.6856	Reward Upgrades (0/4)
221.96	0.7419	& Attunement: Ignite Beacons, Slay
221.96	0.7819	Monsters
221.96	0.8245	& Time Bonus: Slay Afflicted Monsters
221.96	0.8667	Reach District Boss before time expires •
221.96	0.9192	District Run
222.99	0.0653	| 5:24 AN
222.99	0.0670	Ziggurat District G
222.99	0.1160	FLOOR
222.99	0.1538	2/3
222.99	0.2732	96
222.99	0.4691	Normal
222.99	0.5438	Kurast Undercity
222.99	0.5911	• IV
222.99	0.6856	Reward Upgrades (0/4)
222.99	0.7426	& Attunement: Ignite Beacons, Slay
222.99	0.7819	Monsters
222.99	0.8247	Time Bonus: Slay Afflicted Monsters
222.99	0.8667	Reach District Boss before time expires •
222.99	0.9192	District Run
224.06	0.0644	| 5:24 AN
224.06	0.0670	Ziggurat District G
224.06	0.1168	FLOOR
224.06	0.1538	2/3
224.06	0.2732	94
224.06	0.4699	Normal
224.06	0.5438	Kurast Undercity
224.06	0.5919	IV
224.06	0.6856	Reward Upgrades (0/4)
224.06	0.7419	& Attunement: Ignite Beacons, Slay
224.06	0.7819	Monsters
224.06	0.8247	Time Bonus: Slay Afflicted Monsters
224.06	0.8667	Reach District Boss before time expires •
224.06	0.9192	District Run
225.14	0.0653	| 5:24 AN
225.14	0.0670	Ziggurat District
225.14	0.1168	FLOOR
225.14	0.1538	2/3
225.14	0.2732	93
225.14	0.4691	Normal
225.14	0.5438	Kurast Undercity
225.14	0.5911	IV
225.14	0.6856	Reward Upgrades (0/4) •
225.14	0.7426	& Attunement: Ignite Beacons, Slay
225.14	0.7819	Monsters
225.14	0.8263	Time Bonus: Slay Afflicted Monsters
225.14	0.8676	Reach District Boss before time expires •
225.14	0.9192	District Run
226.27	0.0644	| 5:24 AN
226.27	0.0670	Ziggurat District
226.27	0.1160	FLOOR
226.27	0.1538	2/3
226.27	0.2131	Zeals
226.27	0.2741	92
226.27	0.4691	Normal
226.27	0.5438	Kurast Undercity
226.27	0.5911	IV
226.27	0.6856	Reward Upgrades (0/4) •
226.27	0.7448	Attunement: Ignite Beacons, Slay
226.27	0.7819	Monsters
226.27	0.8247	Time Bonus: Slay Afflicted Monsters
226.27	0.8667	Reach District Boss before time expires •
226.27	0.9192	District Run
227.45	0.0653	| 5:24 AN
227.45	0.0670	Ziggurat District G
227.45	0.1160	FLOOR
227.45	0.1538	2/3
227.45	0.2732	91
227.45	0.4699	Normal
227.45	0.5438	Kurast Undercity
227.45	0.5911	IV
227.45	0.6856	Reward Upgrades (0/4) •
227.45	0.7419	& Attunement: Ignite Beacons, Slay
227.45	0.7809	Monsters
227.45	0.8247	Time Bonus: Slay Afflicted Monsters
227.45	0.8660	Reach District Boss before time expires •
227.45	0.9192	District Run
228.54	0.0644	| 5:24 AN
228.54	0.0670	Ziggurat District G
228.54	0.1168	FLOOR
228.54	0.1538	2/3
228.54	0.2732	90
228.54	0.4699	Normal
228.54	0.5439	Kurast Undercity
228.54	0.5919	IV
228.54	0.6856	Reward Upgrades (0/4) •
228.54	0.7400	& Attunement: Ignite Beacons, Slay
228.54	0.7819	Monsters
228.54	0.8237	Time Bonus: Slay Afflicted Monsters •
228.54	0.8667	Reach District Boss before time expires •
228.54	0.9192	District Run
229.58	0.0653	| 5:24 AN
229.58	0.0662	Ziggurat District G
229.58	0.1160	FLOOR
229.58	0.1538	2/3
229.58	0.2732	89
229.58	0.4691	Normal
229.58	0.5430	Kurast Undercity
229.58	0.5911	• IV
229.58	0.6856	Reward Upgrades (0/4) •
229.58	0.7411	& Attunement: Ignite Beacons, Slay
229.58	0.7819	Monsters
229.58	0.8247	Time Bonus: Slay Afflicted Monsters
229.58	0.8676	Reach District Boss before time expires •
229.58	0.9192	District Run
230.65	0.0644	| 5:24 AN
230.65	0.0662	Ziggurat District
230.65	0.1160	FLOOR
230.65	0.1538	2/3
230.65	0.2732	88
230.65	0.4691	Normal
230.65	0.5438	Kurast Undercity
230.65	0.5911	III IV
230.65	0.6856	Reward Upgrades (0/4) •
230.65	0.7399	& Attunement: Ignite Beacons, Slay
230.65	0.7819	Monsters
230.65	0.8209	• Time Bonus: Slay Afflicted Monsters
230.65	0.8675	Reach District Boss before time expires •
230.65	0.9192	District Run
231.73	0.0644	| 5:24 AN
231.73	0.0662	Ziggurat District G
231.73	0.1168	FLOOR
231.73	0.1538	2/3
231.73	0.2723	87
231.73	0.4699	Normal
231.73	0.5452	Kurast Undercity 1
231.73	0.5911	IV
231.73	0.6856	Reward Upgrades (0/4)
231.73	0.7426	& Attunement: Ignite Beacons, Slay
231.73	0.7819	Monsters
231.73	0.8247	Time Bonus: Slay Afflicted Monsters
231.73	0.8668	Reach District Boss before time expires •
231.73	0.9192	District Run
232.86	0.0653	| 5:24 AM
232.86	0.0670	Ziggurat District G
232.86	0.1168	FLOOR
232.86	0.1538	2/3
232.86	0.2732	86
232.86	0.4699	Normal
232.86	0.5439	Kurast Undercity
232.86	0.5911	• IV
232.86	0.6856	Reward Upgrades (0/4)
232.86	0.7418	& Attunement: Ignite Beacons, Slay
232.86	0.7819	Monsters
232.86	0.8247	& Time Bonus: Slay Afflicted Monsters
232.86	0.8686	Reach District Boss before time expires
232.86	0.9192	District Run
233.96	0.0644	| 5:24 AN
233.96	0.0662	Ziggurat District
233.96	0.1168	FLOOR
233.96	0.1538	2/3
233.96	0.2723	85
233.96	0.4691	Normal
233.96	0.5438	Kurast Undercity
233.96	0.5919	IV
233.96	0.6856	Reward Upgrades (0/4) •
233.96	0.7419	& Attunement: Ignite Beacons, Slay
233.96	0.7819	Monsters
233.96	0.8263	- Time Bonus: Slay Afflicted Monsters
233.96	0.8677	Reach District Boss before time expires •
233.96	0.9192	District Run
235.05	0.0644	| 5:24 AN
235.05	0.0670	Ziggurat District G
235.05	0.1168	FLOOR
235.05	0.1538	2/3
235.05	0.2732	83
235.05	0.4691	Normal
235.05	0.5438	Kurast Undercity
235.05	0.5911	III IV
235.05	0.6856	Reward Upgrades (0/4) •
235.05	0.7426	& Attunement: Ignite Beacons, Slay
235.05	0.7819	Monsters
235.05	0.8263	Time Bonus: Slay Afflicted Monsters
235.05	0.8668	Reach District Boss before time expires •
235.05	0.9192	District Run
236.12	0.0644	| 5:24 AN
236.12	0.0662	Ziggurat District
236.12	0.1168	FLOOR
236.12	0.1538	2/3
236.12	0.2741	82
236.12	0.4691	Normal
236.12	0.5438	Kurast Undercity
236.12	0.5911	III IV
236.12	0.6856	Reward Upgrades (0/4) •
236.12	0.7419	& Attunement: Ignite Beacons, Slay
236.12	0.7809	Monsters
236.12	0.8263	- Time Bonus: Slay Afflicted Monsters
236.12	0.8668	Reach District Boss before time expires *
236.12	0.9192	District Run
237.19	0.0644	| 5:24 AN
237.19	0.0662	Ziggurat District G
237.19	0.1168	FLOOR
237.19	0.1529	2/3
237.19	0.2732	81
237.19	0.4699	Normal
237.19	0.5438	Kurast Undercity
237.19	0.5911	III IV
237.19	0.6856	Reward Upgrades (0/4) •
237.19	0.7418	& Attunement: Ignite Beacons, Slay
237.19	0.7809	Monsters
237.19	0.8263	- Time Bonus: Slay Afflicted Monsters
237.19	0.8675	Reach District Boss before time expires •
237.19	0.9192	District Run
238.29	0.0644	| 5:24 AN
238.29	0.0662	Ziggurat District G
238.29	0.1168	FLOOR
238.29	0.1538	2/3
238.29	0.2732	80
238.29	0.4699	Normal
238.29	0.5438	Kurast Undercity
238.29	0.5911	IV
238.29	0.6856	Reward Upgrades (0/4) •
238.29	0.7419	& Attunement: Ignite Beacons, Slay
238.29	0.7819	Monsters
238.29	0.8209	• Time Bonus: Slay Afflicted Monsters
238.29	0.8667	Reach District Boss before time expires •
238.29	0.9192	District Run
239.33	0.0653	| 5:25 AN
239.33	0.0670	Ziggurat District ©
239.33	0.1168	FLOOR
239.33	0.1538	2/3
239.33	0.2741	79
239.33	0.4691	Normal
239.33	0.5438	Kurast Undercity
239.33	0.5911	IV
239.33	0.6856	Reward Upgrades (0/4) •
239.33	0.7426	& Attunement: Ignite Beacons, Slay
239.33	0.7819	Monsters
239.33	0.8263	- Time Bonus: Slay Afflicted Monsters
239.33	0.8667	Reach District Boss before time expires •
239.33	0.9192	District Run
240.40	0.0653	5:25 AN
240.40	0.0670	Ziggurat District
240.40	0.1168	FLOOR
240.40	0.1538	2/3
240.40	0.2732	78
240.40	0.3763	İz
240.40	0.4691	Normal
240.40	0.5438	Kurast Undercity
240.40	0.5911	IV
240.40	0.6856	Reward Upgrades (0/4) •
240.40	0.7418	& Attunement: Ignite Beacons, Slay
240.40	0.7819	Monsters
240.40	0.8263	- Time Bonus: Slay Afflicted Monsters
240.40	0.8668	Reach District Boss before time expires •
240.40	0.9192	District Run
241.45	0.0653	| 5:25 AM
241.45	0.0662	Ziggurat District
241.45	0.1168	FLOOR
241.45	0.1538	2/3
241.45	0.2732	77
241.45	0.4691	Normal
241.45	0.5437	Kurast Undercity 1
241.45	0.5919	IV
241.45	0.6856	Reward Upgrades (0/4)
241.45	0.7426	& Attunement: Ignite Beacons, Slay
241.45	0.7819	Monsters
241.45	0.8209	• Time Bonus: Slay Afflicted Monsters
241.45	0.8667	Reach District Boss before time expires •
241.45	0.9192	District Run
242.55	0.0653	| 5:25 AM
242.55	0.0662	Ziggurat District
242.55	0.1168	FLOOR
242.55	0.1538	2/3
242.55	0.2732	76
242.55	0.4691	Normal
242.55	0.5438	Kurast Undercity
242.55	0.5911	IV
242.55	0.6856	Reward Upgrades (0/4) •
242.55	0.7426	& Attunement: Ignite Beacons, Slay
242.55	0.7819	Monsters
242.55	0.8256	Time Bonus: Slay Afflicted Monsters
242.55	0.8668	Reach District Boss before time expires •
242.55	0.9192	District Run
243.62	0.0653	| 5:25 AN
243.62	0.0662	Ziggurat District G
243.62	0.1168	FLOOR
243.62	0.1538	2/3
243.62	0.2741	75
243.62	0.4691	Normal
243.62	0.5438	Kurast Undercity
243.62	0.5919	IV
243.62	0.6856	Reward Upgrades (0/4) •
243.62	0.7440	Attunement: Ignite Beacons, Slay
243.62	0.7819	Monsters
243.62	0.8209	Time Bonus: Slay Afflicted Monsters
243.62	0.8667	Reach District Boss before time expires •
243.62	0.9192	District Run
244.71	0.0653	| 5:25 AN
244.71	0.0670	Ziggurat District ©
244.71	0.1160	FLOOR
244.71	0.1538	2/3
244.71	0.2732	74
244.71	0.4691	Normal
244.71	0.5438	Kurast Undercity
244.71	0.5919	IV
244.71	0.6856	Reward Upgrades (0/4) •
244.71	0.7418	& Attunement: Ignite Beacons, Slay
244.71	0.7819	Monsters
244.71	0.8247	Time Bonus: Slay Afflicted Monsters
244.71	0.8668	Reach District Boss before time expires
244.71	0.9192	District Run
245.78	0.0653	| 5:25 AM
245.78	0.0670	Ziggurat District ©
245.78	0.1160	FLOOR
245.78	0.1538	2/3
245.78	0.2741	73
245.78	0.4691	Normal
245.78	0.5438	Kurast Undercity
245.78	0.5911	• IV
245.78	0.6856	Reward Upgrades (0/4)
245.78	0.7410	& Attunement: Ignite Beacons, Slay
245.78	0.7819	Monsters
245.78	0.8242	Z Time Bonus: Slay Afflicted Monsters
245.78	0.8667	Reach District Boss before time expires •
245.78	0.9192	District Run
246.87	0.0653	| 5:25 AM
246.87	0.0670	Ziggurat District
246.87	0.1160	FLOOR
246.87	0.1538	2/3
246.87	0.2741	72
246.87	0.4691	Normal
246.87	0.5438	Kurast Undercity
246.87	0.5911	IV
246.87	0.6856	Reward Upgrades (0/4) •
246.87	0.7410	& Attunement: Ignite Beacons, Slay
246.87	0.7819	Monsters
246.87	0.8263	- Time Bonus: Slay Afflicted Monsters
246.87	0.8665	Reach District Boss before time expires •
246.87	0.9192	District Run
247.94	0.0653	| 5:25 AM
247.94	0.0670	Ziggurat District G
247.94	0.1160	FLOOR
247.94	0.1538	2/3
247.94	0.2741	71
247.94	0.4691	Normal
247.94	0.5438	Kurast Undercity
247.94	0.5919	• IV
247.94	0.6856	Reward Upgrades (0/4) •
247.94	0.7402	& Attunement: Ignite Beacons, Slay
247.94	0.7819	Monsters
247.94	0.8263	- Time Bonus: Slay Afflicted Monsters
247.94	0.8667	Reach District Boss before time expires •
247.94	0.9192	District Run
249.04	0.0653	| 5:25 AN
249.04	0.0670	Ziggurat District ©
249.04	0.1160	FLOOR
249.04	0.1538	2/3
249.04	0.2732	69
249.04	0.4691	Normal
249.04	0.5438	Kurast Undercity
249.04	0.5919	IV
249.04	0.6856	Reward Upgrades (0/4)
249.04	0.7410	& Attunement: Ignite Beacons, Slay
249.04	0.7819	Monsters
249.04	0.8245	& Time Bonus: Slay Afflicted Monsters
249.04	0.8667	Reach District Boss before time expires •
249.04	0.9192	District Run
250.10	0.0653	| 5:25 AN
250.10	0.0670	Ziggurat District G
250.10	0.1160	FLOOR
250.10	0.1538	2/3
250.10	0.2732	68
250.10	0.4691	Normal
250.10	0.5438	Kurast Undercity
250.10	0.5919	IV
250.10	0.6856	Reward Upgrades (0/4)
250.10	0.7417	& Attunement: Ignite Beacons, Slay
250.10	0.7819	Monsters
250.10	0.8256	Time Bonus: Slay Afflicted Monsters
250.10	0.8668	Reach District Boss before time expires
250.10	0.9192	District Run
251.18	0.0653	| 5:25 AN
251.18	0.0670	Ziggurat District ©
251.18	0.1160	FLOOR
251.18	0.1538	2/3
251.18	0.2723	67
251.18	0.4691	Normal
251.18	0.5438	Kurast Undercity
251.18	0.5919	IV
251.18	0.6856	Reward Upgrades (0/4)
251.18	0.7434	& Attunement: Ignite Beacons, Slay
251.18	0.7819	Monsters
251.18	0.8187	- Time Bonus: Slay Afflicted Monsters
251.18	0.8668	Reach District Boss before time expires
251.18	0.9192	District Run
252.30	0.0653	| 5:25 AN
252.30	0.0670	Ziggurat District G
252.30	0.1160	FLOOR
252.30	0.1538	2/3
252.30	0.2732	66
252.30	0.4691	Normal
252.30	0.5438	Kurast Undercity
252.30	0.5911	IV
252.30	0.6856	Reward Upgrades (0/4) •
252.30	0.7410	& Attunement: Ignite Beacons, Slay
252.30	0.7819	Monsters
252.30	0.8247	Time Bonus: Slay Afflicted Monsters
252.30	0.8667	Reach District Boss before time expires •
252.30	0.9192	District Run
253.41	0.0653	| 5:25 AN
253.41	0.0662	Ziggurat District
253.41	0.1160	FLOOR
253.41	0.1538	2/3
253.41	0.2732	65
253.41	0.4691	Normal
253.41	0.5438	Kurast Undercity
253.41	0.5919	IV
253.41	0.6856	Reward Upgrades (0/4)
253.41	0.7419	& Attunement: Ignite Beacons, Slay
253.41	0.7819	Monsters
253.41	0.8209	• Time Bonus: Slay Afflicted Monsters
253.41	0.8668	Reach District Boss before time expires
253.41	0.9192	District Run
254.46	0.0653	| 5:25 AN
254.46	0.0670	Ziggurat District ©
254.46	0.1160	FLOOR
254.46	0.1538	2/3
254.46	0.2741	64
254.46	0.4691	Normal
254.46	0.5438	Kurast Undercity
254.46	0.5911	IV
254.46	0.6856	Reward Upgrades (0/4) •
254.46	0.7410	& Attunement: Ignite Beacons, Slay
254.46	0.7809	Monsters
254.46	0.8187	- Time Bonus: Slay Afflicted Monsters
254.46	0.8677	Reach District Boss before time expires
254.46	0.9192	District Run
255.56	0.0653	| 5:25 AM
255.56	0.0670	Ziggurat District G
255.56	0.1160	FLOOR
255.56	0.1538	2/3
255.56	0.2741	63
255.56	0.4691	Normal
255.56	0.5438	Kurast Undercity
255.56	0.5919	IV
255.56	0.6856	Reward Upgrades (0/4) •
255.56	0.7410	& Attunement: Ignite Beacons, Slay
255.56	0.7819	Monsters
255.56	0.8247	Time Bonus: Slay Afflicted Monsters
255.56	0.8665	Reach District Boss before time expires •
255.56	0.9192	District Run
256.61	0.0653	| 5:25 AN
256.61	0.0662	Ziggurat District
256.61	0.1160	FLOOR
256.61	0.1538	2/3
256.61	0.2741	62
256.61	0.4699	Normal
256.61	0.5438	Kurast Undercity
256.61	0.5919	IV
256.61	0.6856	Reward Upgrades (0/4) •
256.61	0.7410	& Attunement: Ignite Beacons, Slay
256.61	0.7819	Monsters
256.61	0.8247	& Time Bonus: Slay Afflicted Monsters
256.61	0.8667	Reach District Boss before time expires •
256.61	0.9192	District Run
257.69	0.0653	| 5:25 AN
257.69	0.0670	Ziggurat District G
257.69	0.1160	FLOOR
257.69	0.1538	2/3
257.69	0.2732	61
257.69	0.4691	Normal
257.69	0.5438	Kurast Undercity
257.69	0.5919	IV
257.69	0.6856	Reward Upgrades (0/4) •
257.69	0.7401	& Attunement: Ignite Beacons, Slay
257.69	0.7819	Monsters
257.69	0.8263	- Time Bonus: Slay Afflicted Monsters
257.69	0.8660	Reach District Boss before time expires •
257.69	0.9192	District Run
258.80	0.0653	| 5:25 AN
258.80	0.0670	Ziggurat District
258.80	0.1160	FLOOR
258.80	0.1538	2/3
258.80	0.2741	60
258.80	0.4691	Normal
258.80	0.5438	Kurast Undercity
258.80	0.5911	IV
258.80	0.6856	Reward Upgrades (0/4)
258.80	0.7410	& Attunement: Ignite Beacons, Slay
258.80	0.7809	Monsters
258.80	0.8209	• Time Bonus: Slay Afflicted Monsters
258.80	0.8686	Reach District Boss before time expires
258.80	0.9180	District Run fY
259.85	0.0653	| 5:25 AN
259.85	0.0668	Ziggurat District
259.85	0.1160	FLOOR
259.85	0.1538	2/3
259.85	0.2732	59
259.85	0.4691	Normal
259.85	0.5438	Kurast Undercity
259.85	0.5919	IV
259.85	0.6856	Reward Upgrades (0/4)
259.85	0.7417	& Attunement: Ignite Beacons, Slay
259.85	0.7814	Monsters
259.85	0.8250	• Time Bonus: Slay Afflicted Monsters
259.85	0.8686	Reach District Boss before time expires
259.85	0.9192	District Run
260.95	0.0653	| 5:25 AM
260.95	0.0670	Ziggurat District G
260.95	0.1160	FLOOR
260.95	0.1538	2/3
260.95	0.2732	58
260.95	0.4699	Normal
260.95	0.5438	Kurast Undercity
260.95	0.5911	• IV
260.95	0.6856	Reward Upgrades (0/4) •
260.95	0.7410	& Attunement: Ignite Beacons, Slay
260.95	0.7819	Monsters
260.95	0.8245	& Time Bonus: Slay Afflicted Monsters
260.95	0.8667	Reach District Boss before time expires •
260.95	0.9192	District Run
262.05	0.0653	| 5:25 AN
262.05	0.0670	Ziggurat District ©
262.05	0.1168	FLOOR
262.05	0.1538	2/3
262.05	0.2723	56
262.05	0.4691	Normal
262.05	0.5438	Kurast Undercity
262.05	0.5919	IV
262.05	0.6856	Reward Upgrades (0/4)
262.05	0.7440	• Attunement: Ignite Beacons, Slay
262.05	0.7819	Monsters
262.05	0.8247	Time Bonus: Slay Afflicted Monsters
262.05	0.8667	Reach District Boss before time expires •
262.05	0.9192	District Run
263.13	0.0653	| 5:25 AM
263.13	0.0667	Ziggurat District G
263.13	0.1160	FLOOR
263.13	0.1538	2/3
263.13	0.2723	55
263.13	0.4691	Normal
263.13	0.5438	Kurast Undercity
263.13	0.5919	IV
263.13	0.6856	Reward Upgrades (0/4)
263.13	0.7440	• Attunement: Ignite Beacons, Slay
263.13	0.7819	Monsters
263.13	0.8247	Time Bonus: Slay Afflicted Monsters
263.13	0.8668	Reach District Boss before time expires •
263.13	0.9192	District Run
264.22	0.0653	| 5:25 AN
264.22	0.0670	Ziggurat District G
264.22	0.1160	FLOOR
264.22	0.1538	2/3
264.22	0.2732	54
264.22	0.4691	Normal
264.22	0.5438	Kurast Undercity
264.22	0.5919	IV
264.22	0.6856	Reward Upgrades (0/4) •
264.22	0.7440	• Attunement: Ignite Beacons, Slay
264.22	0.7819	Monsters
264.22	0.8247	Time Bonus: Slay Afflicted Monsters
264.22	0.8667	Reach District Boss before time expires •
264.22	0.9192	District Run
265.29	0.0653	| 5:25 AN
265.29	0.0667	Ziggurat District G
265.29	0.1160	FLOOR
265.29	0.1538	2/3
265.29	0.2732	53
265.29	0.4691	Normal
265.29	0.5438	Kurast Undercity
265.29	0.5919	IV
265.29	0.6856	Reward Upgrades (0/4)
265.29	0.7440	Attunement: Ignite Beacons, Slay
265.29	0.7819	Monsters
265.29	0.8247	Time Bonus: Slay Afflicted Monsters
265.29	0.8674	Reach District Boss before time expires •
265.29	0.9192	District Run
266.36	0.0653	| 5:25 AM
266.36	0.0670	Ziggurat District
266.36	0.1160	FLOOR
266.36	0.1538	2/3
266.36	0.2741	52
266.36	0.4691	Normal
266.36	0.5438	Kurast Undercity
266.36	0.5919	IV
266.36	0.6856	Reward Upgrades (0/4) •
266.36	0.7442	& Attunement: Ignite Beacons, Slay
266.36	0.7819	Monsters
266.36	0.8263	Time Bonus: Slay Afflicted Monsters
266.36	0.8667	Reach District Boss before time expires •
266.36	0.9192	District Run
267.46	0.0653	| 5:25 AN
267.46	0.0662	Ziggurat District G
267.46	0.1160	FLOOR
267.46	0.1538	2/3
267.46	0.2732	51
267.46	0.4691	Normal
267.46	0.5438	Kurast Undercity
267.46	0.5911	IV
267.46	0.6856	Reward Upgrades (0/4) •
267.46	0.7419	& Attunement: Ignite Beacons, Slay
267.46	0.7819	Monsters
267.46	0.8263	Time Bonus: Slay Afflicted Monsters
267.46	0.8665	Reach District Boss before time expires •
267.46	0.9192	District Run
268.53	0.0653	| 5:25 AM
268.53	0.0670	Ziggurat District ©
268.53	0.1160	FLOOR
268.53	0.1538	2/3
268.53	0.2732	50
268.53	0.4691	Normal
268.53	0.5438	Kurast Undercity
268.53	0.5911	IV
268.53	0.6856	Reward Upgrades (0/4)
268.53	0.7410	& Attunement: Ignite Beacons, Slay
268.53	0.7819	Monsters
268.53	0.8262	- Time Bonus: Slay Afflicted Monsters
268.53	0.8668	Reach District Boss before time expires
268.53	0.9192	District Run
269.62	0.0653	| 5:25 AN
269.62	0.0670	Ziggurat District ©
269.62	0.1160	FLOOR
269.62	0.1538	2/3
269.62	0.2732	49
269.62	0.4691	Normal
269.62	0.5438	Kurast Undercity
269.62	0.5911	IV
269.62	0.6856	Reward Upgrades (0/4)
269.62	0.7410	& Attunement: Ignite Beacons, Slay
269.62	0.7819	Monsters
269.62	0.8253	& Time Bonus: Slay Afflicted Monsters
269.62	0.8668	Reach District Boss before time expires
269.62	0.9192	District Run
270.70	0.0653	| 5:25 AN
270.70	0.0662	Ziggurat District G
270.70	0.1160	FLOOR
270.70	0.1538	2/3
270.70	0.2732	48
270.70	0.4691	Normal
270.70	0.5438	Kurast Undercity
270.70	0.5919	IV
270.70	0.6856	Reward Upgrades (0/4) •
270.70	0.7419	& Attunement: Ignite Beacons, Slay
270.70	0.7809	Monsters
270.70	0.8209	• Time Bonus: Slay Afflicted Monsters
270.70	0.8668	Reach District Boss before time expires
270.70	0.9192	District Run
271.79	0.0653	| 5:25 AN
271.79	0.0662	Ziggurat District O
271.79	0.1168	FLOOR
271.79	0.1538	2/3
271.79	0.2723	47
271.79	0.4699	Normal
271.79	0.5437	Kurast Undercity
271.79	0.5919	IV
271.79	0.6856	Reward Upgrades (0/4)
271.79	0.7441	& Attunement: Ignite Beacons, Slay
271.79	0.7814	Monsters
271.79	0.8263	Time Bonus: Slay Afflicted Monsters
271.79	0.8677	Reach District Boss before time expires
271.79	0.9192	District Run
272.86	0.0653	| 5:25 AN
272.86	0.0662	Ziggurat District
272.86	0.1168	FLOOR
272.86	0.1538	2/3
272.86	0.2741	46
272.86	0.4691	Normal
272.86	0.5442	Kurast Undercity 1
272.86	0.5911	III IV
272.86	0.6856	Reward Upgrades (0/4)
272.86	0.7426	& Attunement: Ignite Beacons, Slay
272.86	0.7819	Monsters
272.86	0.8263	- Time Bonus: Slay Afflicted Monsters
272.86	0.8668	Reach District Boss before time expires
272.86	0.9192	District Run
273.90	0.0653	| 5:25 AN
273.90	0.0662	Ziggurat District
273.90	0.1168	FLOOR
273.90	0.1538	2/3
273.90	0.2732	45
273.90	0.4691	Normal
273.90	0.5438	Kurast Undercity
273.90	0.5919	IV
273.90	0.6856	Reward Upgrades (0/4)
273.90	0.7419	& Attunement: Ignite Beacons, Slay
273.90	0.7819	Monsters
273.90	0.8263	Time Bonus: Slay Afflicted Monsters
273.90	0.8668	Reach District Boss before time expires
273.90	0.9180	District Run f
274.96	0.0653	| 5:25 AN
274.96	0.0670	Ziggurat District ©
274.96	0.1168	FLOOR
274.96	0.1538	2/3
274.96	0.2732	44
274.96	0.4691	Normal
274.96	0.5438	Kurast Undercity
274.96	0.5919	IV
274.96	0.6856	Reward Upgrades (0/4) •
274.96	0.7419	& Attunement: Ignite Beacons, Slay
274.96	0.7819	Monsters
274.96	0.8247	Time Bonus: Slay Afflicted Monsters
274.96	0.8676	Reach District Boss before time expires •
274.96	0.9192	District Run
276.06	0.0653	| 5:25 AM
276.06	0.0663	Ziggurat District ©
276.06	0.1168	FLOOR
276.06	0.1538	2/3
276.06	0.2741	42
276.06	0.4699	Normal
276.06	0.5438	Kurast Undercity
276.06	0.5919	IV
276.06	0.6856	Reward Upgrades (0/4) •
276.06	0.7409	& Attunement: Ignite Beacons, Slay
276.06	0.7809	Monsters
276.06	0.8263	Time Bonus: Slay Afflicted Monsters
276.06	0.8667	Reach District Boss before time expires •
276.06	0.9180	District Run f
277.12	0.0653	| 5:25 AN
277.12	0.0662	Ziggurat District
277.12	0.1160	FLOOR
277.12	0.1538	2/3
277.12	0.2732	41
277.12	0.4691	Normal
277.12	0.5438	Kurast Undercity
277.12	0.5911	IV
277.12	0.6856	Reward Upgrades (0/4) •
277.12	0.7418	& Attunement: Ignite Beacons, Slay
277.12	0.7819	Monsters
277.12	0.8247	Time Bonus: Slay Afflicted Monsters
277.12	0.8676	Reach District Boss before time expires •
277.12	0.9192	District Run
278.22	0.0653	| 5:25 AN
278.22	0.0670	Ziggurat District ©
278.22	0.1160	FLOOR
278.22	0.1538	2/3
278.22	0.2732	40
278.22	0.4699	Normal
278.22	0.5438	Kurast Undercity
278.22	0.5919	IV
278.22	0.6856	Reward Upgrades (0/4) •
278.22	0.7418	& Attunement: Ignite Beacons, Slay
278.22	0.7809	Monsters
278.22	0.8209	• Time Bonus: Slay Afflicted Monsters
278.22	0.8667	Reach District Boss before time expires •
278.22	0.9192	District Run
279.27	0.0653	| 5:25 AN
279.27	0.0670	Ziggurat District
279.27	0.1168	FLOOR
279.27	0.1538	2/3
279.27	0.2732	39
279.27	0.4691	Normal
279.27	0.5438	Kurast Undercity
279.27	0.5919	IV
279.27	0.6856	Reward Upgrades (0/4)
279.27	0.7426	& Attunement: Ignite Beacons, Slay
279.27	0.7819	Monsters
279.27	0.8247	Time Bonus: Slay Afflicted Monsters
279.27	0.8677	Reach District Boss before time expires
279.27	0.9179	District Run fY
280.31	0.0653	| 5:25 AN
280.31	0.0670	Ziggurat District
280.31	0.1168	FLOOR
280.31	0.1538	2/3
280.31	0.2732	38
280.31	0.4691	Normal
280.31	0.5438	Kurast Undercity
280.31	0.5911	III IV
280.31	0.6856	Reward Upgrades (0/4)
280.31	0.7433	& Attunement: Ignite Beacons, Slay
280.31	0.7819	Monsters
280.31	0.8256	Time Bonus: Slay Afflicted Monsters
280.31	0.8667	Reach District Boss before time expires •
280.31	0.9192	District Run
281.40	0.0653	| 5:25 AN
281.40	0.0670	Ziggurat District G
281.40	0.1168	FLOOR
281.40	0.1538	2/3
281.40	0.2732	37
281.40	0.4691	Normal
281.40	0.5438	Kurast Undercity
281.40	0.5911	IV
281.40	0.6856	Reward Upgrades (0/4)
281.40	0.7425	& Attunement: Ignite Beacons, Slay
281.40	0.7819	Monsters
281.40	0.8263	Time Bonus: Slay Afflicted Monsters
281.40	0.8668	Reach District Boss before time expires
281.40	0.9192	District Run
282.52	0.0653	| 5:25 AN
282.52	0.0670	Ziggurat District
282.52	0.1168	FLOOR
282.52	0.1538	2/3
282.52	0.2741	36
282.52	0.4699	Normal
282.52	0.5438	Kurast Undercity
282.52	0.5911	^ IV
282.52	0.6856	Reward Upgrades (0/4) •
282.52	0.7440	• Attunement: Ignite Beacons, Slay
282.52	0.7819	Monsters
282.52	0.8247	Time Bonus: Slay Afflicted Monsters
282.52	0.8668	Reach District Boss before time expires
282.52	0.9192	District Run
283.63	0.0653	5:25 AN
283.63	0.0670	Ziggurat District
283.63	0.1168	FLOOR
283.63	0.1538	2/3
283.63	0.2732	35
283.63	0.4691	Normal
283.63	0.5438	Kurast Undercity
283.63	0.5911	IV
283.63	0.6856	Reward Upgrades (0/4) •
283.63	0.7434	& Attunement: Ignite Beacons, Slay
283.63	0.7819	Monsters
283.63	0.8263	- Time Bonus: Slay Afflicted Monsters
283.63	0.8667	Reach District Boss before time expires •
283.63	0.9192	District Run
284.75	0.0653	| 5:25 AM
284.75	0.0670	Ziggurat District
284.75	0.1168	FLOOR
284.75	0.1538	2/3
284.75	0.2732	34
284.75	0.4699	Normal
284.75	0.5438	Kurast Undercity
284.75	0.5911	IV
284.75	0.6856	Reward Upgrades (0/4)
284.75	0.7418	& Attunement: Ignite Beacons, Slay
284.75	0.7819	Monsters
284.75	0.8263	- Time Bonus: Slay Afflicted Monsters
284.75	0.8676	Reach District Boss before time expires •
284.75	0.9192	District Run
285.85	0.0653	| 5:25 AM
285.85	0.0670	Ziggurat District
285.85	0.1168	FLOOR
285.85	0.1538	2/3
285.85	0.2732	33
285.85	0.4691	Normal
285.85	0.5438	Kurast Undercity
285.85	0.5911	III IV
285.85	0.6856	Reward Upgrades (0/4) •
285.85	0.7434	& Attunement: Ignite Beacons, Slay
285.85	0.7819	Monsters
285.85	0.8247	Time Bonus: Slay Afflicted Monsters
285.85	0.8667	Reach District Boss before time expires •
285.85	0.9192	District Run
286.95	0.0653	5:25 AN
286.95	0.0662	Ziggurat District ®
286.95	0.1168	FLOOR
286.95	0.1538	2/3
286.95	0.2741	32
286.95	0.4699	Normal
286.95	0.5438	Kurast Undercity
286.95	0.5919	IV
286.95	0.6856	Reward Upgrades (0/4) •
286.95	0.7409	& Attunement: Ignite Beacons, Slay
286.95	0.7819	Monsters
286.95	0.8263	Time Bonus: Slay Afflicted Monsters
286.95	0.8668	Reach District Boss before time expires
286.95	0.9192	District Run
288.03	0.0653	| 5:25 AN
288.03	0.0662	Ziggurat District
288.03	0.1168	FLOOR
288.03	0.1538	2/3
288.03	0.2732	30
288.03	0.4699	Normal
288.03	0.5438	Kurast Undercity
288.03	0.5919	III IV
288.03	0.6856	Reward Upgrades (0/4) •
288.03	0.7419	& Attunement: Ignite Beacons, Slay
288.03	0.7819	Monsters
288.03	0.8263	Time Bonus: Slay Afflicted Monsters
288.03	0.8648	Reach District Boss before time expires
288.03	0.9192	District Run
289.06	0.0653	| 5:25 AN
289.06	0.0662	Ziggurat District
289.06	0.1168	FLOOR
289.06	0.1538	2/3
289.06	0.2741	29
289.06	0.4691	Normal
289.06	0.5438	Kurast Undercity
289.06	0.5911	IV
289.06	0.6856	Reward Upgrades (0/4) •
289.06	0.7425	& Attunement: Ignite Beacons, Slay
289.06	0.7814	Monsters
289.06	0.8252	- Time Bonus: Slay Afflicted Monsters
289.06	0.8660	Reach District Boss before time expires
289.06	0.9192	District Run
290.19	0.0653	| 5:25 AM
290.19	0.0662	Ziggurat District
290.19	0.1168	FLOOR
290.19	0.1538	2/3
290.19	0.2741	28
290.19	0.4699	Normal
290.19	0.5438	Kurast Undercity
290.19	0.5911	• IV
290.19	0.6856	Reward Upgrades (0/4)
290.19	0.7440	• Attunement: Ignite Beacons, Slay
290.19	0.7819	Monsters
290.19	0.8263	Time Bonus: Slay Afflicted Monsters
290.19	0.8667	Reach District Boss before time expires •
290.19	0.9192	District Run
291.27	0.0653	| 5:25 AM
291.27	0.0662	Ziggurat District
291.27	0.1168	FLOOR
291.27	0.1538	2/3
291.27	0.2741	27
291.27	0.4691	Normal
291.27	0.5438	Kurast Undercity
291.27	0.5919	• IV
291.27	0.6856	Reward Upgrades (0/4) •
291.27	0.7440	• Attunement: Ignite Beacons, Slay
291.27	0.7819	Monsters
291.27	0.8263	Time Bonus: Slay Afflicted Monsters
291.27	0.8667	Reach District Boss before time expires •
291.27	0.9192	District Run
292.30	0.0653	| 5:25 AN
292.30	0.0670	Ziggurat District
292.30	0.1168	FLOOR
292.30	0.1538	2/3
292.30	0.2741	26
292.30	0.4699	Normal
292.30	0.5438	Kurast Undercity
292.30	0.5919	• IV
292.30	0.6856	Reward Upgrades (0/4)
292.30	0.7432	& Attunement: Ignite Beacons, Slay
292.30	0.7819	Monsters
292.30	0.8263	Time Bonus: Slay Afflicted Monsters
292.30	0.8667	Reach District Boss before time expires •
292.30	0.9192	District Run
